stimulus_index,predicate,attitude,relationship,modifier,filled_sentence,log_prob,relative_probability
0,面白い,warning,friend,あまり,友人が動画投稿用に撮ったお笑い動画を大輔に見せてきます。大輔は力になりたいと思い、遠慮がちに指摘します。「中盤があまり面白くない気がするから、そこ短くしたらどう？」,-5.511886358261108,0.6349388957023621
0,面白い,warning,friend,いまいち,友人が動画投稿用に撮ったお笑い動画を大輔に見せてきます。大輔は力になりたいと思い、遠慮がちに指摘します。「中盤がいまいち面白くない気がするから、そこ短くしたらどう？」,-11.206220984458923,0.0021365550346672535
0,面白い,warning,friend,かなり,友人が動画投稿用に撮ったお笑い動画を大輔に見せてきます。大輔は力になりたいと思い、遠慮がちに指摘します。「中盤がかなり面白くない気がするから、そこ短くしたらどう？」,-11.042160034179688,0.002517472254112363
0,面白い,warning,friend,すごく,友人が動画投稿用に撮ったお笑い動画を大輔に見せてきます。大輔は力になりたいと思い、遠慮がちに指摘します。「中盤がすごく面白くない気がするから、そこ短くしたらどう？」,-9.396068572998047,0.013057293370366096
0,面白い,warning,friend,そこまで,友人が動画投稿用に撮ったお笑い動画を大輔に見せてきます。大輔は力になりたいと思い、遠慮がちに指摘します。「中盤がそこまで面白くない気がするから、そこ短くしたらどう？」,-9.04604721069336,0.018529575318098068
0,面白い,warning,friend,それほど,友人が動画投稿用に撮ったお笑い動画を大輔に見せてきます。大輔は力になりたいと思い、遠慮がちに指摘します。「中盤がそれほど面白くない気がするから、そこ短くしたらどう？」,-10.299930572509766,0.005288236774504185
0,面白い,warning,friend,そんなに,友人が動画投稿用に撮ったお笑い動画を大輔に見せてきます。大輔は力になりたいと思い、遠慮がちに指摘します。「中盤がそんなに面白くない気がするから、そこ短くしたらどう？」,-7.693481206893921,0.07166008651256561
0,面白い,warning,friend,たいして,友人が動画投稿用に撮ったお笑い動画を大輔に見せてきます。大輔は力になりたいと思い、遠慮がちに指摘します。「中盤がたいして面白くない気がするから、そこ短くしたらどう？」,-13.393272638320923,0.00023982230050023645
0,面白い,warning,friend,だいぶ,友人が動画投稿用に撮ったお笑い動画を大輔に見せてきます。大輔は力になりたいと思い、遠慮がちに指摘します。「中盤がだいぶ面白くない気がするから、そこ短くしたらどう？」,-12.95510848914273,0.00037169066490605474
0,面白い,warning,friend,ちっとも,友人が動画投稿用に撮ったお笑い動画を大輔に見せてきます。大輔は力になりたいと思い、遠慮がちに指摘します。「中盤がちっとも面白くない気がするから、そこ短くしたらどう？」,-17.654347747564316,3.383201146789361e-06
0,面白い,warning,friend,ちょっと,友人が動画投稿用に撮ったお笑い動画を大輔に見せてきます。大輔は力になりたいと思い、遠慮がちに指摘します。「中盤がちょっと面白くない気がするから、そこ短くしたらどう？」,-7.207595586776733,0.1164916381239891
0,面白い,warning,friend,とても,友人が動画投稿用に撮ったお笑い動画を大輔に見せてきます。大輔は力になりたいと思い、遠慮がちに指摘します。「中盤がとても面白くない気がするから、そこ短くしたらどう？」,-9.550155639648438,0.011192676611244678
0,面白い,warning,friend,なかなか,友人が動画投稿用に撮ったお笑い動画を大輔に見せてきます。大輔は力になりたいと思い、遠慮がちに指摘します。「中盤がなかなか面白くない気がするから、そこ短くしたらどう？」,-8.470149993896484,0.03295903280377388
0,面白い,warning,friend,（なし）,友人が動画投稿用に撮ったお笑い動画を大輔に見せてきます。大輔は力になりたいと思い、遠慮がちに指摘します。「中盤が（なし）面白くない気がするから、そこ短くしたらどう？」,-29.633288383483887,2.1229502530917266e-11
0,面白い,warning,friend,ひどく,友人が動画投稿用に撮ったお笑い動画を大輔に見せてきます。大輔は力になりたいと思い、遠慮がちに指摘します。「中盤がひどく面白くない気がするから、そこ短くしたらどう？」,-14.51039582490921,7.847457163734362e-05
0,面白い,warning,friend,まあまあ,友人が動画投稿用に撮ったお笑い動画を大輔に見せてきます。大輔は力になりたいと思い、遠慮がちに指摘します。「中盤がまあまあ面白くない気がするから、そこ短くしたらどう？」,-12.65994268655777,0.0004993104375898838
0,面白い,warning,friend,マジで,友人が動画投稿用に撮ったお笑い動画を大輔に見せてきます。大輔は力になりたいと思い、遠慮がちに指摘します。「中盤がマジで面白くない気がするから、そこ短くしたらどう？」,-14.633068084716797,6.941497122170404e-05
0,面白い,warning,friend,めっちゃ,友人が動画投稿用に撮ったお笑い動画を大輔に見せてきます。大輔は力になりたいと思い、遠慮がちに指摘します。「中盤がめっちゃ面白くない気がするから、そこ短くしたらどう？」,-12.872880831360817,0.0004035456804558635
0,面白い,warning,friend,やや,友人が動画投稿用に撮ったお笑い動画を大輔に見せてきます。大輔は力になりたいと思い、遠慮がちに指摘します。「中盤がやや面白くない気がするから、そこ短くしたらどう？」,-12.878862261772156,0.0004011391138192266
0,面白い,warning,friend,結構,友人が動画投稿用に撮ったお笑い動画を大輔に見せてきます。大輔は力になりたいと思い、遠慮がちに指摘します。「中盤が結構面白くない気がするから、そこ短くしたらどう？」,-11.590198516845703,0.0014553070068359375
0,面白い,warning,friend,若干,友人が動画投稿用に撮ったお笑い動画を大輔に見せてきます。大輔は力になりたいと思い、遠慮がちに指摘します。「中盤が若干面白くない気がするから、そこ短くしたらどう？」,-11.786674499511719,0.00119571085087955
0,面白い,warning,friend,少し,友人が動画投稿用に撮ったお笑い動画を大輔に見せてきます。大輔は力になりたいと思い、遠慮がちに指摘します。「中盤が少し面白くない気がするから、そこ短くしたらどう？」,-9.861507415771484,0.008198144845664501
0,面白い,warning,friend,少しも,友人が動画投稿用に撮ったお笑い動画を大輔に見せてきます。大輔は力になりたいと思い、遠慮がちに指摘します。「中盤が少しも面白くない気がするから、そこ短くしたらどう？」,-13.884888648986816,0.0001466841931687668
0,面白い,warning,friend,全然,友人が動画投稿用に撮ったお笑い動画を大輔に見せてきます。大輔は力になりたいと思い、遠慮がちに指摘します。「中盤が全然面白くない気がするから、そこ短くしたらどう？」,-7.859721899032593,0.060684800148010254
0,面白い,warning,friend,相当,友人が動画投稿用に撮ったお笑い動画を大輔に見せてきます。大輔は力になりたいと思い、遠慮がちに指摘します。「中盤が相当面白くない気がするから、そこ短くしたらどう？」,-11.053585052490234,0.0024888738989830017
0,面白い,warning,friend,超,友人が動画投稿用に撮ったお笑い動画を大輔に見せてきます。大輔は力になりたいと思い、遠慮がちに指摘します。「中盤が超面白くない気がするから、そこ短くしたらどう？」,-12.115333557128906,0.0008607783820480108
0,面白い,warning,friend,非常に,友人が動画投稿用に撮ったお笑い動画を大輔に見せてきます。大輔は力になりたいと思い、遠慮がちに指摘します。「中盤が非常に面白くない気がするから、そこ短くしたらどう？」,-11.520950317382812,0.0015596556477248669
0,面白い,warning,friend,微妙に,友人が動画投稿用に撮ったお笑い動画を大輔に見せてきます。大輔は力になりたいと思い、遠慮がちに指摘します。「中盤が微妙に面白くない気がするから、そこ短くしたらどう？」,-11.468094766139984,0.001644309377297759
0,面白い,warning,friend,普通に,友人が動画投稿用に撮ったお笑い動画を大輔に見せてきます。大輔は力になりたいと思い、遠慮がちに指摘します。「中盤が普通に面白くない気がするから、そこ短くしたらどう？」,-13.160636901855469,0.0003026368794962764
0,面白い,warning,friend,本当に,友人が動画投稿用に撮ったお笑い動画を大輔に見せてきます。大輔は力になりたいと思い、遠慮がちに指摘します。「中盤が本当に面白くない気がするから、そこ短くしたらどう？」,-10.292823791503906,0.005325952544808388
0,面白い,warning,friend,全く,友人が動画投稿用に撮ったお笑い動画を大輔に見せてきます。大輔は力になりたいと思い、遠慮がちに指摘します。「中盤が全く面白くない気がするから、そこ短くしたらどう？」,-10.297908782958984,0.0052989390678703785
1,面白い,non-committal,friend,あまり,大輔は友人とどのコメディ映画を見るか話しています。自分の意見を押し付けたくない大輔は、慎重に答えます。「それ、あまり面白くないみたいだけど、映像は綺麗らしいよ。」,-6.139605283737183,0.35568249225616455
1,面白い,non-committal,friend,いまいち,大輔は友人とどのコメディ映画を見るか話しています。自分の意見を押し付けたくない大輔は、慎重に答えます。「それ、いまいち面白くないみたいだけど、映像は綺麗らしいよ。」,-12.481805443763733,0.0006261522066779435
1,面白い,non-committal,friend,かなり,大輔は友人とどのコメディ映画を見るか話しています。自分の意見を押し付けたくない大輔は、慎重に答えます。「それ、かなり面白くないみたいだけど、映像は綺麗らしいよ。」,-9.863127708435059,0.00858929194509983
1,面白い,non-committal,friend,すごく,大輔は友人とどのコメディ映画を見るか話しています。自分の意見を押し付けたくない大輔は、慎重に答えます。「それ、すごく面白くないみたいだけど、映像は綺麗らしいよ。」,-8.736845970153809,0.026490813121199608
1,面白い,non-committal,friend,そこまで,大輔は友人とどのコメディ映画を見るか話しています。自分の意見を押し付けたくない大輔は、慎重に答えます。「それ、そこまで面白くないみたいだけど、映像は綺麗らしいよ。」,-9.13215160369873,0.017840879037976265
1,面白い,non-committal,friend,それほど,大輔は友人とどのコメディ映画を見るか話しています。自分の意見を押し付けたくない大輔は、慎重に答えます。「それ、それほど面白くないみたいだけど、映像は綺麗らしいよ。」,-9.826342582702637,0.0089111328125
1,面白い,non-committal,friend,そんなに,大輔は友人とどのコメディ映画を見るか話しています。自分の意見を押し付けたくない大輔は、慎重に答えます。「それ、そんなに面白くないみたいだけど、映像は綺麗らしいよ。」,-7.736246824264526,0.07205263525247574
1,面白い,non-committal,friend,たいして,大輔は友人とどのコメディ映画を見るか話しています。自分の意見を押し付けたくない大輔は、慎重に答えます。「それ、たいして面白くないみたいだけど、映像は綺麗らしいよ。」,-13.418514490127563,0.0002453989000059664
1,面白い,non-committal,friend,だいぶ,大輔は友人とどのコメディ映画を見るか話しています。自分の意見を押し付けたくない大輔は、慎重に答えます。「それ、だいぶ面白くないみたいだけど、映像は綺麗らしいよ。」,-12.871555755846202,0.00042404685518704355
1,面白い,non-committal,friend,ちっとも,大輔は友人とどのコメディ映画を見るか話しています。自分の意見を押し付けたくない大輔は、慎重に答えます。「それ、ちっとも面白くないみたいだけど、映像は綺麗らしいよ。」,-17.881438821554184,2.829103777912678e-06
1,面白い,non-committal,friend,ちょっと,大輔は友人とどのコメディ映画を見るか話しています。自分の意見を押し付けたくない大輔は、慎重に答えます。「それ、ちょっと面白くないみたいだけど、映像は綺麗らしいよ。」,-6.985724210739136,0.15261515974998474
1,面白い,non-committal,friend,とても,大輔は友人とどのコメディ映画を見るか話しています。自分の意見を押し付けたくない大輔は、慎重に答えます。「それ、とても面白くないみたいだけど、映像は綺麗らしいよ。」,-7.930071592330933,0.05935712531208992
1,面白い,non-committal,friend,なかなか,大輔は友人とどのコメディ映画を見るか話しています。自分の意見を押し付けたくない大輔は、慎重に答えます。「それ、なかなか面白くないみたいだけど、映像は綺麗らしいよ。」,-8.310938835144043,0.04055686667561531
1,面白い,non-committal,friend,（なし）,大輔は友人とどのコメディ映画を見るか話しています。自分の意見を押し付けたくない大輔は、慎重に答えます。「それ、（なし）面白くないみたいだけど、映像は綺麗らしいよ。」,-28.753427982330322,5.37036699832516e-11
1,面白い,non-committal,friend,ひどく,大輔は友人とどのコメディ映画を見るか話しています。自分の意見を押し付けたくない大輔は、慎重に答えます。「それ、ひどく面白くないみたいだけど、映像は綺麗らしいよ。」,-16.506374657154083,1.1190049917786382e-05
1,面白い,non-committal,friend,まあまあ,大輔は友人とどのコメディ映画を見るか話しています。自分の意見を押し付けたくない大輔は、慎重に答えます。「それ、まあまあ面白くないみたいだけど、映像は綺麗らしいよ。」,-12.337915420532227,0.0007230539340525866
1,面白い,non-committal,friend,マジで,大輔は友人とどのコメディ映画を見るか話しています。自分の意見を押し付けたくない大輔は、慎重に答えます。「それ、マジで面白くないみたいだけど、映像は綺麗らしいよ。」,-13.907073110342026,0.00015055466792546213
1,面白い,non-committal,friend,めっちゃ,大輔は友人とどのコメディ映画を見るか話しています。自分の意見を押し付けたくない大輔は、慎重に答えます。「それ、めっちゃ面白くないみたいだけど、映像は綺麗らしいよ。」,-13.714494954794645,0.00018252817972097546
1,面白い,non-committal,friend,やや,大輔は友人とどのコメディ映画を見るか話しています。自分の意見を押し付けたくない大輔は、慎重に答えます。「それ、やや面白くないみたいだけど、映像は綺麗らしいよ。」,-15.104528903961182,4.546172931441106e-05
1,面白い,non-committal,friend,結構,大輔は友人とどのコメディ映画を見るか話しています。自分の意見を押し付けたくない大輔は、慎重に答えます。「それ、結構面白くないみたいだけど、映像は綺麗らしいよ。」,-10.520792961120605,0.004449763800948858
1,面白い,non-committal,friend,若干,大輔は友人とどのコメディ映画を見るか話しています。自分の意見を押し付けたくない大輔は、慎重に答えます。「それ、若干面白くないみたいだけど、映像は綺麗らしいよ。」,-11.707369804382324,0.0013583546970039606
1,面白い,non-committal,friend,少し,大輔は友人とどのコメディ映画を見るか話しています。自分の意見を押し付けたくない大輔は、慎重に答えます。「それ、少し面白くないみたいだけど、映像は綺麗らしいよ。」,-9.974726676940918,0.007682287599891424
1,面白い,non-committal,friend,少しも,大輔は友人とどのコメディ映画を見るか話しています。自分の意見を押し付けたくない大輔は、慎重に答えます。「それ、少しも面白くないみたいだけど、映像は綺麗らしいよ。」,-12.903213262557983,0.0004108325520064682
1,面白い,non-committal,friend,全然,大輔は友人とどのコメディ映画を見るか話しています。自分の意見を押し付けたくない大輔は、慎重に答えます。「それ、全然面白くないみたいだけど、映像は綺麗らしいよ。」,-6.890825986862183,0.16780754923820496
1,面白い,non-committal,friend,相当,大輔は友人とどのコメディ映画を見るか話しています。自分の意見を押し付けたくない大輔は、慎重に答えます。「それ、相当面白くないみたいだけど、映像は綺麗らしいよ。」,-9.571917533874512,0.011492865160107613
1,面白い,non-committal,friend,超,大輔は友人とどのコメディ映画を見るか話しています。自分の意見を押し付けたくない大輔は、慎重に答えます。「それ、超面白くないみたいだけど、映像は綺麗らしいよ。」,-12.226996421813965,0.0008078713435679674
1,面白い,non-committal,friend,非常に,大輔は友人とどのコメディ映画を見るか話しています。自分の意見を押し付けたくない大輔は、慎重に答えます。「それ、非常に面白くないみたいだけど、映像は綺麗らしいよ。」,-10.547049522399902,0.004334448836743832
1,面白い,non-committal,friend,微妙に,大輔は友人とどのコメディ映画を見るか話しています。自分の意見を押し付けたくない大輔は、慎重に答えます。「それ、微妙に面白くないみたいだけど、映像は綺麗らしいよ。」,-13.151968017220497,0.0003203554661013186
1,面白い,non-committal,friend,普通に,大輔は友人とどのコメディ映画を見るか話しています。自分の意見を押し付けたくない大輔は、慎重に答えます。「それ、普通に面白くないみたいだけど、映像は綺麗らしいよ。」,-10.977755546569824,0.002817608416080475
1,面白い,non-committal,friend,本当に,大輔は友人とどのコメディ映画を見るか話しています。自分の意見を押し付けたくない大輔は、慎重に答えます。「それ、本当に面白くないみたいだけど、映像は綺麗らしいよ。」,-8.863627433776855,0.02333644963800907
1,面白い,non-committal,friend,全く,大輔は友人とどのコメディ映画を見るか話しています。自分の意見を押し付けたくない大輔は、慎重に答えます。「それ、全く面白くないみたいだけど、映像は綺麗らしいよ。」,-8.590228080749512,0.03067401610314846
2,面白い,acknowledge,friend,あまり,友人が絶対面白いと言い、大輔をマイナーなコメディ映画に誘います。大輔は半信半疑でついてきました。しかし、友人の言った通りに面白かったです。誘ってもらったことについて感謝します。「映画、あまり面白かった。誘ってくれてありがとう。」,-9.927606105804443,0.0018233658047392964
2,面白い,acknowledge,friend,いまいち,友人が絶対面白いと言い、大輔をマイナーなコメディ映画に誘います。大輔は半信半疑でついてきました。しかし、友人の言った通りに面白かったです。誘ってもらったことについて感謝します。「映画、いまいち面白かった。誘ってくれてありがとう。」,-14.490374088287354,1.9023460481548682e-05
2,面白い,acknowledge,friend,かなり,友人が絶対面白いと言い、大輔をマイナーなコメディ映画に誘います。大輔は半信半疑でついてきました。しかし、友人の言った通りに面白かったです。誘ってもらったことについて感謝します。「映画、かなり面白かった。誘ってくれてありがとう。」,-7.593686580657959,0.018814055249094963
2,面白い,acknowledge,friend,すごく,友人が絶対面白いと言い、大輔をマイナーなコメディ映画に誘います。大輔は半信半疑でついてきました。しかし、友人の言った通りに面白かったです。誘ってもらったことについて感謝します。「映画、すごく面白かった。誘ってくれてありがとう。」,-6.224271297454834,0.07399661839008331
2,面白い,acknowledge,friend,そこまで,友人が絶対面白いと言い、大輔をマイナーなコメディ映画に誘います。大輔は半信半疑でついてきました。しかし、友人の言った通りに面白かったです。誘ってもらったことについて感謝します。「映画、そこまで面白かった。誘ってくれてありがとう。」,-13.548280239105225,4.880173219135031e-05
2,面白い,acknowledge,friend,それほど,友人が絶対面白いと言い、大輔をマイナーなコメディ映画に誘います。大輔は半信半疑でついてきました。しかし、友人の言った通りに面白かったです。誘ってもらったことについて感謝します。「映画、それほど面白かった。誘ってくれてありがとう。」,-12.102540493011475,0.0002071628114208579
2,面白い,acknowledge,friend,そんなに,友人が絶対面白いと言い、大輔をマイナーなコメディ映画に誘います。大輔は半信半疑でついてきました。しかし、友人の言った通りに面白かったです。誘ってもらったことについて感謝します。「映画、そんなに面白かった。誘ってくれてありがとう。」,-11.41443395614624,0.00041224242886528373
2,面白い,acknowledge,friend,たいして,友人が絶対面白いと言い、大輔をマイナーなコメディ映画に誘います。大輔は半信半疑でついてきました。しかし、友人の言った通りに面白かったです。誘ってもらったことについて感謝します。「映画、たいして面白かった。誘ってくれてありがとう。」,-13.410757422447205,5.59965155844111e-05
2,面白い,acknowledge,friend,だいぶ,友人が絶対面白いと言い、大輔をマイナーなコメディ映画に誘います。大輔は半信半疑でついてきました。しかし、友人の言った通りに面白かったです。誘ってもらったことについて感謝します。「映画、だいぶ面白かった。誘ってくれてありがとう。」,-9.593167706159875,0.0025475278962403536
2,面白い,acknowledge,friend,ちっとも,友人が絶対面白いと言い、大輔をマイナーなコメディ映画に誘います。大輔は半信半疑でついてきました。しかし、友人の言った通りに面白かったです。誘ってもらったことについて感謝します。「映画、ちっとも面白かった。誘ってくれてありがとう。」,-17.646284103393555,8.103917252810788e-07
2,面白い,acknowledge,friend,ちょっと,友人が絶対面白いと言い、大輔をマイナーなコメディ映画に誘います。大輔は半信半疑でついてきました。しかし、友人の言った通りに面白かったです。誘ってもらったことについて感謝します。「映画、ちょっと面白かった。誘ってくれてありがとう。」,-9.25022268295288,0.0035896962508559227
2,面白い,acknowledge,friend,とても,友人が絶対面白いと言い、大輔をマイナーなコメディ映画に誘います。大輔は半信半疑でついてきました。しかし、友人の言った通りに面白かったです。誘ってもらったことについて感謝します。「映画、とても面白かった。誘ってくれてありがとう。」,-4.822854399681091,0.30049654841423035
2,面白い,acknowledge,friend,なかなか,友人が絶対面白いと言い、大輔をマイナーなコメディ映画に誘います。大輔は半信半疑でついてきました。しかし、友人の言った通りに面白かったです。誘ってもらったことについて感謝します。「映画、なかなか面白かった。誘ってくれてありがとう。」,-9.913926601409912,0.001848480082117021
2,面白い,acknowledge,friend,（なし）,友人が絶対面白いと言い、大輔をマイナーなコメディ映画に誘います。大輔は半信半疑でついてきました。しかし、友人の言った通りに面白かったです。誘ってもらったことについて感謝します。「映画、（なし）面白かった。誘ってくれてありがとう。」,-27.08887767791748,6.424336757016036e-11
2,面白い,acknowledge,friend,ひどく,友人が絶対面白いと言い、大輔をマイナーなコメディ映画に誘います。大輔は半信半疑でついてきました。しかし、友人の言った通りに面白かったです。誘ってもらったことについて感謝します。「映画、ひどく面白かった。誘ってくれてありがとう。」,-14.524070233106613,1.839310243667569e-05
2,面白い,acknowledge,friend,まあまあ,友人が絶対面白いと言い、大輔をマイナーなコメディ映画に誘います。大輔は半信半疑でついてきました。しかし、友人の言った通りに面白かったです。誘ってもらったことについて感謝します。「映画、まあまあ面白かった。誘ってくれてありがとう。」,-11.011687755584717,0.0006166846724227071
2,面白い,acknowledge,friend,マジで,友人が絶対面白いと言い、大輔をマイナーなコメディ映画に誘います。大輔は半信半疑でついてきました。しかし、友人の言った通りに面白かったです。誘ってもらったことについて感謝します。「映画、マジで面白かった。誘ってくれてありがとう。」,-11.036835640668869,0.0006013700040057302
2,面白い,acknowledge,friend,めっちゃ,友人が絶対面白いと言い、大輔をマイナーなコメディ映画に誘います。大輔は半信半疑でついてきました。しかし、友人の言った通りに面白かったです。誘ってもらったことについて感謝します。「映画、めっちゃ面白かった。誘ってくれてありがとう。」,-12.646961580961943,0.00012019137648167089
2,面白い,acknowledge,friend,やや,友人が絶対面白いと言い、大輔をマイナーなコメディ映画に誘います。大輔は半信半疑でついてきました。しかし、友人の言った通りに面白かったです。誘ってもらったことについて感謝します。「映画、やや面白かった。誘ってくれてありがとう。」,-12.395583152770996,0.0001545414561405778
2,面白い,acknowledge,friend,結構,友人が絶対面白いと言い、大輔をマイナーなコメディ映画に誘います。大輔は半信半疑でついてきました。しかし、友人の言った通りに面白かったです。誘ってもらったことについて感謝します。「映画、結構面白かった。誘ってくれてありがとう。」,-10.1570143699646,0.001449582981877029
2,面白い,acknowledge,friend,若干,友人が絶対面白いと言い、大輔をマイナーなコメディ映画に誘います。大輔は半信半疑でついてきました。しかし、友人の言った通りに面白かったです。誘ってもらったことについて感謝します。「映画、若干面白かった。誘ってくれてありがとう。」,-14.661679744720459,1.6028467143769376e-05
2,面白い,acknowledge,friend,少し,友人が絶対面白いと言い、大輔をマイナーなコメディ映画に誘います。大輔は半信半疑でついてきました。しかし、友人の言った通りに面白かったです。誘ってもらったことについて感謝します。「映画、少し面白かった。誘ってくれてありがとう。」,-11.074635982513428,0.0005790620343759656
2,面白い,acknowledge,friend,少しも,友人が絶対面白いと言い、大輔をマイナーなコメディ映画に誘います。大輔は半信半疑でついてきました。しかし、友人の言った通りに面白かったです。誘ってもらったことについて感謝します。「映画、少しも面白かった。誘ってくれてありがとう。」,-14.526932954788208,1.8340519090997986e-05
2,面白い,acknowledge,friend,全然,友人が絶対面白いと言い、大輔をマイナーなコメディ映画に誘います。大輔は半信半疑でついてきました。しかし、友人の言った通りに面白かったです。誘ってもらったことについて感謝します。「映画、全然面白かった。誘ってくれてありがとう。」,-10.340528011322021,0.0012065466726198792
2,面白い,acknowledge,friend,相当,友人が絶対面白いと言い、大輔をマイナーなコメディ映画に誘います。大輔は半信半疑でついてきました。しかし、友人の言った通りに面白かったです。誘ってもらったことについて感謝します。「映画、相当面白かった。誘ってくれてありがとう。」,-7.968785762786865,0.012929415330290794
2,面白い,acknowledge,friend,超,友人が絶対面白いと言い、大輔をマイナーなコメディ映画に誘います。大輔は半信半疑でついてきました。しかし、友人の言った通りに面白かったです。誘ってもらったことについて感謝します。「映画、超面白かった。誘ってくれてありがとう。」,-8.682675838470459,0.006331989075988531
2,面白い,acknowledge,friend,非常に,友人が絶対面白いと言い、大輔をマイナーなコメディ映画に誘います。大輔は半信半疑でついてきました。しかし、友人の言った通りに面白かったです。誘ってもらったことについて感謝します。「映画、非常に面白かった。誘ってくれてありがとう。」,-6.552796840667725,0.0532764233648777
2,面白い,acknowledge,friend,微妙に,友人が絶対面白いと言い、大輔をマイナーなコメディ映画に誘います。大輔は半信半疑でついてきました。しかし、友人の言った通りに面白かったです。誘ってもらったことについて感謝します。「映画、微妙に面白かった。誘ってくれてありがとう。」,-13.270420864224434,6.443291204050183e-05
2,面白い,acknowledge,friend,普通に,友人が絶対面白いと言い、大輔をマイナーなコメディ映画に誘います。大輔は半信半疑でついてきました。しかし、友人の言った通りに面白かったです。誘ってもらったことについて感謝します。「映画、普通に面白かった。誘ってくれてありがとう。」,-10.54728078842163,0.0009811887284740806
2,面白い,acknowledge,friend,本当に,友人が絶対面白いと言い、大輔をマイナーなコメディ映画に誘います。大輔は半信半疑でついてきました。しかし、友人の言った通りに面白かったです。誘ってもらったことについて感謝します。「映画、本当に面白かった。誘ってくれてありがとう。」,-4.280637145042419,0.516798734664917
2,面白い,acknowledge,friend,全く,友人が絶対面白いと言い、大輔をマイナーなコメディ映画に誘います。大輔は半信半疑でついてきました。しかし、友人の言った通りに面白かったです。誘ってもらったことについて感謝します。「映画、全く面白かった。誘ってくれてありがとう。」,-10.55185079574585,0.0009767148876562715
3,面白い,neutral-positive,friend,あまり,上映後、大輔はまだその映画を見ていない友人に、どれくらい面白かったか聞かれ、答えます。「映画、あまり面白かったよ。」,-8.214243173599243,0.0016385432099923491
3,面白い,neutral-positive,friend,いまいち,上映後、大輔はまだその映画を見ていない友人に、どれくらい面白かったか聞かれ、答えます。「映画、いまいち面白かったよ。」,-11.524048686027527,5.9844944189535454e-05
3,面白い,neutral-positive,friend,かなり,上映後、大輔はまだその映画を見ていない友人に、どれくらい面白かったか聞かれ、答えます。「映画、かなり面白かったよ。」,-4.539968490600586,0.06459145247936249
3,面白い,neutral-positive,friend,すごく,上映後、大輔はまだその映画を見ていない友人に、どれくらい面白かったか聞かれ、答えます。「映画、すごく面白かったよ。」,-3.213777542114258,0.2432945817708969
3,面白い,neutral-positive,friend,そこまで,上映後、大輔はまだその映画を見ていない友人に、どれくらい面白かったか聞かれ、答えます。「映画、そこまで面白かったよ。」,-10.916078805923462,0.00010991717863362283
3,面白い,neutral-positive,friend,それほど,上映後、大輔はまだその映画を見ていない友人に、どれくらい面白かったか聞かれ、答えます。「映画、それほど面白かったよ。」,-9.494863748550415,0.0004552935133688152
3,面白い,neutral-positive,friend,そんなに,上映後、大輔はまだその映画を見ていない友人に、どれくらい面白かったか聞かれ、答えます。「映画、そんなに面白かったよ。」,-8.394739389419556,0.0013679474359378219
3,面白い,neutral-positive,friend,たいして,上映後、大輔はまだその映画を見ていない友人に、どれくらい面白かったか聞かれ、答えます。「映画、たいして面白かったよ。」,-9.80927324295044,0.00033246446400880814
3,面白い,neutral-positive,friend,だいぶ,上映後、大輔はまだその映画を見ていない友人に、どれくらい面白かったか聞かれ、答えます。「映画、だいぶ面白かったよ。」,-7.319258704374079,0.0040100025944411755
3,面白い,neutral-positive,friend,ちっとも,上映後、大輔はまだその映画を見ていない友人に、どれくらい面白かったか聞かれ、答えます。「映画、ちっとも面白かったよ。」,-15.194652199745178,1.5237177422022796e-06
3,面白い,neutral-positive,friend,ちょっと,上映後、大輔はまだその映画を見ていない友人に、どれくらい面白かったか聞かれ、答えます。「映画、ちょっと面白かったよ。」,-6.147211313247681,0.01294668111950159
3,面白い,neutral-positive,friend,とても,上映後、大輔はまだその映画を見ていない友人に、どれくらい面白かったか聞かれ、答えます。「映画、とても面白かったよ。」,-3.4594898223876953,0.19029217958450317
3,面白い,neutral-positive,friend,なかなか,上映後、大輔はまだその映画を見ていない友人に、どれくらい面白かったか聞かれ、答えます。「映画、なかなか面白かったよ。」,-6.936731576919556,0.005878603085875511
3,面白い,neutral-positive,friend,（なし）,上映後、大輔はまだその映画を見ていない友人に、どれくらい面白かったか聞かれ、答えます。「映画、（なし）面白かったよ。」,-29.40228843688965,1.0294533238017212e-12
3,面白い,neutral-positive,friend,ひどく,上映後、大輔はまだその映画を見ていない友人に、どれくらい面白かったか聞かれ、答えます。「映画、ひどく面白かったよ。」,-13.042060375213623,1.3114847206452396e-05
3,面白い,neutral-positive,friend,まあまあ,上映後、大輔はまだその映画を見ていない友人に、どれくらい面白かったか聞かれ、答えます。「映画、まあまあ面白かったよ。」,-7.049917161464691,0.005249502137303352
3,面白い,neutral-positive,friend,マジで,上映後、大輔はまだその映画を見ていない友人に、どれくらい面白かったか聞かれ、答えます。「映画、マジで面白かったよ。」,-9.82691290974617,0.0003266511776018888
3,面白い,neutral-positive,friend,めっちゃ,上映後、大輔はまだその映画を見ていない友人に、どれくらい面白かったか聞かれ、答えます。「映画、めっちゃ面白かったよ。」,-9.147286802530289,0.0006445287144742906
3,面白い,neutral-positive,friend,やや,上映後、大輔はまだその映画を見ていない友人に、どれくらい面白かったか聞かれ、答えます。「映画、やや面白かったよ。」,-9.928687453269958,0.00029504229314625263
3,面白い,neutral-positive,friend,結構,上映後、大輔はまだその映画を見ていない友人に、どれくらい面白かったか聞かれ、答えます。「映画、結構面白かったよ。」,-5.709562540054321,0.020055193454027176
3,面白い,neutral-positive,friend,若干,上映後、大輔はまだその映画を見ていない友人に、どれくらい面白かったか聞かれ、答えます。「映画、若干面白かったよ。」,-10.536985635757446,0.00016058451728895307
3,面白い,neutral-positive,friend,少し,上映後、大輔はまだその映画を見ていない友人に、どれくらい面白かったか聞かれ、答えます。「映画、少し面白かったよ。」,-8.38060212135315,0.0013874238356947899
3,面白い,neutral-positive,friend,少しも,上映後、大輔はまだその映画を見ていない友人に、どれくらい面白かったか聞かれ、答えます。「映画、少しも面白かったよ。」,-12.438160061836243,2.3990211047930643e-05
3,面白い,neutral-positive,friend,全然,上映後、大輔はまだその映画を見ていない友人に、どれくらい面白かったか聞かれ、答えます。「映画、全然面白かったよ。」,-6.638410806655884,0.007921970449388027
3,面白い,neutral-positive,friend,相当,上映後、大輔はまだその映画を見ていない友人に、どれくらい面白かったか聞かれ、答えます。「映画、相当面白かったよ。」,-4.996820449829102,0.04090408980846405
3,面白い,neutral-positive,friend,超,上映後、大輔はまだその映画を見ていない友人に、どれくらい面白かったか聞かれ、答えます。「映画、超面白かったよ。」,-6.721540689468384,0.0072900475934147835
3,面白い,neutral-positive,friend,非常に,上映後、大輔はまだその映画を見ていない友人に、どれくらい面白かったか聞かれ、答えます。「映画、非常に面白かったよ。」,-5.383108377456665,0.0277973972260952
3,面白い,neutral-positive,friend,微妙に,上映後、大輔はまだその映画を見ていない友人に、どれくらい面白かったか聞かれ、答えます。「映画、微妙に面白かったよ。」,-10.113258093595505,0.00024531607050448656
3,面白い,neutral-positive,friend,普通に,上映後、大輔はまだその映画を見ていない友人に、どれくらい面白かったか聞かれ、答えます。「映画、普通に面白かったよ。」,-6.85243821144104,0.006395614705979824
3,面白い,neutral-positive,friend,本当に,上映後、大輔はまだその映画を見ていない友人に、どれくらい面白かったか聞かれ、答えます。「映画、本当に面白かったよ。」,-2.834268569946289,0.3555912673473358
3,面白い,neutral-positive,friend,全く,上映後、大輔はまだその映画を見ていない友人に、どれくらい面白かったか聞かれ、答えます。「映画、全く面白かったよ。」,-9.037779092788696,0.0007191190379671752
4,面白い,neutral-negative,friend,あまり,上映後、大輔はまだその映画を見ていない友人に、どれくらい面白かったか聞かれ、答えます。「映画、あまり面白くなかったよ。」,-3.684096574783325,0.2579026520252228
4,面白い,neutral-negative,friend,いまいち,上映後、大輔はまだその映画を見ていない友人に、どれくらい面白かったか聞かれ、答えます。「映画、いまいち面白くなかったよ。」,-10.813072919845581,0.0002067190653178841
4,面白い,neutral-negative,friend,かなり,上映後、大輔はまだその映画を見ていない友人に、どれくらい面白かったか聞かれ、答えます。「映画、かなり面白くなかったよ。」,-7.4147868156433105,0.006183546502143145
4,面白い,neutral-negative,friend,すごく,上映後、大輔はまだその映画を見ていない友人に、どれくらい面白かったか聞かれ、答えます。「映画、すごく面白くなかったよ。」,-5.6500468254089355,0.03611224517226219
4,面白い,neutral-negative,friend,そこまで,上映後、大輔はまだその映画を見ていない友人に、どれくらい面白かったか聞かれ、答えます。「映画、そこまで面白くなかったよ。」,-7.3543620109558105,0.006568705663084984
4,面白い,neutral-negative,friend,それほど,上映後、大輔はまだその映画を見ていない友人に、どれくらい面白かったか聞かれ、答えます。「映画、それほど面白くなかったよ。」,-6.33186674118042,0.018261810764670372
4,面白い,neutral-negative,friend,そんなに,上映後、大輔はまだその映画を見ていない友人に、どれくらい面白かったか聞かれ、答えます。「映画、そんなに面白くなかったよ。」,-4.353434801101685,0.13205839693546295
4,面白い,neutral-negative,friend,たいして,上映後、大輔はまだその映画を見ていない友人に、どれくらい面白かったか聞かれ、答えます。「映画、たいして面白くなかったよ。」,-9.778892755508423,0.0005814594915136695
4,面白い,neutral-negative,friend,だいぶ,上映後、大輔はまだその映画を見ていない友人に、どれくらい面白かったか聞かれ、答えます。「映画、だいぶ面白くなかったよ。」,-9.377549521857873,0.0008686016662977636
4,面白い,neutral-negative,friend,ちっとも,上映後、大輔はまだその映画を見ていない友人に、どれくらい面白かったか聞かれ、答えます。「映画、ちっとも面白くなかったよ。」,-14.1016895622015,7.71174472902203e-06
4,面白い,neutral-negative,friend,ちょっと,上映後、大輔はまだその映画を見ていない友人に、どれくらい面白かったか聞かれ、答えます。「映画、ちょっと面白くなかったよ。」,-5.5450966358184814,0.04010826349258423
4,面白い,neutral-negative,friend,とても,上映後、大輔はまだその映画を見ていない友人に、どれくらい面白かったか聞かれ、答えます。「映画、とても面白くなかったよ。」,-4.805636644363403,0.08401895314455032
4,面白い,neutral-negative,friend,なかなか,上映後、大輔はまだその映画を見ていない友人に、どれくらい面白かったか聞かれ、答えます。「映画、なかなか面白くなかったよ。」,-6.2388224601745605,0.020042527467012405
4,面白い,neutral-negative,friend,（なし）,上映後、大輔はまだその映画を見ていない友人に、どれくらい面白かったか聞かれ、答えます。「映画、（なし）面白くなかったよ。」,-28.911861419677734,2.852180731177656e-12
4,面白い,neutral-negative,friend,ひどく,上映後、大輔はまだその映画を見ていない友人に、どれくらい面白かったか聞かれ、答えます。「映画、ひどく面白くなかったよ。」,-13.535211682319641,1.3588478395831771e-05
4,面白い,neutral-negative,friend,まあまあ,上映後、大輔はまだその映画を見ていない友人に、どれくらい面白かったか聞かれ、答えます。「映画、まあまあ面白くなかったよ。」,-9.465678453445435,0.0007953287567943335
4,面白い,neutral-negative,friend,マジで,上映後、大輔はまだその映画を見ていない友人に、どれくらい面白かったか聞かれ、答えます。「映画、マジで面白くなかったよ。」,-10.14632348716259,0.0004026672977488488
4,面白い,neutral-negative,friend,めっちゃ,上映後、大輔はまだその映画を見ていない友人に、どれくらい面白かったか聞かれ、答えます。「映画、めっちゃ面白くなかったよ。」,-9.261868618428707,0.0009751246543601155
4,面白い,neutral-negative,friend,やや,上映後、大輔はまだその映画を見ていない友人に、どれくらい面白かったか聞かれ、答えます。「映画、やや面白くなかったよ。」,-12.03549575805664,6.08820300840307e-05
4,面白い,neutral-negative,friend,結構,上映後、大輔はまだその映画を見ていない友人に、どれくらい面白かったか聞かれ、答えます。「映画、結構面白くなかったよ。」,-8.466582775115967,0.0021599719766527414
4,面白い,neutral-negative,friend,若干,上映後、大輔はまだその映画を見ていない友人に、どれくらい面白かったか聞かれ、答えます。「映画、若干面白くなかったよ。」,-10.569919109344482,0.00026362144853919744
4,面白い,neutral-negative,friend,少し,上映後、大輔はまだその映画を見ていない友人に、どれくらい面白かったか聞かれ、答えます。「映画、少し面白くなかったよ。」,-8.083186626434326,0.0031692388001829386
4,面白い,neutral-negative,friend,少しも,上映後、大輔はまだその映画を見ていない友人に、どれくらい面白かったか聞かれ、答えます。「映画、少しも面白くなかったよ。」,-9.639294505119324,0.0006685687112621963
4,面白い,neutral-negative,friend,全然,上映後、大輔はまだその映画を見ていない友人に、どれくらい面白かったか聞かれ、答えます。「映画、全然面白くなかったよ。」,-3.6851608753204346,0.25762829184532166
4,面白い,neutral-negative,friend,相当,上映後、大輔はまだその映画を見ていない友人に、どれくらい面白かったか聞かれ、答えます。「映画、相当面白くなかったよ。」,-6.6820597648620605,0.012866396456956863
4,面白い,neutral-negative,friend,超,上映後、大輔はまだその映画を見ていない友人に、どれくらい面白かったか聞かれ、答えます。「映画、超面白くなかったよ。」,-9.215739727020264,0.0010211591143161058
4,面白い,neutral-negative,friend,非常に,上映後、大輔はまだその映画を見ていない友人に、どれくらい面白かったか聞かれ、答えます。「映画、非常に面白くなかったよ。」,-7.552310466766357,0.005389045458287001
4,面白い,neutral-negative,friend,微妙に,上映後、大輔はまだその映画を見ていない友人に、どれくらい面白かったか聞かれ、答えます。「映画、微妙に面白くなかったよ。」,-10.683754045516253,0.00023525730648543686
4,面白い,neutral-negative,friend,普通に,上映後、大輔はまだその映画を見ていない友人に、どれくらい面白かったか聞かれ、答えます。「映画、普通に面白くなかったよ。」,-8.803077220916748,0.0015428029000759125
4,面白い,neutral-negative,friend,本当に,上映後、大輔はまだその映画を見ていない友人に、どれくらい面白かったか聞かれ、答えます。「映画、本当に面白くなかったよ。」,-4.7866127490997314,0.08563261479139328
4,面白い,neutral-negative,friend,全く,上映後、大輔はまだその映画を見ていない友人に、どれくらい面白かったか聞かれ、答えます。「映画、全く面白くなかったよ。」,-6.048102855682373,0.024253861978650093
5,面白い,annoyed,friend,あまり,友人が大輔の失敗談を何度もネタにして笑いを取ろうとします。やめてと頼んでも続けるので、苛立った大輔は言います。「その話、あまり面白くないんだけど。もうやめてよ。」,-4.592212438583374,0.26646706461906433
5,面白い,annoyed,friend,いまいち,友人が大輔の失敗談を何度もネタにして笑いを取ろうとします。やめてと頼んでも続けるので、苛立った大輔は言います。「その話、いまいち面白くないんだけど。もうやめてよ。」,-9.626520991325378,0.0017348869005218148
5,面白い,annoyed,friend,かなり,友人が大輔の失敗談を何度もネタにして笑いを取ろうとします。やめてと頼んでも続けるので、苛立った大輔は言います。「その話、かなり面白くないんだけど。もうやめてよ。」,-9.232829809188843,0.002571870107203722
5,面白い,annoyed,friend,すごく,友人が大輔の失敗談を何度もネタにして笑いを取ろうとします。やめてと頼んでも続けるので、苛立った大輔は言います。「その話、すごく面白くないんだけど。もうやめてよ。」,-6.8427770137786865,0.028069570660591125
5,面白い,annoyed,friend,そこまで,友人が大輔の失敗談を何度もネタにして笑いを取ろうとします。やめてと頼んでも続けるので、苛立った大輔は言います。「その話、そこまで面白くないんだけど。もうやめてよ。」,-8.107715368270874,0.00792282447218895
5,面白い,annoyed,friend,それほど,友人が大輔の失敗談を何度もネタにして笑いを取ろうとします。やめてと頼んでも続けるので、苛立った大輔は言います。「その話、それほど面白くないんだけど。もうやめてよ。」,-8.773231267929077,0.004072397015988827
5,面白い,annoyed,friend,そんなに,友人が大輔の失敗談を何度もネタにして笑いを取ろうとします。やめてと頼んでも続けるので、苛立った大輔は言います。「その話、そんなに面白くないんだけど。もうやめてよ。」,-5.6889989376068115,0.0889846682548523
5,面白い,annoyed,friend,たいして,友人が大輔の失敗談を何度もネタにして笑いを取ろうとします。やめてと頼んでも続けるので、苛立った大輔は言います。「その話、たいして面白くないんだけど。もうやめてよ。」,-11.252846717834473,0.0003411669167689979
5,面白い,annoyed,friend,だいぶ,友人が大輔の失敗談を何度もネタにして笑いを取ろうとします。やめてと頼んでも続けるので、苛立った大輔は言います。「その話、だいぶ面白くないんだけど。もうやめてよ。」,-10.059955255128443,0.0011246902868151665
5,面白い,annoyed,friend,ちっとも,友人が大輔の失敗談を何度もネタにして笑いを取ろうとします。やめてと頼んでも続けるので、苛立った大輔は言います。「その話、ちっとも面白くないんだけど。もうやめてよ。」,-15.39598847925663,5.415310170064913e-06
5,面白い,annoyed,friend,ちょっと,友人が大輔の失敗談を何度もネタにして笑いを取ろうとします。やめてと頼んでも続けるので、苛立った大輔は言います。「その話、ちょっと面白くないんだけど。もうやめてよ。」,-5.354331731796265,0.12435387820005417
5,面白い,annoyed,friend,とても,友人が大輔の失敗談を何度もネタにして笑いを取ろうとします。やめてと頼んでも続けるので、苛立った大輔は言います。「その話、とても面白くないんだけど。もうやめてよ。」,-5.650832891464233,0.09244650602340698
5,面白い,annoyed,friend,なかなか,友人が大輔の失敗談を何度もネタにして笑いを取ろうとします。やめてと頼んでも続けるので、苛立った大輔は言います。「その話、なかなか面白くないんだけど。もうやめてよ。」,-6.817695379257202,0.028782503679394722
5,面白い,annoyed,friend,（なし）,友人が大輔の失敗談を何度もネタにして笑いを取ろうとします。やめてと頼んでも続けるので、苛立った大輔は言います。「その話、（なし）面白くないんだけど。もうやめてよ。」,-28.686631679534912,9.153140918816138e-12
5,面白い,annoyed,friend,ひどく,友人が大輔の失敗談を何度もネタにして笑いを取ろうとします。やめてと頼んでも続けるので、苛立った大輔は言います。「その話、ひどく面白くないんだけど。もうやめてよ。」,-15.41943633556366,5.289808996167267e-06
5,面白い,annoyed,friend,まあまあ,友人が大輔の失敗談を何度もネタにして笑いを取ろうとします。やめてと頼んでも続けるので、苛立った大輔は言います。「その話、まあまあ面白くないんだけど。もうやめてよ。」,-10.71156907081604,0.00058619340416044
5,面白い,annoyed,friend,マジで,友人が大輔の失敗談を何度もネタにして笑いを取ろうとします。やめてと頼んでも続けるので、苛立った大輔は言います。「その話、マジで面白くないんだけど。もうやめてよ。」,-12.367322847247124,0.00011193246609764174
5,面白い,annoyed,friend,めっちゃ,友人が大輔の失敗談を何度もネタにして笑いを取ろうとします。やめてと頼んでも続けるので、苛立った大輔は言います。「その話、めっちゃ面白くないんだけど。もうやめてよ。」,-11.692783886566758,0.00021973764523863792
5,面白い,annoyed,friend,やや,友人が大輔の失敗談を何度もネタにして笑いを取ろうとします。やめてと頼んでも続けるので、苛立った大輔は言います。「その話、やや面白くないんだけど。もうやめてよ。」,-14.173414468765259,1.8389950128039345e-05
5,面白い,annoyed,friend,結構,友人が大輔の失敗談を何度もネタにして笑いを取ろうとします。やめてと頼んでも続けるので、苛立った大輔は言います。「その話、結構面白くないんだけど。もうやめてよ。」,-9.712726354598999,0.001591595122590661
5,面白い,annoyed,friend,若干,友人が大輔の失敗談を何度もネタにして笑いを取ろうとします。やめてと頼んでも続けるので、苛立った大輔は言います。「その話、若干面白くないんだけど。もうやめてよ。」,-12.80067753791809,7.256925164256245e-05
5,面白い,annoyed,friend,少し,友人が大輔の失敗談を何度もネタにして笑いを取ろうとします。やめてと頼んでも続けるので、苛立った大輔は言います。「その話、少し面白くないんだけど。もうやめてよ。」,-8.907745122909546,0.003559848526492715
5,面白い,annoyed,friend,少しも,友人が大輔の失敗談を何度もネタにして笑いを取ろうとします。やめてと頼んでも続けるので、苛立った大輔は言います。「その話、少しも面白くないんだけど。もうやめてよ。」,-10.524805128574371,0.0007065638201311231
5,面白い,annoyed,friend,全然,友人が大輔の失敗談を何度もネタにして笑いを取ろうとします。やめてと頼んでも続けるので、苛立った大輔は言います。「その話、全然面白くないんだけど。もうやめてよ。」,-4.63479208946228,0.25535914301872253
5,面白い,annoyed,friend,相当,友人が大輔の失敗談を何度もネタにして笑いを取ろうとします。やめてと頼んでも続けるので、苛立った大輔は言います。「その話、相当面白くないんだけど。もうやめてよ。」,-9.109138250350952,0.0029104999266564846
5,面白い,annoyed,friend,超,友人が大輔の失敗談を何度もネタにして笑いを取ろうとします。やめてと頼んでも続けるので、苛立った大輔は言います。「その話、超面白くないんだけど。もうやめてよ。」,-11.4178307056427,0.00028927798848599195
5,面白い,annoyed,friend,非常に,友人が大輔の失敗談を何度もネタにして笑いを取ろうとします。やめてと頼んでも続けるので、苛立った大輔は言います。「その話、非常に面白くないんだけど。もうやめてよ。」,-8.66051459312439,0.0045582945458590984
5,面白い,annoyed,friend,微妙に,友人が大輔の失敗談を何度もネタにして笑いを取ろうとします。やめてと頼んでも続けるので、苛立った大輔は言います。「その話、微妙に面白くないんだけど。もうやめてよ。」,-12.286446034908295,0.0001213614086736925
5,面白い,annoyed,friend,普通に,友人が大輔の失敗談を何度もネタにして笑いを取ろうとします。やめてと頼んでも続けるので、苛立った大輔は言います。「その話、普通に面白くないんだけど。もうやめてよ。」,-10.286372423171997,0.0008968121255747974
5,面白い,annoyed,friend,本当に,友人が大輔の失敗談を何度もネタにして笑いを取ろうとします。やめてと頼んでも続けるので、苛立った大輔は言います。「その話、本当に面白くないんだけど。もうやめてよ。」,-6.31517767906189,0.04757395386695862
5,面白い,annoyed,friend,全く,友人が大輔の失敗談を何度もネタにして笑いを取ろうとします。やめてと頼んでも続けるので、苛立った大輔は言います。「その話、全く面白くないんだけど。もうやめてよ。」,-6.635310888290405,0.03454118221998215
6,面白い,encouraging,friend,あまり,友人の提案で観にきたお笑いライブが退屈でした。提案したことを申し訳ないと思っている友人を、大輔が励まします。「ライブ、あまり面白かったよ。みんなで一緒に行く機会ができただけでも嬉しいし。」,-11.50382137298584,0.0008306195959448814
6,面白い,encouraging,friend,いまいち,友人の提案で観にきたお笑いライブが退屈でした。提案したことを申し訳ないと思っている友人を、大輔が励まします。「ライブ、いまいち面白かったよ。みんなで一緒に行く機会ができただけでも嬉しいし。」,-15.15276312828064,2.1611584088532254e-05
6,面白い,encouraging,friend,かなり,友人の提案で観にきたお笑いライブが退屈でした。提案したことを申し訳ないと思っている友人を、大輔が励まします。「ライブ、かなり面白かったよ。みんなで一緒に行く機会ができただけでも嬉しいし。」,-8.394827365875244,0.018604641780257225
6,面白い,encouraging,friend,すごく,友人の提案で観にきたお笑いライブが退屈でした。提案したことを申し訳ないと思っている友人を、大輔が励まします。「ライブ、すごく面白かったよ。みんなで一緒に行く機会ができただけでも嬉しいし。」,-6.074808597564697,0.1893182396888733
6,面白い,encouraging,friend,そこまで,友人の提案で観にきたお笑いライブが退屈でした。提案したことを申し訳ないと思っている友人を、大輔が励まします。「ライブ、そこまで面白かったよ。みんなで一緒に行く機会ができただけでも嬉しいし。」,-14.503363609313965,4.1373066778760403e-05
6,面白い,encouraging,friend,それほど,友人の提案で観にきたお笑いライブが退屈でした。提案したことを申し訳ないと思っている友人を、大輔が励まします。「ライブ、それほど面白かったよ。みんなで一緒に行く機会ができただけでも嬉しいし。」,-13.862814903259277,7.850629481254146e-05
6,面白い,encouraging,friend,そんなに,友人の提案で観にきたお笑いライブが退屈でした。提案したことを申し訳ないと思っている友人を、大輔が励まします。「ライブ、そんなに面白かったよ。みんなで一緒に行く機会ができただけでも嬉しいし。」,-12.664423942565918,0.0002602309104986489
6,面白い,encouraging,friend,たいして,友人の提案で観にきたお笑いライブが退屈でした。提案したことを申し訳ないと思っている友人を、大輔が励まします。「ライブ、たいして面白かったよ。みんなで一緒に行く機会ができただけでも嬉しいし。」,-13.839922428131104,8.032418554648757e-05
6,面白い,encouraging,friend,だいぶ,友人の提案で観にきたお笑いライブが退屈でした。提案したことを申し訳ないと思っている友人を、大輔が励まします。「ライブ、だいぶ面白かったよ。みんなで一緒に行く機会ができただけでも嬉しいし。」,-11.152626258670352,0.001180115039460361
6,面白い,encouraging,friend,ちっとも,友人の提案で観にきたお笑いライブが退屈でした。提案したことを申し訳ないと思っている友人を、大輔が励まします。「ライブ、ちっとも面白かったよ。みんなで一緒に行く機会ができただけでも嬉しいし。」,-18.30344021320343,9.254757742382935e-07
6,面白い,encouraging,friend,ちょっと,友人の提案で観にきたお笑いライブが退屈でした。提案したことを申し訳ないと思っている友人を、大輔が励まします。「ライブ、ちょっと面白かったよ。みんなで一緒に行く機会ができただけでも嬉しいし。」,-8.406939029693604,0.0183806661516428
6,面白い,encouraging,friend,とても,友人の提案で観にきたお笑いライブが退屈でした。提案したことを申し訳ないと思っている友人を、大輔が励まします。「ライブ、とても面白かったよ。みんなで一緒に行く機会ができただけでも嬉しいし。」,-6.332411289215088,0.14632448554039001
6,面白い,encouraging,friend,なかなか,友人の提案で観にきたお笑いライブが退屈でした。提案したことを申し訳ないと思っている友人を、大輔が励まします。「ライブ、なかなか面白かったよ。みんなで一緒に行く機会ができただけでも嬉しいし。」,-7.984175205230713,0.028052078559994698
6,面白い,encouraging,friend,（なし）,友人の提案で観にきたお笑いライブが退屈でした。提案したことを申し訳ないと思っている友人を、大輔が励まします。「ライブ、（なし）面白かったよ。みんなで一緒に行く機会ができただけでも嬉しいし。」,-30.203254222869873,6.285520281340551e-12
6,面白い,encouraging,friend,ひどく,友人の提案で観にきたお笑いライブが退屈でした。提案したことを申し訳ないと思っている友人を、大輔が励まします。「ライブ、ひどく面白かったよ。みんなで一緒に行く機会ができただけでも嬉しいし。」,-17.079525470733643,3.1470572139369324e-06
6,面白い,encouraging,friend,まあまあ,友人の提案で観にきたお笑いライブが退屈でした。提案したことを申し訳ないと思っている友人を、大輔が励まします。「ライブ、まあまあ面白かったよ。みんなで一緒に行く機会ができただけでも嬉しいし。」,-10.287669658660889,0.0028026567306369543
6,面白い,encouraging,friend,マジで,友人の提案で観にきたお笑いライブが退屈でした。提案したことを申し訳ないと思っている友人を、大輔が励まします。「ライブ、マジで面白かったよ。みんなで一緒に行く機会ができただけでも嬉しいし。」,-13.473344832658768,0.00011589075438678265
6,面白い,encouraging,friend,めっちゃ,友人の提案で観にきたお笑いライブが退屈でした。提案したことを申し訳ないと思っている友人を、大輔が励まします。「ライブ、めっちゃ面白かったよ。みんなで一緒に行く機会ができただけでも嬉しいし。」,-12.565597169101238,0.0002872623153962195
6,面白い,encouraging,friend,やや,友人の提案で観にきたお笑いライブが退屈でした。提案したことを申し訳ないと思っている友人を、大輔が励まします。「ライブ、やや面白かったよ。みんなで一緒に行く機会ができただけでも嬉しいし。」,-12.469730854034424,0.00031616457272320986
6,面白い,encouraging,friend,結構,友人の提案で観にきたお笑いライブが退屈でした。提案したことを申し訳ないと思っている友人を、大輔が励まします。「ライブ、結構面白かったよ。みんなで一緒に行く機会ができただけでも嬉しいし。」,-8.584181308746338,0.01539522036910057
6,面白い,encouraging,friend,若干,友人の提案で観にきたお笑いライブが退屈でした。提案したことを申し訳ないと思っている友人を、大輔が励まします。「ライブ、若干面白かったよ。みんなで一緒に行く機会ができただけでも嬉しいし。」,-15.579913139343262,1.4098671272222418e-05
6,面白い,encouraging,friend,少し,友人の提案で観にきたお笑いライブが退屈でした。提案したことを申し訳ないと思っている友人を、大輔が励まします。「ライブ、少し面白かったよ。みんなで一緒に行く機会ができただけでも嬉しいし。」,-12.22791576385498,0.00040265393909066916
6,面白い,encouraging,friend,少しも,友人の提案で観にきたお笑いライブが退屈でした。提案したことを申し訳ないと思っている友人を、大輔が励まします。「ライブ、少しも面白かったよ。みんなで一緒に行く機会ができただけでも嬉しいし。」,-17.216469287872314,2.7442943064670544e-06
6,面白い,encouraging,friend,全然,友人の提案で観にきたお笑いライブが退屈でした。提案したことを申し訳ないと思っている友人を、大輔が励まします。「ライブ、全然面白かったよ。みんなで一緒に行く機会ができただけでも嬉しいし。」,-10.1861252784729,0.0031022049952298403
6,面白い,encouraging,friend,相当,友人の提案で観にきたお笑いライブが退屈でした。提案したことを申し訳ないと思っている友人を、大輔が励まします。「ライブ、相当面白かったよ。みんなで一緒に行く機会ができただけでも嬉しいし。」,-8.45739221572876,0.017476309090852737
6,面白い,encouraging,friend,超,友人の提案で観にきたお笑いライブが退屈でした。提案したことを申し訳ないと思っている友人を、大輔が励まします。「ライブ、超面白かったよ。みんなで一緒に行く機会ができただけでも嬉しいし。」,-9.76009225845337,0.004750007297843695
6,面白い,encouraging,friend,非常に,友人の提案で観にきたお笑いライブが退屈でした。提案したことを申し訳ないと思っている友人を、大輔が励まします。「ライブ、非常に面白かったよ。みんなで一緒に行く機会ができただけでも嬉しいし。」,-8.919199466705322,0.011012588627636433
6,面白い,encouraging,friend,微妙に,友人の提案で観にきたお笑いライブが退屈でした。提案したことを申し訳ないと思っている友人を、大輔が励まします。「ライブ、微妙に面白かったよ。みんなで一緒に行く機会ができただけでも嬉しいし。」,-15.21100515127182,2.0388855773489922e-05
6,面白い,encouraging,friend,普通に,友人の提案で観にきたお笑いライブが退屈でした。提案したことを申し訳ないと思っている友人を、大輔が励まします。「ライブ、普通に面白かったよ。みんなで一緒に行く機会ができただけでも嬉しいし。」,-10.360872745513916,0.002604825422167778
6,面白い,encouraging,friend,本当に,友人の提案で観にきたお笑いライブが退屈でした。提案したことを申し訳ないと思っている友人を、大輔が励まします。「ライブ、本当に面白かったよ。みんなで一緒に行く機会ができただけでも嬉しいし。」,-5.029821991920471,0.5383000373840332
6,面白い,encouraging,friend,全く,友人の提案で観にきたお笑いライブが退屈でした。提案したことを申し訳ないと思っている友人を、大輔が励まします。「ライブ、全く面白かったよ。みんなで一緒に行く機会ができただけでも嬉しいし。」,-12.832255363464355,0.00022002427431289107
7,面白い,warning,colleague,あまり,社内イベントの余興を担当する同僚が、考えたネタを大輔に見せてきます。大輔は力になりたいと思い、遠慮がちに指摘します。「中盤があまり面白くない気がするので、そこを短くされてはどうですか？」,-4.354209125041962,0.7324705719947815
7,面白い,warning,colleague,いまいち,社内イベントの余興を担当する同僚が、考えたネタを大輔に見せてきます。大輔は力になりたいと思い、遠慮がちに指摘します。「中盤がいまいち面白くない気がするので、そこを短くされてはどうですか？」,-10.156462013721466,0.002212604507803917
7,面白い,warning,colleague,かなり,社内イベントの余興を担当する同僚が、考えたネタを大輔に見せてきます。大輔は力になりたいと思い、遠慮がちに指摘します。「中盤がかなり面白くない気がするので、そこを短くされてはどうですか？」,-9.990912675857544,0.0026109644677489996
7,面白い,warning,colleague,すごく,社内イベントの余興を担当する同僚が、考えたネタを大輔に見せてきます。大輔は力になりたいと思い、遠慮がちに指摘します。「中盤がすごく面白くない気がするので、そこを短くされてはどうですか？」,-8.83954930305481,0.008257179521024227
7,面白い,warning,colleague,そこまで,社内イベントの余興を担当する同僚が、考えたネタを大輔に見せてきます。大輔は力になりたいと思い、遠慮がちに指摘します。「中盤がそこまで面白くない気がするので、そこを短くされてはどうですか？」,-9.135592699050903,0.006141319405287504
7,面白い,warning,colleague,それほど,社内イベントの余興を担当する同僚が、考えたネタを大輔に見せてきます。大輔は力になりたいと思い、遠慮がちに指摘します。「中盤がそれほど面白くない気がするので、そこを短くされてはどうですか？」,-9.73371434211731,0.003376764478161931
7,面白い,warning,colleague,そんなに,社内イベントの余興を担当する同僚が、考えたネタを大輔に見せてきます。大輔は力になりたいと思い、遠慮がちに指摘します。「中盤がそんなに面白くない気がするので、そこを短くされてはどうですか？」,-8.066371202468872,0.017890343442559242
7,面白い,warning,colleague,たいして,社内イベントの余興を担当する同僚が、考えたネタを大輔に見せてきます。大輔は力になりたいと思い、遠慮がちに指摘します。「中盤がたいして面白くない気がするので、そこを短くされてはどうですか？」,-13.993289351463318,4.770796658704057e-05
7,面白い,warning,colleague,だいぶ,社内イベントの余興を担当する同僚が、考えたネタを大輔に見せてきます。大輔は力になりたいと思い、遠慮がちに指摘します。「中盤がだいぶ面白くない気がするので、そこを短くされてはどうですか？」,-13.007681671297178,0.00012783054262399673
7,面白い,warning,colleague,ちっとも,社内イベントの余興を担当する同僚が、考えたネタを大輔に見せてきます。大輔は力になりたいと思い、遠慮がちに指摘します。「中盤がちっとも面白くない気がするので、そこを短くされてはどうですか？」,-17.103735730051994,2.1268722321110545e-06
7,面白い,warning,colleague,ちょっと,社内イベントの余興を担当する同僚が、考えたネタを大輔に見せてきます。大輔は力になりたいと思い、遠慮がちに指摘します。「中盤がちょっと面白くない気がするので、そこを短くされてはどうですか？」,-6.3505470752716064,0.09949279576539993
7,面白い,warning,colleague,とても,社内イベントの余興を担当する同僚が、考えたネタを大輔に見せてきます。大輔は力になりたいと思い、遠慮がちに指摘します。「中盤がとても面白くない気がするので、そこを短くされてはどうですか？」,-8.170470476150513,0.016121629625558853
7,面白い,warning,colleague,なかなか,社内イベントの余興を担当する同僚が、考えたネタを大輔に見せてきます。大輔は力になりたいと思い、遠慮がちに指摘します。「中盤がなかなか面白くない気がするので、そこを短くされてはどうですか？」,-6.92253041267395,0.056154221296310425
7,面白い,warning,colleague,（なし）,社内イベントの余興を担当する同僚が、考えたネタを大輔に見せてきます。大輔は力になりたいと思い、遠慮がちに指摘します。「中盤が（なし）面白くない気がするので、そこを短くされてはどうですか？」,-29.407361030578613,9.645956776382913e-12
7,面白い,warning,colleague,ひどく,社内イベントの余興を担当する同僚が、考えたネタを大輔に見せてきます。大輔は力になりたいと思い、遠慮がちに指摘します。「中盤がひどく面白くない気がするので、そこを短くされてはどうですか？」,-14.072261035442352,4.4085307308705524e-05
7,面白い,warning,colleague,まあまあ,社内イベントの余興を担当する同僚が、考えたネタを大輔に見せてきます。大輔は力になりたいと思い、遠慮がちに指摘します。「中盤がまあまあ面白くない気がするので、そこを短くされてはどうですか？」,-12.089450180530548,0.00032019734499044716
7,面白い,warning,colleague,マジで,社内イベントの余興を担当する同僚が、考えたネタを大輔に見せてきます。大輔は力になりたいと思い、遠慮がちに指摘します。「中盤がマジで面白くない気がするので、そこを短くされてはどうですか？」,-14.21623907983303,3.817376273218542e-05
7,面白い,warning,colleague,めっちゃ,社内イベントの余興を担当する同僚が、考えたネタを大輔に見せてきます。大輔は力になりたいと思い、遠慮がちに指摘します。「中盤がめっちゃ面白くない気がするので、そこを短くされてはどうですか？」,-12.55754690617323,0.0002005053247557953
7,面白い,warning,colleague,やや,社内イベントの余興を担当する同僚が、考えたネタを大輔に見せてきます。大輔は力になりたいと思い、遠慮がちに指摘します。「中盤がやや面白くない気がするので、そこを短くされてはどうですか？」,-11.923920154571533,0.0003778388199862093
7,面白い,warning,colleague,結構,社内イベントの余興を担当する同僚が、考えたネタを大輔に見せてきます。大輔は力になりたいと思い、遠慮がちに指摘します。「中盤が結構面白くない気がするので、そこを短くされてはどうですか？」,-10.574797868728638,0.001456206082366407
7,面白い,warning,colleague,若干,社内イベントの余興を担当する同僚が、考えたネタを大輔に見せてきます。大輔は力になりたいと思い、遠慮がちに指摘します。「中盤が若干面白くない気がするので、そこを短くされてはどうですか？」,-9.986666917800903,0.0026220735162496567
7,面白い,warning,colleague,少し,社内イベントの余興を担当する同僚が、考えたネタを大輔に見せてきます。大輔は力になりたいと思い、遠慮がちに指摘します。「中盤が少し面白くない気がするので、そこを短くされてはどうですか？」,-8.628836870193481,0.0101939607411623
7,面白い,warning,colleague,少しも,社内イベントの余興を担当する同僚が、考えたネタを大輔に見せてきます。大輔は力になりたいと思い、遠慮がちに指摘します。「中盤が少しも面白くない気がするので、そこを短くされてはどうですか？」,-12.362699747085571,0.00024363906413782388
7,面白い,warning,colleague,全然,社内イベントの余興を担当する同僚が、考えたネタを大輔に見せてきます。大輔は力になりたいと思い、遠慮がちに指摘します。「中盤が全然面白くない気がするので、そこを短くされてはどうですか？」,-7.808062791824341,0.023163309320807457
7,面白い,warning,colleague,相当,社内イベントの余興を担当する同僚が、考えたネタを大輔に見せてきます。大輔は力になりたいと思い、遠慮がちに指摘します。「中盤が相当面白くない気がするので、そこを短くされてはどうですか？」,-10.149436235427856,0.00222820439375937
7,面白い,warning,colleague,超,社内イベントの余興を担当する同僚が、考えたネタを大輔に見せてきます。大輔は力になりたいと思い、遠慮がちに指摘します。「中盤が超面白くない気がするので、そこを短くされてはどうですか？」,-12.192557096481323,0.00028882763581350446
7,面白い,warning,colleague,非常に,社内イベントの余興を担当する同僚が、考えたネタを大輔に見せてきます。大輔は力になりたいと思い、遠慮がちに指摘します。「中盤が非常に面白くない気がするので、そこを短くされてはどうですか？」,-9.653739213943481,0.0036579142324626446
7,面白い,warning,colleague,微妙に,社内イベントの余興を担当する同僚が、考えたネタを大輔に見せてきます。大輔は力になりたいと思い、遠慮がちに指摘します。「中盤が微妙に面白くない気がするので、そこを短くされてはどうですか？」,-11.541934847831726,0.0005536055541597307
7,面白い,warning,colleague,普通に,社内イベントの余興を担当する同僚が、考えたネタを大輔に見せてきます。大輔は力になりたいと思い、遠慮がちに指摘します。「中盤が普通に面白くない気がするので、そこを短くされてはどうですか？」,-13.075728178024292,0.00011942146375076845
7,面白い,warning,colleague,本当に,社内イベントの余興を担当する同僚が、考えたネタを大輔に見せてきます。大輔は力になりたいと思い、遠慮がちに指摘します。「中盤が本当に面白くない気がするので、そこを短くされてはどうですか？」,-9.45606541633606,0.004457405768334866
7,面白い,warning,colleague,全く,社内イベントの余興を担当する同僚が、考えたネタを大輔に見せてきます。大輔は力になりたいと思い、遠慮がちに指摘します。「中盤が全く面白くない気がするので、そこを短くされてはどうですか？」,-9.315764665603638,0.005128779448568821
8,面白い,non-committal,colleague,あまり,歓迎会の余興について同僚に意見を求められます。自分の意見を押し付けたくない大輔は、慎重に答えます。「その企画、あまり面白くないかもしれないですけど、準備は楽ですね。」,-4.592088937759399,0.4366770386695862
8,面白い,non-committal,colleague,いまいち,歓迎会の余興について同僚に意見を求められます。自分の意見を押し付けたくない大輔は、慎重に答えます。「その企画、いまいち面白くないかもしれないですけど、準備は楽ですね。」,-12.246843814849854,0.00020689150551334023
8,面白い,non-committal,colleague,かなり,歓迎会の余興について同僚に意見を求められます。自分の意見を押し付けたくない大輔は、慎重に答えます。「その企画、かなり面白くないかもしれないですけど、準備は楽ですね。」,-8.95104432106018,0.005585860460996628
8,面白い,non-committal,colleague,すごく,歓迎会の余興について同僚に意見を求められます。自分の意見を押し付けたくない大輔は、慎重に答えます。「その企画、すごく面白くないかもしれないですけど、準備は楽ですね。」,-8.453123331069946,0.009190400131046772
8,面白い,non-committal,colleague,そこまで,歓迎会の余興について同僚に意見を求められます。自分の意見を押し付けたくない大輔は、慎重に答えます。「その企画、そこまで面白くないかもしれないですけど、準備は楽ですね。」,-8.582067728042603,0.008078571408987045
8,面白い,non-committal,colleague,それほど,歓迎会の余興について同僚に意見を求められます。自分の意見を押し付けたくない大輔は、慎重に答えます。「その企画、それほど面白くないかもしれないですけど、準備は楽ですね。」,-9.066896677017212,0.0049748048186302185
8,面白い,non-committal,colleague,そんなに,歓迎会の余興について同僚に意見を求められます。自分の意見を押し付けたくない大輔は、慎重に答えます。「その企画、そんなに面白くないかもしれないですけど、準備は楽ですね。」,-7.939851999282837,0.015354841016232967
8,面白い,non-committal,colleague,たいして,歓迎会の余興について同僚に意見を求められます。自分の意見を押し付けたくない大輔は、慎重に答えます。「その企画、たいして面白くないかもしれないですけど、準備は楽ですね。」,-14.034167885780334,3.463516986812465e-05
8,面白い,non-committal,colleague,だいぶ,歓迎会の余興について同僚に意見を求められます。自分の意見を押し付けたくない大輔は、慎重に答えます。「その企画、だいぶ面白くないかもしれないですけど、準備は楽ですね。」,-14.380785056389868,2.4489705538144335e-05
8,面白い,non-committal,colleague,ちっとも,歓迎会の余興について同僚に意見を求められます。自分の意見を押し付けたくない大輔は、慎重に答えます。「その企画、ちっとも面白くないかもしれないですけど、準備は楽ですね。」,-16.82889348268509,2.117305257343105e-06
8,面白い,non-committal,colleague,ちょっと,歓迎会の余興について同僚に意見を求められます。自分の意見を押し付けたくない大輔は、慎重に答えます。「その企画、ちょっと面白くないかもしれないですけど、準備は楽ですね。」,-5.339243173599243,0.20685946941375732
8,面白い,non-committal,colleague,とても,歓迎会の余興について同僚に意見を求められます。自分の意見を押し付けたくない大輔は、慎重に答えます。「その企画、とても面白くないかもしれないですけど、準備は楽ですね。」,-6.24043869972229,0.0840023010969162
8,面白い,non-committal,colleague,なかなか,歓迎会の余興について同僚に意見を求められます。自分の意見を押し付けたくない大輔は、慎重に答えます。「その企画、なかなか面白くないかもしれないですけど、準備は楽ですね。」,-5.6557676792144775,0.15073376893997192
8,面白い,non-committal,colleague,（なし）,歓迎会の余興について同僚に意見を求められます。自分の意見を押し付けたくない大輔は、慎重に答えます。「その企画、（なし）面白くないかもしれないですけど、準備は楽ですね。」,-28.80476474761963,1.332690121452762e-11
8,面白い,non-committal,colleague,ひどく,歓迎会の余興について同僚に意見を求められます。自分の意見を押し付けたくない大輔は、慎重に答えます。「その企画、ひどく面白くないかもしれないですけど、準備は楽ですね。」,-17.54559153318405,1.0340121434637695e-06
8,面白い,non-committal,colleague,まあまあ,歓迎会の余興について同僚に意見を求められます。自分の意見を押し付けたくない大輔は、慎重に答えます。「その企画、まあまあ面白くないかもしれないですけど、準備は楽ですね。」,-12.483943939208984,0.00016321917064487934
8,面白い,non-committal,colleague,マジで,歓迎会の余興について同僚に意見を求められます。自分の意見を押し付けたくない大輔は、慎重に答えます。「その企画、マジで面白くないかもしれないですけど、準備は楽ですね。」,-16.031755357980728,4.698683824244654e-06
8,面白い,non-committal,colleague,めっちゃ,歓迎会の余興について同僚に意見を求められます。自分の意見を押し付けたくない大輔は、慎重に答えます。「その企画、めっちゃ面白くないかもしれないですけど、準備は楽ですね。」,-14.093405202031136,3.264308543293737e-05
8,面白い,non-committal,colleague,やや,歓迎会の余興について同僚に意見を求められます。自分の意見を押し付けたくない大輔は、慎重に答えます。「その企画、やや面白くないかもしれないですけど、準備は楽ですね。」,-13.563671112060547,5.544362647924572e-05
8,面白い,non-committal,colleague,結構,歓迎会の余興について同僚に意見を求められます。自分の意見を押し付けたくない大輔は、慎重に答えます。「その企画、結構面白くないかもしれないですけど、準備は楽ですね。」,-9.767774820327759,0.0024682465009391308
8,面白い,non-committal,colleague,若干,歓迎会の余興について同僚に意見を求められます。自分の意見を押し付けたくない大輔は、慎重に答えます。「その企画、若干面白くないかもしれないですけど、準備は楽ですね。」,-9.913603067398071,0.0021333207841962576
8,面白い,non-committal,colleague,少し,歓迎会の余興について同僚に意見を求められます。自分の意見を押し付けたくない大輔は、慎重に答えます。「その企画、少し面白くないかもしれないですけど、準備は楽ですね。」,-7.635820627212524,0.020810594782233238
8,面白い,non-committal,colleague,少しも,歓迎会の余興について同僚に意見を求められます。自分の意見を押し付けたくない大輔は、慎重に答えます。「その企画、少しも面白くないかもしれないですけど、準備は楽ですね。」,-13.084637880325317,8.951446216087788e-05
8,面白い,non-committal,colleague,全然,歓迎会の余興について同僚に意見を求められます。自分の意見を押し付けたくない大輔は、慎重に答えます。「その企画、全然面白くないかもしれないですけど、準備は楽ですね。」,-7.3339903354644775,0.02814282476902008
8,面白い,non-committal,colleague,相当,歓迎会の余興について同僚に意見を求められます。自分の意見を押し付けたくない大輔は、慎重に答えます。「その企画、相当面白くないかもしれないですけど、準備は楽ですね。」,-9.501184701919556,0.0032223088201135397
8,面白い,non-committal,colleague,超,歓迎会の余興について同僚に意見を求められます。自分の意見を押し付けたくない大輔は、慎重に答えます。「その企画、超面白くないかもしれないですけど、準備は楽ですね。」,-13.727567434310913,4.706220352090895e-05
8,面白い,non-committal,colleague,非常に,歓迎会の余興について同僚に意見を求められます。自分の意見を押し付けたくない大輔は、慎重に答えます。「その企画、非常に面白くないかもしれないですけど、準備は楽ですね。」,-8.755468606948853,0.006792467087507248
8,面白い,non-committal,colleague,微妙に,歓迎会の余興について同僚に意見を求められます。自分の意見を押し付けたくない大輔は、慎重に答えます。「その企画、微妙に面白くないかもしれないですけど、準備は楽ですね。」,-13.86920377612114,4.0847036871127784e-05
8,面白い,non-committal,colleague,普通に,歓迎会の余興について同僚に意見を求められます。自分の意見を押し付けたくない大輔は、慎重に答えます。「その企画、普通に面白くないかもしれないですけど、準備は楽ですね。」,-12.023557424545288,0.0002586511545814574
8,面白い,non-committal,colleague,本当に,歓迎会の余興について同僚に意見を求められます。自分の意見を押し付けたくない大輔は、慎重に答えます。「その企画、本当に面白くないかもしれないですけど、準備は楽ですね。」,-8.460851907730103,0.009119645692408085
8,面白い,non-committal,colleague,全く,歓迎会の余興について同僚に意見を求められます。自分の意見を押し付けたくない大輔は、慎重に答えます。「その企画、全く面白くないかもしれないですけど、準備は楽ですね。」,-9.08361268043518,0.0048923371359705925
9,面白い,acknowledge,colleague,あまり,同僚が絶対面白いと勧めてきたコメディ映画を、大輔は半信半疑で見ました。しかし、同僚の言った通りに面白かったです。教えてもらったことについて感謝します。「映画、あまり面白かったです。教えてくれてありがとうございます。」,-10.572063684463501,0.0007480592466890812
9,面白い,acknowledge,colleague,いまいち,同僚が絶対面白いと勧めてきたコメディ映画を、大輔は半信半疑で見ました。しかし、同僚の言った通りに面白かったです。教えてもらったことについて感謝します。「映画、いまいち面白かったです。教えてくれてありがとうございます。」,-15.285967826843262,6.709858553222148e-06
9,面白い,acknowledge,colleague,かなり,同僚が絶対面白いと勧めてきたコメディ映画を、大輔は半信半疑で見ました。しかし、同僚の言った通りに面白かったです。教えてもらったことについて感謝します。「映画、かなり面白かったです。教えてくれてありがとうございます。」,-7.3538172245025635,0.0186897162348032
9,面白い,acknowledge,colleague,すごく,同僚が絶対面白いと勧めてきたコメディ映画を、大輔は半信半疑で見ました。しかし、同僚の言った通りに面白かったです。教えてもらったことについて感謝します。「映画、すごく面白かったです。教えてくれてありがとうございます。」,-5.792831659317017,0.08902871608734131
9,面白い,acknowledge,colleague,そこまで,同僚が絶対面白いと勧めてきたコメディ映画を、大輔は半信半疑で見ました。しかし、同僚の言った通りに面白かったです。教えてもらったことについて感謝します。「映画、そこまで面白かったです。教えてくれてありがとうございます。」,-14.38037896156311,1.6596086425124668e-05
9,面白い,acknowledge,colleague,それほど,同僚が絶対面白いと勧めてきたコメディ映画を、大輔は半信半疑で見ました。しかし、同僚の言った通りに面白かったです。教えてもらったことについて感謝します。「映画、それほど面白かったです。教えてくれてありがとうございます。」,-12.767887353897095,8.323421207023785e-05
9,面白い,acknowledge,colleague,そんなに,同僚が絶対面白いと勧めてきたコメディ映画を、大輔は半信半疑で見ました。しかし、同僚の言った通りに面白かったです。教えてもらったことについて感謝します。「映画、そんなに面白かったです。教えてくれてありがとうございます。」,-12.532318353652954,0.00010534361354075372
9,面白い,acknowledge,colleague,たいして,同僚が絶対面白いと勧めてきたコメディ映画を、大輔は半信半疑で見ました。しかし、同僚の言った通りに面白かったです。教えてもらったことについて感謝します。「映画、たいして面白かったです。教えてくれてありがとうございます。」,-13.87482762336731,2.751464126049541e-05
9,面白い,acknowledge,colleague,だいぶ,同僚が絶対面白いと勧めてきたコメディ映画を、大輔は半信半疑で見ました。しかし、同僚の言った通りに面白かったです。教えてもらったことについて感謝します。「映画、だいぶ面白かったです。教えてくれてありがとうございます。」,-9.865314345341176,0.0015166073571890593
9,面白い,acknowledge,colleague,ちっとも,同僚が絶対面白いと勧めてきたコメディ映画を、大輔は半信半疑で見ました。しかし、同僚の言った通りに面白かったです。教えてもらったことについて感謝します。「映画、ちっとも面白かったです。教えてくれてありがとうございます。」,-17.19244122505188,9.971079180104425e-07
9,面白い,acknowledge,colleague,ちょっと,同僚が絶対面白いと勧めてきたコメディ映画を、大輔は半信半疑で見ました。しかし、同僚の言った通りに面白かったです。教えてもらったことについて感謝します。「映画、ちょっと面白かったです。教えてくれてありがとうございます。」,-9.834808588027954,0.0015635861782357097
9,面白い,acknowledge,colleague,とても,同僚が絶対面白いと勧めてきたコメディ映画を、大輔は半信半疑で見ました。しかし、同僚の言った通りに面白かったです。教えてもらったことについて感謝します。「映画、とても面白かったです。教えてくれてありがとうございます。」,-4.24655544757843,0.4178970158100128
9,面白い,acknowledge,colleague,なかなか,同僚が絶対面白いと勧めてきたコメディ映画を、大輔は半信半疑で見ました。しかし、同僚の言った通りに面白かったです。教えてもらったことについて感謝します。「映画、なかなか面白かったです。教えてくれてありがとうございます。」,-8.808452844619751,0.004363776184618473
9,面白い,acknowledge,colleague,（なし）,同僚が絶対面白いと勧めてきたコメディ映画を、大輔は半信半疑で見ました。しかし、同僚の言った通りに面白かったです。教えてもらったことについて感謝します。「映画、（なし）面白かったです。教えてくれてありがとうございます。」,-27.010332107543945,5.431085442486605e-11
9,面白い,acknowledge,colleague,ひどく,同僚が絶対面白いと勧めてきたコメディ映画を、大輔は半信半疑で見ました。しかし、同僚の言った通りに面白かったです。教えてもらったことについて感謝します。「映画、ひどく面白かったです。教えてくれてありがとうございます。」,-14.988422602415085,9.03515683603473e-06
9,面白い,acknowledge,colleague,まあまあ,同僚が絶対面白いと勧めてきたコメディ映画を、大輔は半信半疑で見ました。しかし、同僚の言った通りに面白かったです。教えてもらったことについて感謝します。「映画、まあまあ面白かったです。教えてくれてありがとうございます。」,-10.940443277359009,0.0005175481783226132
9,面白い,acknowledge,colleague,マジで,同僚が絶対面白いと勧めてきたコメディ映画を、大輔は半信半疑で見ました。しかし、同僚の言った通りに面白かったです。教えてもらったことについて感謝します。「映画、マジで面白かったです。教えてくれてありがとうございます。」,-11.358714520931244,0.0003406418254598975
9,面白い,acknowledge,colleague,めっちゃ,同僚が絶対面白いと勧めてきたコメディ映画を、大輔は半信半疑で見ました。しかし、同僚の言った通りに面白かったです。教えてもらったことについて感謝します。「映画、めっちゃ面白かったです。教えてくれてありがとうございます。」,-12.707059159874916,8.845436241244897e-05
9,面白い,acknowledge,colleague,やや,同僚が絶対面白いと勧めてきたコメディ映画を、大輔は半信半疑で見ました。しかし、同僚の言った通りに面白かったです。教えてもらったことについて感謝します。「映画、やや面白かったです。教えてくれてありがとうございます。」,-12.163601398468018,0.00015231408178806305
9,面白い,acknowledge,colleague,結構,同僚が絶対面白いと勧めてきたコメディ映画を、大輔は半信半疑で見ました。しかし、同僚の言った通りに面白かったです。教えてもらったことについて感謝します。「映画、結構面白かったです。教えてくれてありがとうございます。」,-9.143608331680298,0.0031210898887366056
9,面白い,acknowledge,colleague,若干,同僚が絶対面白いと勧めてきたコメディ映画を、大輔は半信半疑で見ました。しかし、同僚の言った通りに面白かったです。教えてもらったことについて感謝します。「映画、若干面白かったです。教えてくれてありがとうございます。」,-14.902424097061157,9.846556167758536e-06
9,面白い,acknowledge,colleague,少し,同僚が絶対面白いと勧めてきたコメディ映画を、大輔は半信半疑で見ました。しかし、同僚の言った通りに面白かったです。教えてもらったことについて感謝します。「映画、少し面白かったです。教えてくれてありがとうございます。」,-11.684490442276001,0.0002459320821799338
9,面白い,acknowledge,colleague,少しも,同僚が絶対面白いと勧めてきたコメディ映画を、大輔は半信半疑で見ました。しかし、同僚の言った通りに面白かったです。教えてもらったことについて感謝します。「映画、少しも面白かったです。教えてくれてありがとうございます。」,-14.379881381988525,1.6604350093984976e-05
9,面白い,acknowledge,colleague,全然,同僚が絶対面白いと勧めてきたコメディ映画を、大輔は半信半疑で見ました。しかし、同僚の言った通りに面白かったです。教えてもらったことについて感謝します。「映画、全然面白かったです。教えてくれてありがとうございます。」,-10.474815607070923,0.0008244613418355584
9,面白い,acknowledge,colleague,相当,同僚が絶対面白いと勧めてきたコメディ映画を、大輔は半信半疑で見ました。しかし、同僚の言った通りに面白かったです。教えてもらったことについて感謝します。「映画、相当面白かったです。教えてくれてありがとうございます。」,-8.352001428604126,0.006888057570904493
9,面白い,acknowledge,colleague,超,同僚が絶対面白いと勧めてきたコメディ映画を、大輔は半信半疑で見ました。しかし、同僚の言った通りに面白かったです。教えてもらったことについて感謝します。「映画、超面白かったです。教えてくれてありがとうございます。」,-8.983818292617798,0.003661863971501589
9,面白い,acknowledge,colleague,非常に,同僚が絶対面白いと勧めてきたコメディ映画を、大輔は半信半疑で見ました。しかし、同僚の言った通りに面白かったです。教えてもらったことについて感謝します。「映画、非常に面白かったです。教えてくれてありがとうございます。」,-6.577282190322876,0.04063006862998009
9,面白い,acknowledge,colleague,微妙に,同僚が絶対面白いと勧めてきたコメディ映画を、大輔は半信半疑で見ました。しかし、同僚の言った通りに面白かったです。教えてもらったことについて感謝します。「映画、微妙に面白かったです。教えてくれてありがとうございます。」,-13.478615313768387,4.089181311428547e-05
9,面白い,acknowledge,colleague,普通に,同僚が絶対面白いと勧めてきたコメディ映画を、大輔は半信半疑で見ました。しかし、同僚の言った通りに面白かったです。教えてもらったことについて感謝します。「映画、普通に面白かったです。教えてくれてありがとうございます。」,-10.713817834854126,0.0006491917301900685
9,面白い,acknowledge,colleague,本当に,同僚が絶対面白いと勧めてきたコメディ映画を、大輔は半信半疑で見ました。しかし、同僚の言った通りに面白かったです。教えてもらったことについて感謝します。「映画、本当に面白かったです。教えてくれてありがとうございます。」,-4.2701417207717896,0.4081557095050812
9,面白い,acknowledge,colleague,全く,同僚が絶対面白いと勧めてきたコメディ映画を、大輔は半信半疑で見ました。しかし、同僚の言った通りに面白かったです。教えてもらったことについて感謝します。「映画、全く面白かったです。教えてくれてありがとうございます。」,-10.791900873184204,0.0006004293682053685
10,面白い,neutral-positive,colleague,あまり,社内イベントの翌日、大輔は出席していなかった同僚に、余興がどれくらい面白かったか聞かれ、答えます。「余興、あまり面白かったです。」,-8.560584545135498,0.003160302061587572
10,面白い,neutral-positive,colleague,いまいち,社内イベントの翌日、大輔は出席していなかった同僚に、余興がどれくらい面白かったか聞かれ、答えます。「余興、いまいち面白かったです。」,-12.861155271530151,4.285628892830573e-05
10,面白い,neutral-positive,colleague,かなり,社内イベントの翌日、大輔は出席していなかった同僚に、余興がどれくらい面白かったか聞かれ、答えます。「余興、かなり面白かったです。」,-5.432601690292358,0.07214301079511642
10,面白い,neutral-positive,colleague,すごく,社内イベントの翌日、大輔は出席していなかった同僚に、余興がどれくらい面白かったか聞かれ、答えます。「余興、すごく面白かったです。」,-4.861186742782593,0.1277487426996231
10,面白い,neutral-positive,colleague,そこまで,社内イベントの翌日、大輔は出席していなかった同僚に、余興がどれくらい面白かったか聞かれ、答えます。「余興、そこまで面白かったです。」,-12.118506908416748,9.006219625007361e-05
10,面白い,neutral-positive,colleague,それほど,社内イベントの翌日、大輔は出席していなかった同僚に、余興がどれくらい面白かったか聞かれ、答えます。「余興、それほど面白かったです。」,-9.994849681854248,0.0007530695875175297
10,面白い,neutral-positive,colleague,そんなに,社内イベントの翌日、大輔は出席していなかった同僚に、余興がどれくらい面白かったか聞かれ、答えます。「余興、そんなに面白かったです。」,-9.486209392547607,0.0012523762416094542
10,面白い,neutral-positive,colleague,たいして,社内イベントの翌日、大輔は出席していなかった同僚に、余興がどれくらい面白かったか聞かれ、答えます。「余興、たいして面白かったです。」,-11.914089560508728,0.0001104893017327413
10,面白い,neutral-positive,colleague,だいぶ,社内イベントの翌日、大輔は出席していなかった同僚に、余興がどれくらい面白かったか聞かれ、答えます。「余興、だいぶ面白かったです。」,-9.697526555275545,0.0010138202924281359
10,面白い,neutral-positive,colleague,ちっとも,社内イベントの翌日、大輔は出席していなかった同僚に、余興がどれくらい面白かったか聞かれ、答えます。「余興、ちっとも面白かったです。」,-17.11546039581299,6.086867188059841e-07
10,面白い,neutral-positive,colleague,ちょっと,社内イベントの翌日、大輔は出席していなかった同僚に、余興がどれくらい面白かったか聞かれ、答えます。「余興、ちょっと面白かったです。」,-6.704230785369873,0.020227065309882164
10,面白い,neutral-positive,colleague,とても,社内イベントの翌日、大輔は出席していなかった同僚に、余興がどれくらい面白かったか聞かれ、答えます。「余興、とても面白かったです。」,-3.9311330318450928,0.3237978219985962
10,面白い,neutral-positive,colleague,なかなか,社内イベントの翌日、大輔は出席していなかった同僚に、余興がどれくらい面白かったか聞かれ、答えます。「余興、なかなか面白かったです。」,-7.565150737762451,0.008551456965506077
10,面白い,neutral-positive,colleague,（なし）,社内イベントの翌日、大輔は出席していなかった同僚に、余興がどれくらい面白かったか聞かれ、答えます。「余興、（なし）面白かったです。」,-28.226430892944336,9.098299370846608e-12
10,面白い,neutral-positive,colleague,ひどく,社内イベントの翌日、大輔は出席していなかった同僚に、余興がどれくらい面白かったか聞かれ、答えます。「余興、ひどく面白かったです。」,-14.666604399681091,7.045603524602484e-06
10,面白い,neutral-positive,colleague,まあまあ,社内イベントの翌日、大輔は出席していなかった同僚に、余興がどれくらい面白かったか聞かれ、答えます。「余興、まあまあ面白かったです。」,-9.345766544342041,0.001441214932128787
10,面白い,neutral-positive,colleague,マジで,社内イベントの翌日、大輔は出席していなかった同僚に、余興がどれくらい面白かったか聞かれ、答えます。「余興、マジで面白かったです。」,-12.741454184055328,4.830590114579536e-05
10,面白い,neutral-positive,colleague,めっちゃ,社内イベントの翌日、大輔は出席していなかった同僚に、余興がどれくらい面白かったか聞かれ、答えます。「余興、めっちゃ面白かったです。」,-11.701992332935333,0.00013659437536261976
10,面白い,neutral-positive,colleague,やや,社内イベントの翌日、大輔は出席していなかった同僚に、余興がどれくらい面白かったか聞かれ、答えます。「余興、やや面白かったです。」,-11.606640100479126,0.00015026012260932475
10,面白い,neutral-positive,colleague,結構,社内イベントの翌日、大輔は出席していなかった同僚に、余興がどれくらい面白かったか聞かれ、答えます。「余興、結構面白かったです。」,-6.6792826652526855,0.020738041028380394
10,面白い,neutral-positive,colleague,若干,社内イベントの翌日、大輔は出席していなかった同僚に、余興がどれくらい面白かったか聞かれ、答えます。「余興、若干面白かったです。」,-11.102488994598389,0.0002487674355506897
10,面白い,neutral-positive,colleague,少し,社内イベントの翌日、大輔は出席していなかった同僚に、余興がどれくらい面白かったか聞かれ、答えます。「余興、少し面白かったです。」,-9.157142162322998,0.0017403911333531141
10,面白い,neutral-positive,colleague,少しも,社内イベントの翌日、大輔は出席していなかった同僚に、余興がどれくらい面白かったか聞かれ、答えます。「余興、少しも面白かったです。」,-12.841498136520386,4.370705573819578e-05
10,面白い,neutral-positive,colleague,全然,社内イベントの翌日、大輔は出席していなかった同僚に、余興がどれくらい面白かったか聞かれ、答えます。「余興、全然面白かったです。」,-7.997268199920654,0.005551032721996307
10,面白い,neutral-positive,colleague,相当,社内イベントの翌日、大輔は出席していなかった同僚に、余興がどれくらい面白かったか聞かれ、答えます。「余興、相当面白かったです。」,-6.471194744110107,0.02553519234061241
10,面白い,neutral-positive,colleague,超,社内イベントの翌日、大輔は出席していなかった同僚に、余興がどれくらい面白かったか聞かれ、答えます。「余興、超面白かったです。」,-8.094211101531982,0.005038160365074873
10,面白い,neutral-positive,colleague,非常に,社内イベントの翌日、大輔は出席していなかった同僚に、余興がどれくらい面白かったか聞かれ、答えます。「余興、非常に面白かったです。」,-5.715038061141968,0.05439183488488197
10,面白い,neutral-positive,colleague,微妙に,社内イベントの翌日、大輔は出席していなかった同僚に、余興がどれくらい面白かったか聞かれ、答えます。「余興、微妙に面白かったです。」,-11.696660503745079,0.00013732464867644012
10,面白い,neutral-positive,colleague,普通に,社内イベントの翌日、大輔は出席していなかった同僚に、余興がどれくらい面白かったか聞かれ、答えます。「余興、普通に面白かったです。」,-8.163135051727295,0.004702607169747353
10,面白い,neutral-positive,colleague,本当に,社内イベントの翌日、大輔は出席していなかった同僚に、余興がどれくらい面白かったか聞かれ、答えます。「余興、本当に面白かったです。」,-3.9433858394622803,0.31985458731651306
10,面白い,neutral-positive,colleague,全く,社内イベントの翌日、大輔は出席していなかった同僚に、余興がどれくらい面白かったか聞かれ、答えます。「余興、全く面白かったです。」,-9.416099071502686,0.0013433319982141256
11,面白い,neutral-negative,colleague,あまり,社内イベントの翌日、大輔は出席していなかった同僚に、余興がどれくらい面白かったか聞かれ、答えます。「余興、あまり面白くなかったです。」,-3.8670719861984253,0.4066814184188843
11,面白い,neutral-negative,colleague,いまいち,社内イベントの翌日、大輔は出席していなかった同僚に、余興がどれくらい面白かったか聞かれ、答えます。「余興、いまいち面白くなかったです。」,-11.475563049316406,0.0002018035011133179
11,面白い,neutral-negative,colleague,かなり,社内イベントの翌日、大輔は出席していなかった同僚に、余興がどれくらい面白かったか聞かれ、答えます。「余興、かなり面白くなかったです。」,-8.339201927185059,0.004645505920052528
11,面白い,neutral-negative,colleague,すごく,社内イベントの翌日、大輔は出席していなかった同僚に、余興がどれくらい面白かったか聞かれ、答えます。「余興、すごく面白くなかったです。」,-7.2686872482299805,0.013550384901463985
11,面白い,neutral-negative,colleague,そこまで,社内イベントの翌日、大輔は出席していなかった同僚に、余興がどれくらい面白かったか聞かれ、答えます。「余興、そこまで面白くなかったです。」,-8.77418041229248,0.003006936516612768
11,面白い,neutral-negative,colleague,それほど,社内イベントの翌日、大輔は出席していなかった同僚に、余興がどれくらい面白かったか聞かれ、答えます。「余興、それほど面白くなかったです。」,-7.401003837585449,0.011870999820530415
11,面白い,neutral-negative,colleague,そんなに,社内イベントの翌日、大輔は出席していなかった同僚に、余興がどれくらい面白かったか聞かれ、答えます。「余興、そんなに面白くなかったです。」,-5.813376426696777,0.05807444825768471
11,面白い,neutral-negative,colleague,たいして,社内イベントの翌日、大輔は出席していなかった同僚に、余興がどれくらい面白かったか聞かれ、答えます。「余興、たいして面白くなかったです。」,-10.974833607673645,0.0003329605679027736
11,面白い,neutral-negative,colleague,だいぶ,社内イベントの翌日、大輔は出席していなかった同僚に、余興がどれくらい面白かったか聞かれ、答えます。「余興、だいぶ面白くなかったです。」,-10.089757810812443,0.0008068191818892956
11,面白い,neutral-negative,colleague,ちっとも,社内イベントの翌日、大輔は出席していなかった同僚に、余興がどれくらい面白かったか聞かれ、答えます。「余興、ちっとも面白くなかったです。」,-15.031116366386414,5.764630259363912e-06
11,面白い,neutral-negative,colleague,ちょっと,社内イベントの翌日、大輔は出席していなかった同僚に、余興がどれくらい面白かったか聞かれ、答えます。「余興、ちょっと面白くなかったです。」,-5.970362663269043,0.04963715001940727
11,面白い,neutral-negative,colleague,とても,社内イベントの翌日、大輔は出席していなかった同僚に、余興がどれくらい面白かったか聞かれ、答えます。「余興、とても面白くなかったです。」,-4.969923973083496,0.1349869668483734
11,面白い,neutral-negative,colleague,なかなか,社内イベントの翌日、大輔は出席していなかった同僚に、余興がどれくらい面白かったか聞かれ、答えます。「余興、なかなか面白くなかったです。」,-6.884692192077637,0.019893838092684746
11,面白い,neutral-negative,colleague,（なし）,社内イベントの翌日、大輔は出席していなかった同僚に、余興がどれくらい面白かったか聞かれ、答えます。「余興、（なし）面白くなかったです。」,-28.776826858520508,6.181371820651593e-12
11,面白い,neutral-negative,colleague,ひどく,社内イベントの翌日、大輔は出席していなかった同僚に、余興がどれくらい面白かったか聞かれ、答えます。「余興、ひどく面白くなかったです。」,-15.159253776073456,5.071331543149427e-06
11,面白い,neutral-negative,colleague,まあまあ,社内イベントの翌日、大輔は出席していなかった同僚に、余興がどれくらい面白かったか聞かれ、答えます。「余興、まあまあ面白くなかったです。」,-10.621052742004395,0.0004742832970805466
11,面白い,neutral-negative,colleague,マジで,社内イベントの翌日、大輔は出席していなかった同僚に、余興がどれくらい面白かったか聞かれ、答えます。「余興、マジで面白くなかったです。」,-12.966805398464203,4.5424520067172125e-05
11,面白い,neutral-negative,colleague,めっちゃ,社内イベントの翌日、大輔は出席していなかった同僚に、余興がどれくらい面白かったか聞かれ、答えます。「余興、めっちゃ面白くなかったです。」,-11.062325425446033,0.00030506716575473547
11,面白い,neutral-negative,colleague,やや,社内イベントの翌日、大輔は出席していなかった同僚に、余興がどれくらい面白かったか聞かれ、答えます。「余興、やや面白くなかったです。」,-12.832776546478271,5.193954712012783e-05
11,面白い,neutral-negative,colleague,結構,社内イベントの翌日、大輔は出席していなかった同僚に、余興がどれくらい面白かったか聞かれ、答えます。「余興、結構面白くなかったです。」,-9.687697410583496,0.0012061153538525105
11,面白い,neutral-negative,colleague,若干,社内イベントの翌日、大輔は出席していなかった同僚に、余興がどれくらい面白かったか聞かれ、答えます。「余興、若干面白くなかったです。」,-11.452829837799072,0.00020644378673750907
11,面白い,neutral-negative,colleague,少し,社内イベントの翌日、大輔は出席していなかった同僚に、余興がどれくらい面白かったか聞かれ、答えます。「余興、少し面白くなかったです。」,-8.975932121276855,0.0024575628340244293
11,面白い,neutral-negative,colleague,少しも,社内イベントの翌日、大輔は出席していなかった同僚に、余興がどれくらい面白かったか聞かれ、答えます。「余興、少しも面白くなかったです。」,-10.652905225753784,0.0004594141209963709
11,面白い,neutral-negative,colleague,全然,社内イベントの翌日、大輔は出席していなかった同僚に、余興がどれくらい面白かったか聞かれ、答えます。「余興、全然面白くなかったです。」,-4.872931480407715,0.1487356722354889
11,面白い,neutral-negative,colleague,相当,社内イベントの翌日、大輔は出席していなかった同僚に、余興がどれくらい面白かったか聞かれ、答えます。「余興、相当面白くなかったです。」,-8.366621971130371,0.004519856534898281
11,面白い,neutral-negative,colleague,超,社内イベントの翌日、大輔は出席していなかった同僚に、余興がどれくらい面白かったか聞かれ、答えます。「余興、超面白くなかったです。」,-11.178194522857666,0.0002716904564294964
11,面白い,neutral-negative,colleague,非常に,社内イベントの翌日、大輔は出席していなかった同僚に、余興がどれくらい面白かったか聞かれ、答えます。「余興、非常に面白くなかったです。」,-7.560244560241699,0.010123481042683125
11,面白い,neutral-negative,colleague,微妙に,社内イベントの翌日、大輔は出席していなかった同僚に、余興がどれくらい面白かったか聞かれ、答えます。「余興、微妙に面白くなかったです。」,-11.73993007838726,0.0001549228618387133
11,面白い,neutral-negative,colleague,普通に,社内イベントの翌日、大輔は出席していなかった同僚に、余興がどれくらい面白かったか聞かれ、答えます。「余興、普通に面白くなかったです。」,-10.195734977722168,0.0007256896933540702
11,面白い,neutral-negative,colleague,本当に,社内イベントの翌日、大輔は出席していなかった同僚に、余興がどれくらい面白かったか聞かれ、答えます。「余興、本当に面白くなかったです。」,-5.489459037780762,0.08028984814882278
11,面白い,neutral-negative,colleague,全く,社内イベントの翌日、大輔は出席していなかった同僚に、余興がどれくらい面白かったか聞かれ、答えます。「余興、全く面白くなかったです。」,-6.040553092956543,0.04627256095409393
12,面白い,annoyed,colleague,あまり,飲み会で、同僚が大輔のミスを何度も蒸し返して笑いを取っています。周りが気を遣って笑っているのも分かり、苛立った大輔は言います。「その話、あまり面白くないんですけど。そのくらいにしてもらえますか？」,-4.829620718955994,0.35115593671798706
12,面白い,annoyed,colleague,いまいち,飲み会で、同僚が大輔のミスを何度も蒸し返して笑いを取っています。周りが気を遣って笑っているのも分かり、苛立った大輔は言います。「その話、いまいち面白くないんですけど。そのくらいにしてもらえますか？」,-10.337352871894836,0.0014240407617762685
12,面白い,annoyed,colleague,かなり,飲み会で、同僚が大輔のミスを何度も蒸し返して笑いを取っています。周りが気を遣って笑っているのも分かり、苛立った大輔は言います。「その話、かなり面白くないんですけど。そのくらいにしてもらえますか？」,-9.265163898468018,0.004160718992352486
12,面白い,annoyed,colleague,すごく,飲み会で、同僚が大輔のミスを何度も蒸し返して笑いを取っています。周りが気を遣って笑っているのも分かり、苛立った大輔は言います。「その話、すごく面白くないんですけど。そのくらいにしてもらえますか？」,-7.4976277351379395,0.024366846308112144
12,面白い,annoyed,colleague,そこまで,飲み会で、同僚が大輔のミスを何度も蒸し返して笑いを取っています。周りが気を遣って笑っているのも分かり、苛立った大輔は言います。「その話、そこまで面白くないんですけど。そのくらいにしてもらえますか？」,-9.105701923370361,0.004880022257566452
12,面白い,annoyed,colleague,それほど,飲み会で、同僚が大輔のミスを何度も蒸し返して笑いを取っています。周りが気を遣って笑っているのも分かり、苛立った大輔は言います。「その話、それほど面白くないんですけど。そのくらいにしてもらえますか？」,-9.396961688995361,0.0036469458136707544
12,面白い,annoyed,colleague,そんなに,飲み会で、同僚が大輔のミスを何度も蒸し返して笑いを取っています。周りが気を遣って笑っているのも分かり、苛立った大輔は言います。「その話、そんなに面白くないんですけど。そのくらいにしてもらえますか？」,-7.252556324005127,0.031133826822042465
12,面白い,annoyed,colleague,たいして,飲み会で、同僚が大輔のミスを何度も蒸し返して笑いを取っています。周りが気を遣って笑っているのも分かり、苛立った大輔は言います。「その話、たいして面白くないんですけど。そのくらいにしてもらえますか？」,-12.10378235578537,0.00024342862889170647
12,面白い,annoyed,colleague,だいぶ,飲み会で、同僚が大輔のミスを何度も蒸し返して笑いを取っています。周りが気を遣って笑っているのも分かり、苛立った大輔は言います。「その話、だいぶ面白くないんですけど。そのくらいにしてもらえますか？」,-11.935284750536084,0.0002881040854845196
12,面白い,annoyed,colleague,ちっとも,飲み会で、同僚が大輔のミスを何度も蒸し返して笑いを取っています。周りが気を遣って笑っているのも分かり、苛立った大輔は言います。「その話、ちっとも面白くないんですけど。そのくらいにしてもらえますか？」,-16.375521548092365,3.3976543818425853e-06
12,面白い,annoyed,colleague,ちょっと,飲み会で、同僚が大輔のミスを何度も蒸し返して笑いを取っています。周りが気を遣って笑っているのも分かり、苛立った大輔は言います。「その話、ちょっと面白くないんですけど。そのくらいにしてもらえますか？」,-5.308994770050049,0.21742554008960724
12,面白い,annoyed,colleague,とても,飲み会で、同僚が大輔のミスを何度も蒸し返して笑いを取っています。周りが気を遣って笑っているのも分かり、苛立った大輔は言います。「その話、とても面白くないんですけど。そのくらいにしてもらえますか？」,-6.4068074226379395,0.07253316044807434
12,面白い,annoyed,colleague,なかなか,飲み会で、同僚が大輔のミスを何度も蒸し返して笑いを取っています。周りが気を遣って笑っているのも分かり、苛立った大輔は言います。「その話、なかなか面白くないんですけど。そのくらいにしてもらえますか？」,-7.129955768585205,0.035194698721170425
12,面白い,annoyed,colleague,（なし）,飲み会で、同僚が大輔のミスを何度も蒸し返して笑いを取っています。周りが気を遣って笑っているのも分かり、苛立った大輔は言います。「その話、（なし）面白くないんですけど。そのくらいにしてもらえますか？」,-29.138474464416504,9.734176138753714e-12
12,面白い,annoyed,colleague,ひどく,飲み会で、同僚が大輔のミスを何度も蒸し返して笑いを取っています。周りが気を遣って笑っているのも分かり、苛立った大輔は言います。「その話、ひどく面白くないんですけど。そのくらいにしてもらえますか？」,-17.230516731739044,1.444971417186025e-06
12,面白い,annoyed,colleague,まあまあ,飲み会で、同僚が大輔のミスを何度も蒸し返して笑いを取っています。周りが気を遣って笑っているのも分かり、苛立った大輔は言います。「その話、まあまあ面白くないんですけど。そのくらいにしてもらえますか？」,-11.25231647491455,0.0005703726783394814
12,面白い,annoyed,colleague,マジで,飲み会で、同僚が大輔のミスを何度も蒸し返して笑いを取っています。周りが気を遣って笑っているのも分かり、苛立った大輔は言います。「その話、マジで面白くないんですけど。そのくらいにしてもらえますか？」,-13.88083416223526,4.11725377489347e-05
12,面白い,annoyed,colleague,めっちゃ,飲み会で、同僚が大輔のミスを何度も蒸し返して笑いを取っています。周りが気を遣って笑っているのも分かり、苛立った大輔は言います。「その話、めっちゃ面白くないんですけど。そのくらいにしてもらえますか？」,-12.01126235537231,0.00026702560717239976
12,面白い,annoyed,colleague,やや,飲み会で、同僚が大輔のミスを何度も蒸し返して笑いを取っています。周りが気を遣って笑っているのも分かり、苛立った大輔は言います。「その話、やや面白くないんですけど。そのくらいにしてもらえますか？」,-14.3235604763031,2.6444422474014573e-05
12,面白い,annoyed,colleague,結構,飲み会で、同僚が大輔のミスを何度も蒸し返して笑いを取っています。周りが気を遣って笑っているのも分かり、苛立った大輔は言います。「その話、結構面白くないんですけど。そのくらいにしてもらえますか？」,-9.741859912872314,0.002583104185760021
12,面白い,annoyed,colleague,若干,飲み会で、同僚が大輔のミスを何度も蒸し返して笑いを取っています。周りが気を遣って笑っているのも分かり、苛立った大輔は言います。「その話、若干面白くないんですけど。そのくらいにしてもらえますか？」,-11.494041919708252,0.0004478977934923023
12,面白い,annoyed,colleague,少し,飲み会で、同僚が大輔のミスを何度も蒸し返して笑いを取っています。周りが気を遣って笑っているのも分かり、苛立った大輔は言います。「その話、少し面白くないんですけど。そのくらいにしてもらえますか？」,-9.005089282989502,0.005396563559770584
12,面白い,annoyed,colleague,少しも,飲み会で、同僚が大輔のミスを何度も蒸し返して笑いを取っています。周りが気を遣って笑っているのも分かり、苛立った大輔は言います。「その話、少しも面白くないんですけど。そのくらいにしてもらえますか？」,-10.884567141532898,0.000823891838081181
12,面白い,annoyed,colleague,全然,飲み会で、同僚が大輔のミスを何度も蒸し返して笑いを取っています。周りが気を遣って笑っているのも分かり、苛立った大輔は言います。「その話、全然面白くないんですけど。そのくらいにしてもらえますか？」,-5.500092029571533,0.17960485816001892
12,面白い,annoyed,colleague,相当,飲み会で、同僚が大輔のミスを何度も蒸し返して笑いを取っています。周りが気を遣って笑っているのも分かり、苛立った大輔は言います。「その話、相当面白くないんですけど。そのくらいにしてもらえますか？」,-9.465507984161377,0.0034053362905979156
12,面白い,annoyed,colleague,超,飲み会で、同僚が大輔のミスを何度も蒸し返して笑いを取っています。周りが気を遣って笑っているのも分かり、苛立った大輔は言います。「その話、超面白くないんですけど。そのくらいにしてもらえますか？」,-11.621361255645752,0.0003943527117371559
12,面白い,annoyed,colleague,非常に,飲み会で、同僚が大輔のミスを何度も蒸し返して笑いを取っています。周りが気を遣って笑っているのも分かり、苛立った大輔は言います。「その話、非常に面白くないんですけど。そのくらいにしてもらえますか？」,-9.095272541046143,0.004931184463202953
12,面白い,annoyed,colleague,微妙に,飲み会で、同僚が大輔のミスを何度も蒸し返して笑いを取っています。周りが気を遣って笑っているのも分かり、苛立った大輔は言います。「その話、微妙に面白くないんですけど。そのくらいにしてもらえますか？」,-11.918248772621155,0.00029305415228009224
12,面白い,annoyed,colleague,普通に,飲み会で、同僚が大輔のミスを何度も蒸し返して笑いを取っています。周りが気を遣って笑っているのも分かり、苛立った大輔は言います。「その話、普通に面白くないんですけど。そのくらいにしてもらえますか？」,-10.969471454620361,0.0007568276487290859
12,面白い,annoyed,colleague,本当に,飲み会で、同僚が大輔のミスを何度も蒸し返して笑いを取っています。周りが気を遣って笑っているのも分かり、苛立った大輔は言います。「その話、本当に面白くないんですけど。そのくらいにしてもらえますか？」,-7.1123433113098145,0.03582005575299263
12,面白い,annoyed,colleague,全く,飲み会で、同僚が大輔のミスを何度も蒸し返して笑いを取っています。周りが気を遣って笑っているのも分かり、苛立った大輔は言います。「その話、全く面白くないんですけど。そのくらいにしてもらえますか？」,-7.790546894073486,0.018179677426815033
13,面白い,encouraging,colleague,あまり,同僚が担当した余興が、思ったほど盛り上がりませんでした。申し訳なさそうにしている同僚を、大輔が励まします。「余興、あまり面白かったですよ。あの場を持たせただけでも十分だと思います。」,-11.688437461853027,0.002461459953337908
13,面白い,encouraging,colleague,いまいち,同僚が担当した余興が、思ったほど盛り上がりませんでした。申し訳なさそうにしている同僚を、大輔が励まします。「余興、いまいち面白かったですよ。あの場を持たせただけでも十分だと思います。」,-16.575992345809937,1.8558999727247283e-05
13,面白い,encouraging,colleague,かなり,同僚が担当した余興が、思ったほど盛り上がりませんでした。申し訳なさそうにしている同僚を、大輔が励まします。「余興、かなり面白かったですよ。あの場を持たせただけでも十分だと思います。」,-8.635531425476074,0.05212583765387535
13,面白い,encouraging,colleague,すごく,同僚が担当した余興が、思ったほど盛り上がりませんでした。申し訳なさそうにしている同僚を、大輔が励まします。「余興、すごく面白かったですよ。あの場を持たせただけでも十分だと思います。」,-7.809737205505371,0.11903945356607437
13,面白い,encouraging,colleague,そこまで,同僚が担当した余興が、思ったほど盛り上がりませんでした。申し訳なさそうにしている同僚を、大輔が励まします。「余興、そこまで面白かったですよ。あの場を持たせただけでも十分だと思います。」,-15.094740867614746,8.16307874629274e-05
13,面白い,encouraging,colleague,それほど,同僚が担当した余興が、思ったほど盛り上がりませんでした。申し訳なさそうにしている同僚を、大輔が励まします。「余興、それほど面白かったですよ。あの場を持たせただけでも十分だと思います。」,-13.706706047058105,0.000327091955114156
13,面白い,encouraging,colleague,そんなに,同僚が担当した余興が、思ったほど盛り上がりませんでした。申し訳なさそうにしている同僚を、大輔が励まします。「余興、そんなに面白かったですよ。あの場を持たせただけでも十分だと思います。」,-13.617964744567871,0.0003574454167392105
13,面白い,encouraging,colleague,たいして,同僚が担当した余興が、思ったほど盛り上がりませんでした。申し訳なさそうにしている同僚を、大輔が励まします。「余興、たいして面白かったですよ。あの場を持たせただけでも十分だと思います。」,-14.617916345596313,0.00013150321319699287
13,面白い,encouraging,colleague,だいぶ,同僚が担当した余興が、思ったほど盛り上がりませんでした。申し訳なさそうにしている同僚を、大輔が励まします。「余興、だいぶ面白かったですよ。あの場を持たせただけでも十分だと思います。」,-12.025498676346615,0.0017571509815752506
13,面白い,encouraging,colleague,ちっとも,同僚が担当した余興が、思ったほど盛り上がりませんでした。申し訳なさそうにしている同僚を、大輔が励まします。「余興、ちっとも面白かったですよ。あの場を持たせただけでも十分だと思います。」,-17.96529507637024,4.625810561265098e-06
13,面白い,encouraging,colleague,ちょっと,同僚が担当した余興が、思ったほど盛り上がりませんでした。申し訳なさそうにしている同僚を、大輔が励まします。「余興、ちょっと面白かったですよ。あの場を持たせただけでも十分だと思います。」,-9.145071983337402,0.03131571784615517
13,面白い,encouraging,colleague,とても,同僚が担当した余興が、思ったほど盛り上がりませんでした。申し訳なさそうにしている同僚を、大輔が励まします。「余興、とても面白かったですよ。あの場を持たせただけでも十分だと思います。」,-7.100790977478027,0.24187017977237701
13,面白い,encouraging,colleague,なかなか,同僚が担当した余興が、思ったほど盛り上がりませんでした。申し訳なさそうにしている同僚を、大輔が励まします。「余興、なかなか面白かったですよ。あの場を持たせただけでも十分だと思います。」,-9.015349388122559,0.035653337836265564
13,面白い,encouraging,colleague,（なし）,同僚が担当した余興が、思ったほど盛り上がりませんでした。申し訳なさそうにしている同僚を、大輔が励まします。「余興、（なし）面白かったですよ。あの場を持たせただけでも十分だと思います。」,-30.465636730194092,1.7232923421595103e-11
13,面白い,encouraging,colleague,ひどく,同僚が担当した余興が、思ったほど盛り上がりませんでした。申し訳なさそうにしている同僚を、大輔が励まします。「余興、ひどく面白かったですよ。あの場を持たせただけでも十分だと思います。」,-17.646920204162598,6.3599991335649975e-06
13,面白い,encouraging,colleague,まあまあ,同僚が担当した余興が、思ったほど盛り上がりませんでした。申し訳なさそうにしている同僚を、大輔が励まします。「余興、まあまあ面白かったですよ。あの場を持たせただけでも十分だと思います。」,-9.918351888656616,0.014452103525400162
13,面白い,encouraging,colleague,マジで,同僚が担当した余興が、思ったほど盛り上がりませんでした。申し訳なさそうにしている同僚を、大輔が励まします。「余興、マジで面白かったですよ。あの場を持たせただけでも十分だと思います。」,-14.72600470483303,0.00011803047527791932
13,面白い,encouraging,colleague,めっちゃ,同僚が担当した余興が、思ったほど盛り上がりませんでした。申し訳なさそうにしている同僚を、大輔が励まします。「余興、めっちゃ面白かったですよ。あの場を持たせただけでも十分だと思います。」,-14.287201516330242,0.00018304746481589973
13,面白い,encouraging,colleague,やや,同僚が担当した余興が、思ったほど盛り上がりませんでした。申し訳なさそうにしている同僚を、大輔が励まします。「余興、やや面白かったですよ。あの場を持たせただけでも十分だと思います。」,-13.258229374885559,0.0005122015136294067
13,面白い,encouraging,colleague,結構,同僚が担当した余興が、思ったほど盛り上がりませんでした。申し訳なさそうにしている同僚を、大輔が励まします。「余興、結構面白かったですよ。あの場を持たせただけでも十分だと思います。」,-8.697112083435059,0.04901272803544998
13,面白い,encouraging,colleague,若干,同僚が担当した余興が、思ったほど盛り上がりませんでした。申し訳なさそうにしている同僚を、大輔が励まします。「余興、若干面白かったですよ。あの場を持たせただけでも十分だと思います。」,-14.90748119354248,9.844187297858298e-05
13,面白い,encouraging,colleague,少し,同僚が担当した余興が、思ったほど盛り上がりませんでした。申し訳なさそうにしている同僚を、大輔が励まします。「余興、少し面白かったですよ。あの場を持たせただけでも十分だと思います。」,-12.337000846862793,0.0012868421617895365
13,面白い,encouraging,colleague,少しも,同僚が担当した余興が、思ったほど盛り上がりませんでした。申し訳なさそうにしている同僚を、大輔が励まします。「余興、少しも面白かったですよ。あの場を持たせただけでも十分だと思います。」,-17.10155487060547,1.097250515158521e-05
13,面白い,encouraging,colleague,全然,同僚が担当した余興が、思ったほど盛り上がりませんでした。申し訳なさそうにしている同僚を、大輔が励まします。「余興、全然面白かったですよ。あの場を持たせただけでも十分だと思います。」,-11.030539512634277,0.004752413835376501
13,面白い,encouraging,colleague,相当,同僚が担当した余興が、思ったほど盛り上がりませんでした。申し訳なさそうにしている同僚を、大輔が励まします。「余興、相当面白かったですよ。あの場を持たせただけでも十分だと思います。」,-8.836920738220215,0.04261777177453041
13,面白い,encouraging,colleague,超,同僚が担当した余興が、思ったほど盛り上がりませんでした。申し訳なさそうにしている同僚を、大輔が励まします。「余興、超面白かったですよ。あの場を持たせただけでも十分だと思います。」,-12.0104398727417,0.0017838113708421588
13,面白い,encouraging,colleague,非常に,同僚が担当した余興が、思ったほど盛り上がりませんでした。申し訳なさそうにしている同僚を、大輔が励まします。「余興、非常に面白かったですよ。あの場を持たせただけでも十分だと思います。」,-8.99610424041748,0.036346133798360825
13,面白い,encouraging,colleague,微妙に,同僚が担当した余興が、思ったほど盛り上がりませんでした。申し訳なさそうにしている同僚を、大輔が励まします。「余興、微妙に面白かったですよ。あの場を持たせただけでも十分だと思います。」,-15.65637919306755,4.655194061342627e-05
13,面白い,encouraging,colleague,普通に,同僚が担当した余興が、思ったほど盛り上がりませんでした。申し訳なさそうにしている同僚を、大輔が励まします。「余興、普通に面白かったですよ。あの場を持たせただけでも十分だと思います。」,-11.108187675476074,0.004397360607981682
13,面白い,encouraging,colleague,本当に,同僚が担当した余興が、思ったほど盛り上がりませんでした。申し訳なさそうにしている同僚を、大輔が励まします。「余興、本当に面白かったですよ。あの場を持たせただけでも十分だと思います。」,-6.706351399421692,0.3588271737098694
13,面白い,encouraging,colleague,全く,同僚が担当した余興が、思ったほど盛り上がりませんでした。申し訳なさそうにしている同僚を、大輔が励まします。「余興、全く面白かったですよ。あの場を持たせただけでも十分だと思います。」,-13.4954252243042,0.0004040433559566736
14,面白い,warning,boss,あまり,上司が朝礼で話す予定の小話を大輔に聞かせてきます。大輔は力になりたいと思い、遠慮がちに指摘します。「そのつかみ、私にはあまり面白く感じられないかもしれません。短くされてはいかがでしょうか？」,-2.5904570817947388,0.8105934858322144
14,面白い,warning,boss,いまいち,上司が朝礼で話す予定の小話を大輔に聞かせてきます。大輔は力になりたいと思い、遠慮がちに指摘します。「そのつかみ、私にはいまいち面白く感じられないかもしれません。短くされてはいかがでしょうか？」,-9.601393461227417,0.0007311255321837962
14,面白い,warning,boss,かなり,上司が朝礼で話す予定の小話を大輔に聞かせてきます。大輔は力になりたいと思い、遠慮がちに指摘します。「そのつかみ、私にはかなり面白く感じられないかもしれません。短くされてはいかがでしょうか？」,-9.781768083572388,0.0006104589556343853
14,面白い,warning,boss,すごく,上司が朝礼で話す予定の小話を大輔に聞かせてきます。大輔は力になりたいと思い、遠慮がちに指摘します。「そのつかみ、私にはすごく面白く感じられないかもしれません。短くされてはいかがでしょうか？」,-9.489287614822388,0.0008178603020496666
14,面白い,warning,boss,そこまで,上司が朝礼で話す予定の小話を大輔に聞かせてきます。大輔は力になりたいと思い、遠慮がちに指摘します。「そのつかみ、私にはそこまで面白く感じられないかもしれません。短くされてはいかがでしょうか？」,-6.7065346240997314,0.01321945060044527
14,面白い,warning,boss,それほど,上司が朝礼で話す予定の小話を大輔に聞かせてきます。大輔は力になりたいと思い、遠慮がちに指摘します。「そのつかみ、私にはそれほど面白く感じられないかもしれません。短くされてはいかがでしょうか？」,-6.400702714920044,0.017948761582374573
14,面白い,warning,boss,そんなに,上司が朝礼で話す予定の小話を大輔に聞かせてきます。大輔は力になりたいと思い、遠慮がちに指摘します。「そのつかみ、私にはそんなに面白く感じられないかもしれません。短くされてはいかがでしょうか？」,-7.219630479812622,0.007913684472441673
14,面白い,warning,boss,たいして,上司が朝礼で話す予定の小話を大輔に聞かせてきます。大輔は力になりたいと思い、遠慮がちに指摘します。「そのつかみ、私にはたいして面白く感じられないかもしれません。短くされてはいかがでしょうか？」,-11.960451543331146,6.90981323714368e-05
14,面白い,warning,boss,だいぶ,上司が朝礼で話す予定の小話を大輔に聞かせてきます。大輔は力になりたいと思い、遠慮がちに指摘します。「そのつかみ、私にはだいぶ面白く感じられないかもしれません。短くされてはいかがでしょうか？」,-12.210643268655986,5.380337097449228e-05
14,面白い,warning,boss,ちっとも,上司が朝礼で話す予定の小話を大輔に聞かせてきます。大輔は力になりたいと思い、遠慮がちに指摘します。「そのつかみ、私にはちっとも面白く感じられないかもしれません。短くされてはいかがでしょうか？」,-15.701784439384937,1.6391777535318397e-06
14,面白い,warning,boss,ちょっと,上司が朝礼で話す予定の小話を大輔に聞かせてきます。大輔は力になりたいと思い、遠慮がちに指摘します。「そのつかみ、私にはちょっと面白く感じられないかもしれません。短くされてはいかがでしょうか？」,-7.1763832569122314,0.008263437077403069
14,面白い,warning,boss,とても,上司が朝礼で話す予定の小話を大輔に聞かせてきます。大輔は力になりたいと思い、遠慮がちに指摘します。「そのつかみ、私にはとても面白く感じられないかもしれません。短くされてはいかがでしょうか？」,-5.667418718338013,0.03736764192581177
14,面白い,warning,boss,なかなか,上司が朝礼で話す予定の小話を大輔に聞かせてきます。大輔は力になりたいと思い、遠慮がちに指摘します。「そのつかみ、私にはなかなか面白く感じられないかもしれません。短くされてはいかがでしょうか？」,-4.835158586502075,0.08588981628417969
14,面白い,warning,boss,（なし）,上司が朝礼で話す予定の小話を大輔に聞かせてきます。大輔は力になりたいと思い、遠慮がちに指摘します。「そのつかみ、私には（なし）面白く感じられないかもしれません。短くされてはいかがでしょうか？」,-26.395402908325195,3.719170110771941e-11
14,面白い,warning,boss,ひどく,上司が朝礼で話す予定の小話を大輔に聞かせてきます。大輔は力になりたいと思い、遠慮がちに指摘します。「そのつかみ、私にはひどく面白く感じられないかもしれません。短くされてはいかがでしょうか？」,-13.736583396792412,1.169773440778954e-05
14,面白い,warning,boss,まあまあ,上司が朝礼で話す予定の小話を大輔に聞かせてきます。大輔は力になりたいと思い、遠慮がちに指摘します。「そのつかみ、私にはまあまあ面白く感じられないかもしれません。短くされてはいかがでしょうか？」,-14.83377742767334,3.904780442098854e-06
14,面白い,warning,boss,マジで,上司が朝礼で話す予定の小話を大輔に聞かせてきます。大輔は力になりたいと思い、遠慮がちに指摘します。「そのつかみ、私にはマジで面白く感じられないかもしれません。短くされてはいかがでしょうか？」,-14.353175297379494,6.314216989267152e-06
14,面白い,warning,boss,めっちゃ,上司が朝礼で話す予定の小話を大輔に聞かせてきます。大輔は力になりたいと思い、遠慮がちに指摘します。「そのつかみ、私にはめっちゃ面白く感じられないかもしれません。短くされてはいかがでしょうか？」,-11.80645927786827,8.060168329393491e-05
14,面白い,warning,boss,やや,上司が朝礼で話す予定の小話を大輔に聞かせてきます。大輔は力になりたいと思い、遠慮がちに指摘します。「そのつかみ、私にはやや面白く感じられないかもしれません。短くされてはいかがでしょうか？」,-10.7293661236763,0.00023665718617849052
14,面白い,warning,boss,結構,上司が朝礼で話す予定の小話を大輔に聞かせてきます。大輔は力になりたいと思い、遠慮がちに指摘します。「そのつかみ、私には結構面白く感じられないかもしれません。短くされてはいかがでしょうか？」,-11.679007768630981,9.155788575299084e-05
14,面白い,warning,boss,若干,上司が朝礼で話す予定の小話を大輔に聞かせてきます。大輔は力になりたいと思い、遠慮がちに指摘します。「そのつかみ、私には若干面白く感じられないかもしれません。短くされてはいかがでしょうか？」,-10.567931413650513,0.0002781186194624752
14,面白い,warning,boss,少し,上司が朝礼で話す予定の小話を大輔に聞かせてきます。大輔は力になりたいと思い、遠慮がちに指摘します。「そのつかみ、私には少し面白く感じられないかもしれません。短くされてはいかがでしょうか？」,-7.86796498298645,0.004138191696256399
14,面白い,warning,boss,少しも,上司が朝礼で話す予定の小話を大輔に聞かせてきます。大輔は力になりたいと思い、遠慮がちに指摘します。「そのつかみ、私には少しも面白く感じられないかもしれません。短くされてはいかがでしょうか？」,-10.361595869064331,0.00034185367985628545
14,面白い,warning,boss,全然,上司が朝礼で話す予定の小話を大輔に聞かせてきます。大輔は力になりたいと思い、遠慮がちに指摘します。「そのつかみ、私には全然面白く感じられないかもしれません。短くされてはいかがでしょうか？」,-7.514727830886841,0.005891414359211922
14,面白い,warning,boss,相当,上司が朝礼で話す予定の小話を大輔に聞かせてきます。大輔は力になりたいと思い、遠慮がちに指摘します。「そのつかみ、私には相当面白く感じられないかもしれません。短くされてはいかがでしょうか？」,-9.3781578540802,0.0009139914764091372
14,面白い,warning,boss,超,上司が朝礼で話す予定の小話を大輔に聞かせてきます。大輔は力になりたいと思い、遠慮がちに指摘します。「そのつかみ、私には超面白く感じられないかもしれません。短くされてはいかがでしょうか？」,-13.028838396072388,2.373951065237634e-05
14,面白い,warning,boss,非常に,上司が朝礼で話す予定の小話を大輔に聞かせてきます。大輔は力になりたいと思い、遠慮がちに指摘します。「そのつかみ、私には非常に面白く感じられないかもしれません。短くされてはいかがでしょうか？」,-9.199218034744263,0.0010930870193988085
14,面白い,warning,boss,微妙に,上司が朝礼で話す予定の小話を大輔に聞かせてきます。大輔は力になりたいと思い、遠慮がちに指摘します。「そのつかみ、私には微妙に面白く感じられないかもしれません。短くされてはいかがでしょうか？」,-13.430540204048157,1.588601116964128e-05
14,面白い,warning,boss,普通に,上司が朝礼で話す予定の小話を大輔に聞かせてきます。大輔は力になりたいと思い、遠慮がちに指摘します。「そのつかみ、私には普通に面白く感じられないかもしれません。短くされてはいかがでしょうか？」,-12.096198320388794,6.0327063692966476e-05
14,面白い,warning,boss,本当に,上司が朝礼で話す予定の小話を大輔に聞かせてきます。大輔は力になりたいと思い、遠慮がちに指摘します。「そのつかみ、私には本当に面白く感じられないかもしれません。短くされてはいかがでしょうか？」,-9.246047258377075,0.0010430787224322557
14,面白い,warning,boss,全く,上司が朝礼で話す予定の小話を大輔に聞かせてきます。大輔は力になりたいと思い、遠慮がちに指摘します。「そのつかみ、私には全く面白く感じられないかもしれません。短くされてはいかがでしょうか？」,-8.459899187088013,0.0022894798312336206
15,面白い,non-committal,boss,あまり,忘年会の出し物について上司に意見を求められます。自分の意見を押し付けたくない大輔は、慎重に答えます。「その案、あまり面白くないかもしれませんが、準備は楽です。」,-4.841504216194153,0.6010875701904297
15,面白い,non-committal,boss,いまいち,忘年会の出し物について上司に意見を求められます。自分の意見を押し付けたくない大輔は、慎重に答えます。「その案、いまいち面白くないかもしれませんが、準備は楽です。」,-13.173499464988708,0.00014467659639194608
15,面白い,non-committal,boss,かなり,忘年会の出し物について上司に意見を求められます。自分の意見を押し付けたくない大輔は、慎重に答えます。「その案、かなり面白くないかもしれませんが、準備は楽です。」,-9.86818790435791,0.0039434535428881645
15,面白い,non-committal,boss,すごく,忘年会の出し物について上司に意見を求められます。自分の意見を押し付けたくない大輔は、慎重に答えます。「その案、すごく面白くないかもしれませんが、準備は楽です。」,-9.49944019317627,0.005701928865164518
15,面白い,non-committal,boss,そこまで,忘年会の出し物について上司に意見を求められます。自分の意見を押し付けたくない大輔は、慎重に答えます。「その案、そこまで面白くないかもしれませんが、準備は楽です。」,-9.0956392288208,0.008538671769201756
15,面白い,non-committal,boss,それほど,忘年会の出し物について上司に意見を求められます。自分の意見を押し付けたくない大輔は、慎重に答えます。「その案、それほど面白くないかもしれませんが、準備は楽です。」,-8.850445747375488,0.010911299847066402
15,面白い,non-committal,boss,そんなに,忘年会の出し物について上司に意見を求められます。自分の意見を押し付けたくない大輔は、慎重に答えます。「その案、そんなに面白くないかもしれませんが、準備は楽です。」,-8.387146949768066,0.01734142005443573
15,面白い,non-committal,boss,たいして,忘年会の出し物について上司に意見を求められます。自分の意見を押し付けたくない大輔は、慎重に答えます。「その案、たいして面白くないかもしれませんが、準備は楽です。」,-14.787015408277512,2.8817563361371867e-05
15,面白い,non-committal,boss,だいぶ,忘年会の出し物について上司に意見を求められます。自分の意見を押し付けたくない大輔は、慎重に答えます。「その案、だいぶ面白くないかもしれませんが、準備は楽です。」,-13.040815980173647,0.00016520444478373975
15,面白い,non-committal,boss,ちっとも,忘年会の出し物について上司に意見を求められます。自分の意見を押し付けたくない大輔は、慎重に答えます。「その案、ちっとも面白くないかもしれませんが、準備は楽です。」,-16.182205140590668,7.140585694287438e-06
15,面白い,non-committal,boss,ちょっと,忘年会の出し物について上司に意見を求められます。自分の意見を押し付けたくない大輔は、慎重に答えます。「その案、ちょっと面白くないかもしれませんが、準備は楽です。」,-6.53756046295166,0.11024269461631775
15,面白い,non-committal,boss,とても,忘年会の出し物について上司に意見を求められます。自分の意見を押し付けたくない大輔は、慎重に答えます。「その案、とても面白くないかもしれませんが、準備は楽です。」,-6.839871406555176,0.08148128539323807
15,面白い,non-committal,boss,なかなか,忘年会の出し物について上司に意見を求められます。自分の意見を押し付けたくない大輔は、慎重に答えます。「その案、なかなか面白くないかもしれませんが、準備は楽です。」,-6.716225624084473,0.09220543503761292
15,面白い,non-committal,boss,（なし）,忘年会の出し物について上司に意見を求められます。自分の意見を押し付けたくない大輔は、慎重に答えます。「その案、（なし）面白くないかもしれませんが、準備は楽です。」,-29.35041856765747,1.364115851526515e-11
15,面白い,non-committal,boss,ひどく,忘年会の出し物について上司に意見を求められます。自分の意見を押し付けたくない大輔は、慎重に答えます。「その案、ひどく面白くないかもしれませんが、準備は楽です。」,-17.452312409877777,2.0050872535648523e-06
15,面白い,non-committal,boss,まあまあ,忘年会の出し物について上司に意見を求められます。自分の意見を押し付けたくない大輔は、慎重に答えます。「その案、まあまあ面白くないかもしれませんが、準備は楽です。」,-13.739107131958008,8.217842696467414e-05
15,面白い,non-committal,boss,マジで,忘年会の出し物について上司に意見を求められます。自分の意見を押し付けたくない大輔は、慎重に答えます。「その案、マジで面白くないかもしれませんが、準備は楽です。」,-16.828077346086502,3.743132083400269e-06
15,面白い,non-committal,boss,めっちゃ,忘年会の出し物について上司に意見を求められます。自分の意見を押し付けたくない大輔は、慎重に答えます。「その案、めっちゃ面白くないかもしれませんが、準備は楽です。」,-15.14156337082386,2.0215235053910874e-05
15,面白い,non-committal,boss,やや,忘年会の出し物について上司に意見を求められます。自分の意見を押し付けたくない大輔は、慎重に答えます。「その案、やや面白くないかもしれませんが、準備は楽です。」,-15.102137565612793,2.1028159608249553e-05
15,面白い,non-committal,boss,結構,忘年会の出し物について上司に意見を求められます。自分の意見を押し付けたくない大輔は、慎重に答えます。「その案、結構面白くないかもしれませんが、準備は楽です。」,-11.066338539123535,0.0011899439850822091
15,面白い,non-committal,boss,若干,忘年会の出し物について上司に意見を求められます。自分の意見を押し付けたくない大輔は、慎重に答えます。「その案、若干面白くないかもしれませんが、準備は楽です。」,-10.269013404846191,0.0026411947328597307
15,面白い,non-committal,boss,少し,忘年会の出し物について上司に意見を求められます。自分の意見を押し付けたくない大輔は、慎重に答えます。「その案、少し面白くないかもしれませんが、準備は楽です。」,-8.105774879455566,0.022976450622081757
15,面白い,non-committal,boss,少しも,忘年会の出し物について上司に意見を求められます。自分の意見を押し付けたくない大輔は、慎重に答えます。「その案、少しも面白くないかもしれませんが、準備は楽です。」,-13.832566499710083,7.48460806789808e-05
15,面白い,non-committal,boss,全然,忘年会の出し物について上司に意見を求められます。自分の意見を押し付けたくない大輔は、慎重に答えます。「その案、全然面白くないかもしれませんが、準備は楽です。」,-8.25841236114502,0.0197239238768816
15,面白い,non-committal,boss,相当,忘年会の出し物について上司に意見を求められます。自分の意見を押し付けたくない大輔は、慎重に答えます。「その案、相当面白くないかもしれませんが、準備は楽です。」,-10.617108345031738,0.0018647675169631839
15,面白い,non-committal,boss,超,忘年会の出し物について上司に意見を求められます。自分の意見を押し付けたくない大輔は、慎重に答えます。「その案、超面白くないかもしれませんが、準備は楽です。」,-14.479290962219238,3.920126619050279e-05
15,面白い,non-committal,boss,非常に,忘年会の出し物について上司に意見を求められます。自分の意見を押し付けたくない大輔は、慎重に答えます。「その案、非常に面白くないかもしれませんが、準備は楽です。」,-9.255558967590332,0.0072767604142427444
15,面白い,non-committal,boss,微妙に,忘年会の出し物について上司に意見を求められます。自分の意見を押し付けたくない大輔は、慎重に答えます。「その案、微妙に面白くないかもしれませんが、準備は楽です。」,-15.141715407371521,2.0212171875755303e-05
15,面白い,non-committal,boss,普通に,忘年会の出し物について上司に意見を求められます。自分の意見を押し付けたくない大輔は、慎重に答えます。「その案、普通に面白くないかもしれませんが、準備は楽です。」,-12.408299446105957,0.0003109712852165103
15,面白い,non-committal,boss,本当に,忘年会の出し物について上司に意見を求められます。自分の意見を押し付けたくない大輔は、慎重に答えます。「その案、本当に面白くないかもしれませんが、準備は楽です。」,-9.761162757873535,0.004388914443552494
15,面白い,non-committal,boss,全く,忘年会の出し物について上司に意見を求められます。自分の意見を押し付けたくない大輔は、慎重に答えます。「その案、全く面白くないかもしれませんが、準備は楽です。」,-9.216839790344238,0.007564036175608635
16,面白い,acknowledge,boss,あまり,上司に強く勧められたコメディ映画を、大輔は半信半疑で見ました。しかし、上司の言った通りに面白かったです。翌日、勧めてもらったことについて感謝します。「映画、あまり面白かったです。勧めていただいてありがとうございます。」,-11.494858741760254,0.000390603207051754
16,面白い,acknowledge,boss,いまいち,上司に強く勧められたコメディ映画を、大輔は半信半疑で見ました。しかし、上司の言った通りに面白かったです。翌日、勧めてもらったことについて感謝します。「映画、いまいち面白かったです。勧めていただいてありがとうございます。」,-15.883703708648682,4.84936253997148e-06
16,面白い,acknowledge,boss,かなり,上司に強く勧められたコメディ映画を、大輔は半信半疑で見ました。しかし、上司の言った通りに面白かったです。翌日、勧めてもらったことについて感謝します。「映画、かなり面白かったです。勧めていただいてありがとうございます。」,-8.492126941680908,0.007866940461099148
16,面白い,acknowledge,boss,すごく,上司に強く勧められたコメディ映画を、大輔は半信半疑で見ました。しかし、上司の言った通りに面白かったです。翌日、勧めてもらったことについて感謝します。「映画、すごく面白かったです。勧めていただいてありがとうございます。」,-6.36980128288269,0.06569311767816544
16,面白い,acknowledge,boss,そこまで,上司に強く勧められたコメディ映画を、大輔は半信半疑で見ました。しかし、上司の言った通りに面白かったです。翌日、勧めてもらったことについて感謝します。「映画、そこまで面白かったです。勧めていただいてありがとうございます。」,-15.259461402893066,9.052943823917303e-06
16,面白い,acknowledge,boss,それほど,上司に強く勧められたコメディ映画を、大輔は半信半疑で見ました。しかし、上司の言った通りに面白かったです。翌日、勧めてもらったことについて感謝します。「映画、それほど面白かったです。勧めていただいてありがとうございます。」,-13.40514850616455,5.782394509878941e-05
16,面白い,acknowledge,boss,そんなに,上司に強く勧められたコメディ映画を、大輔は半信半疑で見ました。しかし、上司の言った通りに面白かったです。翌日、勧めてもらったことについて感謝します。「映画、そんなに面白かったです。勧めていただいてありがとうございます。」,-13.612900733947754,4.697665281128138e-05
16,面白い,acknowledge,boss,たいして,上司に強く勧められたコメディ映画を、大輔は半信半疑で見ました。しかし、上司の言った通りに面白かったです。翌日、勧めてもらったことについて感謝します。「映画、たいして面白かったです。勧めていただいてありがとうございます。」,-14.085427403450012,2.9286426070029847e-05
16,面白い,acknowledge,boss,だいぶ,上司に強く勧められたコメディ映画を、大輔は半信半疑で見ました。しかし、上司の言った通りに面白かったです。翌日、勧めてもらったことについて感謝します。「映画、だいぶ面白かったです。勧めていただいてありがとうございます。」,-9.801617217017338,0.0021237386390566826
16,面白い,acknowledge,boss,ちっとも,上司に強く勧められたコメディ映画を、大輔は半信半疑で見ました。しかし、上司の言った通りに面白かったです。翌日、勧めてもらったことについて感謝します。「映画、ちっとも面白かったです。勧めていただいてありがとうございます。」,-17.381285786628723,1.0846570148714818e-06
16,面白い,acknowledge,boss,ちょっと,上司に強く勧められたコメディ映画を、大輔は半信半疑で見ました。しかし、上司の言った通りに面白かったです。翌日、勧めてもらったことについて感謝します。「映画、ちょっと面白かったです。勧めていただいてありがとうございます。」,-10.744057178497314,0.0008275704458355904
16,面白い,acknowledge,boss,とても,上司に強く勧められたコメディ映画を、大輔は半信半疑で見ました。しかし、上司の言った通りに面白かったです。翌日、勧めてもらったことについて感謝します。「映画、とても面白かったです。勧めていただいてありがとうございます。」,-4.319210708141327,0.5105993151664734
16,面白い,acknowledge,boss,なかなか,上司に強く勧められたコメディ映画を、大輔は半信半疑で見ました。しかし、上司の言った通りに面白かったです。翌日、勧めてもらったことについて感謝します。「映画、なかなか面白かったです。勧めていただいてありがとうございます。」,-10.149780750274658,0.0014993256190791726
16,面白い,acknowledge,boss,（なし）,上司に強く勧められたコメディ映画を、大輔は半信半疑で見ました。しかし、上司の言った通りに面白かったです。翌日、勧めてもらったことについて感謝します。「映画、（なし）面白かったです。勧めていただいてありがとうございます。」,-28.00213861465454,2.646764057923079e-11
16,面白い,acknowledge,boss,ひどく,上司に強く勧められたコメディ映画を、大輔は半信半疑で見ました。しかし、上司の言った通りに面白かったです。翌日、勧めてもらったことについて感謝します。「映画、ひどく面白かったです。勧めていただいてありがとうございます。」,-15.413483530282974,7.76066372054629e-06
16,面白い,acknowledge,boss,まあまあ,上司に強く勧められたコメディ映画を、大輔は半信半疑で見ました。しかし、上司の言った通りに面白かったです。翌日、勧めてもらったことについて感謝します。「映画、まあまあ面白かったです。勧めていただいてありがとうございます。」,-10.737123370170593,0.0008333281730301678
16,面白い,acknowledge,boss,マジで,上司に強く勧められたコメディ映画を、大輔は半信半疑で見ました。しかし、上司の言った通りに面白かったです。翌日、勧めてもらったことについて感謝します。「映画、マジで面白かったです。勧めていただいてありがとうございます。」,-11.62510558962822,0.0003429021453484893
16,面白い,acknowledge,boss,めっちゃ,上司に強く勧められたコメディ映画を、大輔は半信半疑で見ました。しかし、上司の言った通りに面白かったです。翌日、勧めてもらったことについて感謝します。「映画、めっちゃ面白かったです。勧めていただいてありがとうございます。」,-13.171618178486824,7.303457095986232e-05
16,面白い,acknowledge,boss,やや,上司に強く勧められたコメディ映画を、大輔は半信半疑で見ました。しかし、上司の言った通りに面白かったです。翌日、勧めてもらったことについて感謝します。「映画、やや面白かったです。勧めていただいてありがとうございます。」,-11.803655326366425,0.0002868316078092903
16,面白い,acknowledge,boss,結構,上司に強く勧められたコメディ映画を、大輔は半信半疑で見ました。しかし、上司の言った通りに面白かったです。翌日、勧めてもらったことについて感謝します。「映画、結構面白かったです。勧めていただいてありがとうございます。」,-10.261642932891846,0.0013406481593847275
16,面白い,acknowledge,boss,若干,上司に強く勧められたコメディ映画を、大輔は半信半疑で見ました。しかし、上司の言った通りに面白かったです。翌日、勧めてもらったことについて感謝します。「映画、若干面白かったです。勧めていただいてありがとうございます。」,-15.437764167785645,7.57449925004039e-06
16,面白い,acknowledge,boss,少し,上司に強く勧められたコメディ映画を、大輔は半信半疑で見ました。しかし、上司の言った通りに面白かったです。翌日、勧めてもらったことについて感謝します。「映画、少し面白かったです。勧めていただいてありがとうございます。」,-12.2355318069458,0.00018623683718033135
16,面白い,acknowledge,boss,少しも,上司に強く勧められたコメディ映画を、大輔は半信半疑で見ました。しかし、上司の言った通りに面白かったです。翌日、勧めてもらったことについて感謝します。「映画、少しも面白かったです。勧めていただいてありがとうございます。」,-15.087873935699463,1.0747541637101676e-05
16,面白い,acknowledge,boss,全然,上司に強く勧められたコメディ映画を、大輔は半信半疑で見ました。しかし、上司の言った通りに面白かったです。翌日、勧めてもらったことについて感謝します。「映画、全然面白かったです。勧めていただいてありがとうございます。」,-11.774552345275879,0.0002953020157292485
16,面白い,acknowledge,boss,相当,上司に強く勧められたコメディ映画を、大輔は半信半疑で見ました。しかし、上司の言った通りに面白かったです。翌日、勧めてもらったことについて感謝します。「映画、相当面白かったです。勧めていただいてありがとうございます。」,-9.056408405303955,0.00447446946054697
16,面白い,acknowledge,boss,超,上司に強く勧められたコメディ映画を、大輔は半信半疑で見ました。しかし、上司の言った通りに面白かったです。翌日、勧めてもらったことについて感謝します。「映画、超面白かったです。勧めていただいてありがとうございます。」,-10.750839710235596,0.0008219764567911625
16,面白い,acknowledge,boss,非常に,上司に強く勧められたコメディ映画を、大輔は半信半疑で見ました。しかし、上司の言った通りに面白かったです。翌日、勧めてもらったことについて感謝します。「映画、非常に面白かったです。勧めていただいてありがとうございます。」,-6.336388349533081,0.06792519986629486
16,面白い,acknowledge,boss,微妙に,上司に強く勧められたコメディ映画を、大輔は半信半疑で見ました。しかし、上司の言った通りに面白かったです。翌日、勧めてもらったことについて感謝します。「映画、微妙に面白かったです。勧めていただいてありがとうございます。」,-13.75267992913723,4.0848524804459885e-05
16,面白い,acknowledge,boss,普通に,上司に強く勧められたコメディ映画を、大輔は半信半疑で見ました。しかし、上司の言った通りに面白かったです。翌日、勧めてもらったことについて感謝します。「映画、普通に面白かったです。勧めていただいてありがとうございます。」,-11.396484851837158,0.00043098212336190045
16,面白い,acknowledge,boss,本当に,上司に強く勧められたコメディ映画を、大輔は半信半疑で見ました。しかし、上司の言った通りに面白かったです。翌日、勧めてもらったことについて感謝します。「映画、本当に面白かったです。勧めていただいてありがとうございます。」,-4.745110273361206,0.33351412415504456
16,面白い,acknowledge,boss,全く,上司に強く勧められたコメディ映画を、大輔は半信半疑で見ました。しかし、上司の言った通りに面白かったです。翌日、勧めてもらったことについて感謝します。「映画、全く面白かったです。勧めていただいてありがとうございます。」,-11.908398628234863,0.0002583079331088811
17,面白い,neutral-positive,boss,あまり,上司に、社内イベントの余興がどれくらい面白かったか聞かれ、大輔は答えます。「余興、あまり面白かったです。」,-9.058471441268921,0.0022898048628121614
17,面白い,neutral-positive,boss,いまいち,上司に、社内イベントの余興がどれくらい面白かったか聞かれ、大輔は答えます。「余興、いまいち面白かったです。」,-12.895271062850952,4.93739171361085e-05
17,面白い,neutral-positive,boss,かなり,上司に、社内イベントの余興がどれくらい面白かったか聞かれ、大輔は答えます。「余興、かなり面白かったです。」,-5.7955052852630615,0.05982554703950882
17,面白い,neutral-positive,boss,すごく,上司に、社内イベントの余興がどれくらい面白かったか聞かれ、大輔は答えます。「余興、すごく面白かったです。」,-4.941692113876343,0.14050540328025818
17,面白い,neutral-positive,boss,そこまで,上司に、社内イベントの余興がどれくらい面白かったか聞かれ、大輔は答えます。「余興、そこまで面白かったです。」,-12.491622686386108,7.39264432922937e-05
17,面白い,neutral-positive,boss,それほど,上司に、社内イベントの余興がどれくらい面白かったか聞かれ、大輔は答えます。「余興、それほど面白かったです。」,-10.402721166610718,0.0005970328347757459
17,面白い,neutral-positive,boss,そんなに,上司に、社内イベントの余興がどれくらい面白かったか聞かれ、大輔は答えます。「余興、そんなに面白かったです。」,-10.036426305770874,0.0008611485245637596
17,面白い,neutral-positive,boss,たいして,上司に、社内イベントの余興がどれくらい面白かったか聞かれ、大輔は答えます。「余興、たいして面白かったです。」,-11.769159078598022,0.00015225156676024199
17,面白い,neutral-positive,boss,だいぶ,上司に、社内イベントの余興がどれくらい面白かったか聞かれ、大輔は答えます。「余興、だいぶ面白かったです。」,-9.854607325745746,0.0010328590869903564
17,面白い,neutral-positive,boss,ちっとも,上司に、社内イベントの余興がどれくらい面白かったか聞かれ、大輔は答えます。「余興、ちっとも面白かったです。」,-16.930606365203857,8.729183491595904e-07
17,面白い,neutral-positive,boss,ちょっと,上司に、社内イベントの余興がどれくらい面白かったか聞かれ、大輔は答えます。「余興、ちょっと面白かったです。」,-7.514800786972046,0.01072027999907732
17,面白い,neutral-positive,boss,とても,上司に、社内イベントの余興がどれくらい面白かったか聞かれ、大輔は答えます。「余興、とても面白かったです。」,-4.107372045516968,0.32361871004104614
17,面白い,neutral-positive,boss,なかなか,上司に、社内イベントの余興がどれくらい面白かったか聞かれ、大輔は答えます。「余興、なかなか面白かったです。」,-7.803085088729858,0.008035369217395782
17,面白い,neutral-positive,boss,（なし）,上司に、社内イベントの余興がどれくらい面白かったか聞かれ、大輔は答えます。「余興、（なし）面白かったです。」,-27.276099681854248,2.8053236816871774e-11
17,面白い,neutral-positive,boss,ひどく,上司に、社内イベントの余興がどれくらい面白かったか聞かれ、大輔は答えます。「余興、ひどく面白かったです。」,-14.054945886135101,1.5483077731914818e-05
17,面白い,neutral-positive,boss,まあまあ,上司に、社内イベントの余興がどれくらい面白かったか聞かれ、大輔は答えます。「余興、まあまあ面白かったです。」,-9.048084735870361,0.0023137140087783337
17,面白い,neutral-positive,boss,マジで,上司に、社内イベントの余興がどれくらい面白かったか聞かれ、大輔は答えます。「余興、マジで面白かったです。」,-12.49352577328682,7.378592999884859e-05
17,面白い,neutral-positive,boss,めっちゃ,上司に、社内イベントの余興がどれくらい面白かったか聞かれ、大輔は答えます。「余興、めっちゃ面白かったです。」,-11.594366684556007,0.0001813314447645098
17,面白い,neutral-positive,boss,やや,上司に、社内イベントの余興がどれくらい面白かったか聞かれ、大輔は答えます。「余興、やや面白かったです。」,-10.974759101867676,0.00033694994635879993
17,面白い,neutral-positive,boss,結構,上司に、社内イベントの余興がどれくらい面白かったか聞かれ、大輔は答えます。「余興、結構面白かったです。」,-6.883289098739624,0.020158961415290833
17,面白い,neutral-positive,boss,若干,上司に、社内イベントの余興がどれくらい面白かったか聞かれ、大輔は答えます。「余興、若干面白かったです。」,-11.977405309677124,0.00012362936104182154
17,面白い,neutral-positive,boss,少し,上司に、社内イベントの余興がどれくらい面白かったか聞かれ、大輔は答えます。「余興、少し面白かったです。」,-9.948772192001343,0.000940038706175983
17,面白い,neutral-positive,boss,少しも,上司に、社内イベントの余興がどれくらい面白かったか聞かれ、大輔は答えます。「余興、少しも面白かったです。」,-13.278786420822144,3.3646425436018035e-05
17,面白い,neutral-positive,boss,全然,上司に、社内イベントの余興がどれくらい面白かったか聞かれ、大輔は答えます。「余興、全然面白かったです。」,-8.84325385093689,0.0028396593406796455
17,面白い,neutral-positive,boss,相当,上司に、社内イベントの余興がどれくらい面白かったか聞かれ、大輔は答えます。「余興、相当面白かったです。」,-6.940948247909546,0.019029486924409866
17,面白い,neutral-positive,boss,超,上司に、社内イベントの余興がどれくらい面白かったか聞かれ、大輔は答えます。「余興、超面白かったです。」,-8.730018377304077,0.003180122235789895
17,面白い,neutral-positive,boss,非常に,上司に、社内イベントの余興がどれくらい面白かったか聞かれ、大輔は答えます。「余興、非常に面白かったです。」,-5.73324179649353,0.06366889923810959
17,面白い,neutral-positive,boss,微妙に,上司に、社内イベントの余興がどれくらい面白かったか聞かれ、大輔は答えます。「余興、微妙に面白かったです。」,-12.200601190328598,9.88982937997207e-05
17,面白い,neutral-positive,boss,普通に,上司に、社内イベントの余興がどれくらい面白かったか聞かれ、大輔は答えます。「余興、普通に面白かったです。」,-8.35476279258728,0.00462823361158371
17,面白い,neutral-positive,boss,本当に,上司に、社内イベントの余興がどれくらい面白かったか聞かれ、大輔は答えます。「余興、本当に面白かったです。」,-4.0763585567474365,0.33381250500679016
17,面白い,neutral-positive,boss,全く,上司に、社内イベントの余興がどれくらい面白かったか聞かれ、大輔は答えます。「余興、全く面白かったです。」,-10.107501745223999,0.000802066526375711
18,面白い,neutral-negative,boss,あまり,上司に、社内イベントの余興がどれくらい面白かったか聞かれ、大輔は答えます。「余興、あまり面白くなかったです。」,-4.128316402435303,0.47024640440940857
18,面白い,neutral-negative,boss,いまいち,上司に、社内イベントの余興がどれくらい面白かったか聞かれ、大輔は答えます。「余興、いまいち面白くなかったです。」,-11.65111756324768,0.0002542228321544826
18,面白い,neutral-negative,boss,かなり,上司に、社内イベントの余興がどれくらい面白かったか聞かれ、大輔は答えます。「余興、かなり面白くなかったです。」,-8.850682497024536,0.004182423930615187
18,面白い,neutral-negative,boss,すごく,上司に、社内イベントの余興がどれくらい面白かったか聞かれ、大輔は答えます。「余興、すごく面白くなかったです。」,-7.760854005813599,0.012437541037797928
18,面白い,neutral-negative,boss,そこまで,上司に、社内イベントの余興がどれくらい面白かったか聞かれ、大輔は答えます。「余興、そこまで面白くなかったです。」,-9.023915529251099,0.0035171741619706154
18,面白い,neutral-negative,boss,それほど,上司に、社内イベントの余興がどれくらい面白かったか聞かれ、大輔は答えます。「余興、それほど面白くなかったです。」,-7.724133729934692,0.012902740389108658
18,面白い,neutral-negative,boss,そんなに,上司に、社内イベントの余興がどれくらい面白かったか聞かれ、大輔は答えます。「余興、そんなに面白くなかったです。」,-6.172646999359131,0.06088131293654442
18,面白い,neutral-negative,boss,たいして,上司に、社内イベントの余興がどれくらい面白かったか聞かれ、大輔は答えます。「余興、たいして面白くなかったです。」,-11.332202583551407,0.000349717476638034
18,面白い,neutral-negative,boss,だいぶ,上司に、社内イベントの余興がどれくらい面白かったか聞かれ、大輔は答えます。「余興、だいぶ面白くなかったです。」,-10.982935654465109,0.0004959090729244053
18,面白い,neutral-negative,boss,ちっとも,上司に、社内イベントの余興がどれくらい面白かったか聞かれ、大輔は答えます。「余興、ちっとも面白くなかったです。」,-15.448938697576523,5.699569101125235e-06
18,面白い,neutral-negative,boss,ちょっと,上司に、社内イベントの余興がどれくらい面白かったか聞かれ、大輔は答えます。「余興、ちょっと面白くなかったです。」,-6.489797115325928,0.044335074722766876
18,面白い,neutral-negative,boss,とても,上司に、社内イベントの余興がどれくらい面白かったか聞かれ、大輔は答えます。「余興、とても面白くなかったです。」,-5.584764003753662,0.10959691554307938
18,面白い,neutral-negative,boss,なかなか,上司に、社内イベントの余興がどれくらい面白かったか聞かれ、大輔は答えます。「余興、なかなか面白くなかったです。」,-6.930897951126099,0.02852199412882328
18,面白い,neutral-negative,boss,（なし）,上司に、社内イベントの余興がどれくらい面白かったか聞かれ、大輔は答えます。「余興、（なし）面白くなかったです。」,-27.437403678894043,3.542560689240304e-11
18,面白い,neutral-negative,boss,ひどく,上司に、社内イベントの余興がどれくらい面白かったか聞かれ、大輔は答えます。「余興、ひどく面白くなかったです。」,-14.446398973464966,1.5532417819486e-05
18,面白い,neutral-negative,boss,まあまあ,上司に、社内イベントの余興がどれくらい面白かったか聞かれ、大輔は答えます。「余興、まあまあ面白くなかったです。」,-10.796733140945435,0.0005974051891826093
18,面白い,neutral-negative,boss,マジで,上司に、社内イベントの余興がどれくらい面白かったか聞かれ、大輔は答えます。「余興、マジで面白くなかったです。」,-12.764593362808228,8.349074778379872e-05
18,面白い,neutral-negative,boss,めっちゃ,上司に、社内イベントの余興がどれくらい面白かったか聞かれ、大輔は答えます。「余興、めっちゃ面白くなかったです。」,-11.480521976947784,0.0003015109687112272
18,面白い,neutral-negative,boss,やや,上司に、社内イベントの余興がどれくらい面白かったか聞かれ、大輔は答えます。「余興、やや面白くなかったです。」,-12.790151357650757,8.138389239320531e-05
18,面白い,neutral-negative,boss,結構,上司に、社内イベントの余興がどれくらい面白かったか聞かれ、大輔は答えます。「余興、結構面白くなかったです。」,-10.03332257270813,0.0012817814713343978
18,面白い,neutral-negative,boss,若干,上司に、社内イベントの余興がどれくらい面白かったか聞かれ、大輔は答えます。「余興、若干面白くなかったです。」,-11.92244839668274,0.0001938103960128501
18,面白い,neutral-negative,boss,少し,上司に、社内イベントの余興がどれくらい面白かったか聞かれ、大輔は答えます。「余興、少し面白くなかったです。」,-9.55285382270813,0.0020724255591630936
18,面白い,neutral-negative,boss,少しも,上司に、社内イベントの余興がどれくらい面白かったか聞かれ、大輔は答えます。「余興、少しも面白くなかったです。」,-11.088251233100891,0.0004463384102564305
18,面白い,neutral-negative,boss,全然,上司に、社内イベントの余興がどれくらい面白かったか聞かれ、大輔は答えます。「余興、全然面白くなかったです。」,-5.4883246421813965,0.12069281935691833
18,面白い,neutral-negative,boss,相当,上司に、社内イベントの余興がどれくらい面白かったか聞かれ、大輔は答えます。「余興、相当面白くなかったです。」,-9.172219514846802,0.0030323988758027554
18,面白い,neutral-negative,boss,超,上司に、社内イベントの余興がどれくらい面白かったか聞かれ、大輔は答えます。「余興、超面白くなかったです。」,-11.998734712600708,0.00017957518866751343
18,面白い,neutral-negative,boss,非常に,上司に、社内イベントの余興がどれくらい面白かったか聞かれ、大輔は答えます。「余興、非常に面白くなかったです。」,-8.07222867012024,0.009109745733439922
18,面白い,neutral-negative,boss,微妙に,上司に、社内イベントの余興がどれくらい面白かったか聞かれ、大輔は答えます。「余興、微妙に面白くなかったです。」,-12.105623841285706,0.00016137071361299604
18,面白い,neutral-negative,boss,普通に,上司に、社内イベントの余興がどれくらい面白かったか聞かれ、大輔は答えます。「余興、普通に面白くなかったです。」,-10.34118390083313,0.0009421314462088048
18,面白い,neutral-negative,boss,本当に,上司に、社内イベントの余興がどれくらい面白かったか聞かれ、大輔は答えます。「余興、本当に面白くなかったです。」,-6.006894588470459,0.0718570426106453
18,面白い,neutral-negative,boss,全く,上司に、社内イベントの余興がどれくらい面白かったか聞かれ、大輔は答えます。「余興、全く面白くなかったです。」,-6.562547206878662,0.041224222630262375
19,面白い,annoyed,boss,あまり,上司が会議のたびに大輔の過去のミスをネタにして場を和ませようとします。何度目かで大輔は限界を感じ、二人になったときに苛立ちながら伝えます。「あの話、私は正直あまり面白く感じられないので、そろそろ勘弁していただきたいです。」,-3.4555898904800415,0.7518041133880615
19,面白い,annoyed,boss,いまいち,上司が会議のたびに大輔の過去のミスをネタにして場を和ませようとします。何度目かで大輔は限界を感じ、二人になったときに苛立ちながら伝えます。「あの話、私は正直いまいち面白く感じられないので、そろそろ勘弁していただきたいです。」,-9.11865484714508,0.002610157011076808
19,面白い,annoyed,boss,かなり,上司が会議のたびに大輔の過去のミスをネタにして場を和ませようとします。何度目かで大輔は限界を感じ、二人になったときに苛立ちながら伝えます。「あの話、私は正直かなり面白く感じられないので、そろそろ勘弁していただきたいです。」,-10.47339677810669,0.000673457223456353
19,面白い,annoyed,boss,すごく,上司が会議のたびに大輔の過去のミスをネタにして場を和ませようとします。何度目かで大輔は限界を感じ、二人になったときに苛立ちながら伝えます。「あの話、私は正直すごく面白く感じられないので、そろそろ勘弁していただきたいです。」,-9.52460527420044,0.0017392619047313929
19,面白い,annoyed,boss,そこまで,上司が会議のたびに大輔の過去のミスをネタにして場を和ませようとします。何度目かで大輔は限界を感じ、二人になったときに苛立ちながら伝えます。「あの話、私は正直そこまで面白く感じられないので、そろそろ勘弁していただきたいです。」,-7.677212238311768,0.01103258691728115
19,面白い,annoyed,boss,それほど,上司が会議のたびに大輔の過去のミスをネタにして場を和ませようとします。何度目かで大輔は限界を感じ、二人になったときに苛立ちながら伝えます。「あの話、私は正直それほど面白く感じられないので、そろそろ勘弁していただきたいです。」,-9.06974458694458,0.0027409961912781
19,面白い,annoyed,boss,そんなに,上司が会議のたびに大輔の過去のミスをネタにして場を和ませようとします。何度目かで大輔は限界を感じ、二人になったときに苛立ちながら伝えます。「あの話、私は正直そんなに面白く感じられないので、そろそろ勘弁していただきたいです。」,-7.042648792266846,0.020809650421142578
19,面白い,annoyed,boss,たいして,上司が会議のたびに大輔の過去のミスをネタにして場を和ませようとします。何度目かで大輔は限界を感じ、二人になったときに苛立ちながら伝えます。「あの話、私は正直たいして面白く感じられないので、そろそろ勘弁していただきたいです。」,-13.13114845752716,4.721317600342445e-05
19,面白い,annoyed,boss,だいぶ,上司が会議のたびに大輔の過去のミスをネタにして場を和ませようとします。何度目かで大輔は限界を感じ、二人になったときに苛立ちながら伝えます。「あの話、私は正直だいぶ面白く感じられないので、そろそろ勘弁していただきたいです。」,-9.831408355385065,0.0012797401286661625
19,面白い,annoyed,boss,ちっとも,上司が会議のたびに大輔の過去のミスをネタにして場を和ませようとします。何度目かで大輔は限界を感じ、二人になったときに苛立ちながら伝えます。「あの話、私は正直ちっとも面白く感じられないので、そろそろ勘弁していただきたいです。」,-15.345553666353226,5.15655119670555e-06
19,面白い,annoyed,boss,ちょっと,上司が会議のたびに大輔の過去のミスをネタにして場を和ませようとします。何度目かで大輔は限界を感じ、二人になったときに苛立ちながら伝えます。「あの話、私は正直ちょっと面白く感じられないので、そろそろ勘弁していただきたいです。」,-8.58448076248169,0.004453032743185759
19,面白い,annoyed,boss,とても,上司が会議のたびに大輔の過去のミスをネタにして場を和ませようとします。何度目かで大輔は限界を感じ、二人になったときに苛立ちながら伝えます。「あの話、私は正直とても面白く感じられないので、そろそろ勘弁していただきたいです。」,-5.399853229522705,0.10757758468389511
19,面白い,annoyed,boss,なかなか,上司が会議のたびに大輔の過去のミスをネタにして場を和ませようとします。何度目かで大輔は限界を感じ、二人になったときに苛立ちながら伝えます。「あの話、私は正直なかなか面白く感じられないので、そろそろ勘弁していただきたいです。」,-6.247116565704346,0.04610627517104149
19,面白い,annoyed,boss,（なし）,上司が会議のたびに大輔の過去のミスをネタにして場を和ませようとします。何度目かで大輔は限界を感じ、二人になったときに苛立ちながら伝えます。「あの話、私は正直（なし）面白く感じられないので、そろそろ勘弁していただきたいです。」,-30.003104209899902,2.2215957372340167e-12
19,面白い,annoyed,boss,ひどく,上司が会議のたびに大輔の過去のミスをネタにして場を和ませようとします。何度目かで大輔は限界を感じ、二人になったときに苛立ちながら伝えます。「あの話、私は正直ひどく面白く感じられないので、そろそろ勘弁していただきたいです。」,-13.209118813276291,4.3671796447597444e-05
19,面白い,annoyed,boss,まあまあ,上司が会議のたびに大輔の過去のミスをネタにして場を和ませようとします。何度目かで大輔は限界を感じ、二人になったときに苛立ちながら伝えます。「あの話、私は正直まあまあ面白く感じられないので、そろそろ勘弁していただきたいです。」,-12.796456217765808,6.598087202291936e-05
19,面白い,annoyed,boss,マジで,上司が会議のたびに大輔の過去のミスをネタにして場を和ませようとします。何度目かで大輔は限界を感じ、二人になったときに苛立ちながら伝えます。「あの話、私は正直マジで面白く感じられないので、そろそろ勘弁していただきたいです。」,-12.614852175116539,7.912029104772955e-05
19,面白い,annoyed,boss,めっちゃ,上司が会議のたびに大輔の過去のミスをネタにして場を和ませようとします。何度目かで大輔は限界を感じ、二人になったときに苛立ちながら伝えます。「あの話、私は正直めっちゃ面白く感じられないので、そろそろ勘弁していただきたいです。」,-11.64513523131609,0.00020865589613094926
19,面白い,annoyed,boss,やや,上司が会議のたびに大輔の過去のミスをネタにして場を和ませようとします。何度目かで大輔は限界を感じ、二人になったときに苛立ちながら伝えます。「あの話、私は正直やや面白く感じられないので、そろそろ勘弁していただきたいです。」,-11.412310719490051,0.0002633569238241762
19,面白い,annoyed,boss,結構,上司が会議のたびに大輔の過去のミスをネタにして場を和ませようとします。何度目かで大輔は限界を感じ、二人になったときに苛立ちながら伝えます。「あの話、私は正直結構面白く感じられないので、そろそろ勘弁していただきたいです。」,-12.369617938995361,0.0001011093845590949
19,面白い,annoyed,boss,若干,上司が会議のたびに大輔の過去のミスをネタにして場を和ませようとします。何度目かで大輔は限界を感じ、二人になったときに苛立ちながら伝えます。「あの話、私は正直若干面白く感じられないので、そろそろ勘弁していただきたいです。」,-13.293758869171143,4.0127506508724764e-05
19,面白い,annoyed,boss,少し,上司が会議のたびに大輔の過去のミスをネタにして場を和ませようとします。何度目かで大輔は限界を感じ、二人になったときに苛立ちながら伝えます。「あの話、私は正直少し面白く感じられないので、そろそろ勘弁していただきたいです。」,-10.194042682647705,0.000890496012289077
19,面白い,annoyed,boss,少しも,上司が会議のたびに大輔の過去のミスをネタにして場を和ませようとします。何度目かで大輔は限界を感じ、二人になったときに苛立ちながら伝えます。「あの話、私は正直少しも面白く感じられないので、そろそろ勘弁していただきたいです。」,-10.822953224182129,0.00047478763735853136
19,面白い,annoyed,boss,全然,上司が会議のたびに大輔の過去のミスをネタにして場を和ませようとします。何度目かで大輔は限界を感じ、二人になったときに苛立ちながら伝えます。「あの話、私は正直全然面白く感じられないので、そろそろ勘弁していただきたいです。」,-7.11100435256958,0.019434722140431404
19,面白い,annoyed,boss,相当,上司が会議のたびに大輔の過去のミスをネタにして場を和ませようとします。何度目かで大輔は限界を感じ、二人になったときに苛立ちながら伝えます。「あの話、私は正直相当面白く感じられないので、そろそろ勘弁していただきたいです。」,-10.865692615509033,0.0004549232544377446
19,面白い,annoyed,boss,超,上司が会議のたびに大輔の過去のミスをネタにして場を和ませようとします。何度目かで大輔は限界を感じ、二人になったときに苛立ちながら伝えます。「あの話、私は正直超面白く感じられないので、そろそろ勘弁していただきたいです。」,-15.008911609649658,7.220392035378609e-06
19,面白い,annoyed,boss,非常に,上司が会議のたびに大輔の過去のミスをネタにして場を和ませようとします。何度目かで大輔は限界を感じ、二人になったときに苛立ちながら伝えます。「あの話、私は正直非常に面白く感じられないので、そろそろ勘弁していただきたいです。」,-8.99610948562622,0.002950446680188179
19,面白い,annoyed,boss,微妙に,上司が会議のたびに大輔の過去のミスをネタにして場を和ませようとします。何度目かで大輔は限界を感じ、二人になったときに苛立ちながら伝えます。「あの話、私は正直微妙に面白く感じられないので、そろそろ勘弁していただきたいです。」,-14.128646194934845,1.7412274246453308e-05
19,面白い,annoyed,boss,普通に,上司が会議のたびに大輔の過去のミスをネタにして場を和ませようとします。何度目かで大輔は限界を感じ、二人になったときに苛立ちながら伝えます。「あの話、私は正直普通に面白く感じられないので、そろそろ勘弁していただきたいです。」,-12.499836444854736,8.876428910298273e-05
19,面白い,annoyed,boss,本当に,上司が会議のたびに大輔の過去のミスをネタにして場を和ませようとします。何度目かで大輔は限界を感じ、二人になったときに苛立ちながら伝えます。「あの話、私は正直本当に面白く感じられないので、そろそろ勘弁していただきたいです。」,-8.63331651687622,0.004240789916366339
19,面白い,annoyed,boss,全く,上司が会議のたびに大輔の過去のミスをネタにして場を和ませようとします。何度目かで大輔は限界を感じ、二人になったときに苛立ちながら伝えます。「あの話、私は正直全く面白く感じられないので、そろそろ勘弁していただきたいです。」,-7.094440937042236,0.01975930668413639
20,面白い,encouraging,boss,あまり,上司が朝礼で話した小話が、受けませんでした。気にしている様子の上司を、大輔が励まします。「あの話、あまり面白かったですよ。朝から空気が軽くなりました。」,-10.064829111099243,0.002812144812196493
20,面白い,encouraging,boss,いまいち,上司が朝礼で話した小話が、受けませんでした。気にしている様子の上司を、大輔が励まします。「あの話、いまいち面白かったですよ。朝から空気が軽くなりました。」,-15.496453523635864,1.230589441547636e-05
20,面白い,encouraging,boss,かなり,上司が朝礼で話した小話が、受けませんでした。気にしている様子の上司を、大輔が励まします。「あの話、かなり面白かったですよ。朝から空気が軽くなりました。」,-7.472822427749634,0.03756054490804672
20,面白い,encouraging,boss,すごく,上司が朝礼で話した小話が、受けませんでした。気にしている様子の上司を、大輔が励まします。「あの話、すごく面白かったですよ。朝から空気が軽くなりました。」,-5.697527170181274,0.22168321907520294
20,面白い,encouraging,boss,そこまで,上司が朝礼で話した小話が、受けませんでした。気にしている様子の上司を、大輔が励まします。「あの話、そこまで面白かったですよ。朝から空気が軽くなりました。」,-14.429597616195679,3.576371454983018e-05
20,面白い,encouraging,boss,それほど,上司が朝礼で話した小話が、受けませんでした。気にしている様子の上司を、大輔が励まします。「あの話、それほど面白かったですよ。朝から空気が軽くなりました。」,-12.93580412864685,0.00015929012442938983
20,面白い,encouraging,boss,そんなに,上司が朝礼で話した小話が、受けませんでした。気にしている様子の上司を、大輔が励まします。「あの話、そんなに面白かったですよ。朝から空気が軽くなりました。」,-12.515348196029663,0.00024254401796497405
20,面白い,encouraging,boss,たいして,上司が朝礼で話した小話が、受けませんでした。気にしている様子の上司を、大輔が励まします。「あの話、たいして面白かったですよ。朝から空気が軽くなりました。」,-14.46737289428711,3.443793684709817e-05
20,面白い,encouraging,boss,だいぶ,上司が朝礼で話した小話が、受けませんでした。気にしている様子の上司を、大輔が励まします。「あの話、だいぶ面白かったですよ。朝から空気が軽くなりました。」,-11.273273441940546,0.0008398792706429958
20,面白い,encouraging,boss,ちっとも,上司が朝礼で話した小話が、受けませんでした。気にしている様子の上司を、大輔が励まします。「あの話、ちっとも面白かったですよ。朝から空気が軽くなりました。」,-16.879385948181152,3.0868302474118536e-06
20,面白い,encouraging,boss,ちょっと,上司が朝礼で話した小話が、受けませんでした。気にしている様子の上司を、大輔が励まします。「あの話、ちょっと面白かったですよ。朝から空気が軽くなりました。」,-6.372492074966431,0.11287540197372437
20,面白い,encouraging,boss,とても,上司が朝礼で話した小話が、受けませんでした。気にしている様子の上司を、大輔が励まします。「あの話、とても面白かったですよ。朝から空気が軽くなりました。」,-5.301134347915649,0.32952171564102173
20,面白い,encouraging,boss,なかなか,上司が朝礼で話した小話が、受けませんでした。気にしている様子の上司を、大輔が励まします。「あの話、なかなか面白かったですよ。朝から空気が軽くなりました。」,-8.31111741065979,0.01624295301735401
20,面白い,encouraging,boss,（なし）,上司が朝礼で話した小話が、受けませんでした。気にしている様子の上司を、大輔が励まします。「あの話、（なし）面白かったですよ。朝から空気が軽くなりました。」,-28.438579559326172,2.947264654551418e-11
20,面白い,encouraging,boss,ひどく,上司が朝礼で話した小話が、受けませんでした。気にしている様子の上司を、大輔が励まします。「あの話、ひどく面白かったですよ。朝から空気が軽くなりました。」,-16.556681156158447,4.262479251337936e-06
20,面白い,encouraging,boss,まあまあ,上司が朝礼で話した小話が、受けませんでした。気にしている様子の上司を、大輔が励まします。「あの話、まあまあ面白かったですよ。朝から空気が軽くなりました。」,-10.15109395980835,0.002579722786322236
20,面白い,encouraging,boss,マジで,上司が朝礼で話した小話が、受けませんでした。気にしている様子の上司を、大輔が励まします。「あの話、マジで面白かったですよ。朝から空気が軽くなりました。」,-15.013871148228645,1.9938657715101726e-05
20,面白い,encouraging,boss,めっちゃ,上司が朝礼で話した小話が、受けませんでした。気にしている様子の上司を、大輔が励まします。「あの話、めっちゃ面白かったですよ。朝から空気が軽くなりました。」,-13.178065296262503,0.00012501906894613057
20,面白い,encouraging,boss,やや,上司が朝礼で話した小話が、受けませんでした。気にしている様子の上司を、大輔が励まします。「あの話、やや面白かったですよ。朝から空気が軽くなりました。」,-12.977690696716309,0.0001527558488305658
20,面白い,encouraging,boss,結構,上司が朝礼で話した小話が、受けませんでした。気にしている様子の上司を、大輔が励まします。「あの話、結構面白かったですよ。朝から空気が軽くなりました。」,-7.852274179458618,0.025700293481349945
20,面白い,encouraging,boss,若干,上司が朝礼で話した小話が、受けませんでした。気にしている様子の上司を、大輔が励まします。「あの話、若干面白かったですよ。朝から空気が軽くなりました。」,-13.338510274887085,0.00010648680472513661
20,面白い,encouraging,boss,少し,上司が朝礼で話した小話が、受けませんでした。気にしている様子の上司を、大輔が励まします。「あの話、少し面白かったですよ。朝から空気が軽くなりました。」,-9.115453958511353,0.007266848348081112
20,面白い,encouraging,boss,少しも,上司が朝礼で話した小話が、受けませんでした。気にしている様子の上司を、大輔が励まします。「あの話、少しも面白かったですよ。朝から空気が軽くなりました。」,-14.55202603340149,3.164264853694476e-05
20,面白い,encouraging,boss,全然,上司が朝礼で話した小話が、受けませんでした。気にしている様子の上司を、大輔が励まします。「あの話、全然面白かったですよ。朝から空気が軽くなりました。」,-9.9534170627594,0.003143571550026536
20,面白い,encouraging,boss,相当,上司が朝礼で話した小話が、受けませんでした。気にしている様子の上司を、大輔が励まします。「あの話、相当面白かったですよ。朝から空気が軽くなりました。」,-8.24358582496643,0.01737775281071663
20,面白い,encouraging,boss,超,上司が朝礼で話した小話が、受けませんでした。気にしている様子の上司を、大輔が励まします。「あの話、超面白かったですよ。朝から空気が軽くなりました。」,-10.473379373550415,0.001868988387286663
20,面白い,encouraging,boss,非常に,上司が朝礼で話した小話が、受けませんでした。気にしている様子の上司を、大輔が励まします。「あの話、非常に面白かったですよ。朝から空気が軽くなりました。」,-7.924299478530884,0.023914312943816185
20,面白い,encouraging,boss,微妙に,上司が朝礼で話した小話が、受けませんでした。気にしている様子の上司を、大輔が励まします。「あの話、微妙に面白かったですよ。朝から空気が軽くなりました。」,-13.974881887435913,5.635379420709796e-05
20,面白い,encouraging,boss,普通に,上司が朝礼で話した小話が、受けませんでした。気にしている様子の上司を、大輔が励まします。「あの話、普通に面白かったですよ。朝から空気が軽くなりました。」,-10.308881998062134,0.002203164156526327
20,面白い,encouraging,boss,本当に,上司が朝礼で話した小話が、受けませんでした。気にしている様子の上司を、大輔が励まします。「あの話、本当に面白かったですよ。朝から空気が軽くなりました。」,-5.835684061050415,0.1930776834487915
20,面白い,encouraging,boss,全く,上司が朝礼で話した小話が、受けませんでした。気にしている様子の上司を、大輔が励まします。「あの話、全く面白かったですよ。朝から空気が軽くなりました。」,-12.154561758041382,0.00034791897633112967
21,面白い,warning,stranger,あまり,路上でお笑いのネタをしていた芸人が、通りかかった大輔に感想を求めてきます。大輔は力になりたいと思い、遠慮がちに指摘します。「中盤があまり面白くない気がします。そこを短くされてはいかがでしょうか？」,-6.205161929130554,0.6892238259315491
21,面白い,warning,stranger,いまいち,路上でお笑いのネタをしていた芸人が、通りかかった大輔に感想を求めてきます。大輔は力になりたいと思い、遠慮がちに指摘します。「中盤がいまいち面白くない気がします。そこを短くされてはいかがでしょうか？」,-12.087286651134491,0.0019221438560634851
21,面白い,warning,stranger,かなり,路上でお笑いのネタをしていた芸人が、通りかかった大輔に感想を求めてきます。大輔は力になりたいと思い、遠慮がちに指摘します。「中盤がかなり面白くない気がします。そこを短くされてはいかがでしょうか？」,-11.605796813964844,0.003110959893092513
21,面白い,warning,stranger,すごく,路上でお笑いのネタをしていた芸人が、通りかかった大輔に感想を求めてきます。大輔は力になりたいと思い、遠慮がちに指摘します。「中盤がすごく面白くない気がします。そこを短くされてはいかがでしょうか？」,-10.307502746582031,0.011395578272640705
21,面白い,warning,stranger,そこまで,路上でお笑いのネタをしていた芸人が、通りかかった大輔に感想を求めてきます。大輔は力になりたいと思い、遠慮がちに指摘します。「中盤がそこまで面白くない気がします。そこを短くされてはいかがでしょうか？」,-10.838584899902344,0.006700239144265652
21,面白い,warning,stranger,それほど,路上でお笑いのネタをしていた芸人が、通りかかった大輔に感想を求めてきます。大輔は力になりたいと思い、遠慮がちに指摘します。「中盤がそれほど面白くない気がします。そこを短くされてはいかがでしょうか？」,-11.232662200927734,0.004517984576523304
21,面白い,warning,stranger,そんなに,路上でお笑いのネタをしていた芸人が、通りかかった大輔に感想を求めてきます。大輔は力になりたいと思い、遠慮がちに指摘します。「中盤がそんなに面白くない気がします。そこを短くされてはいかがでしょうか？」,-9.860603332519531,0.01781649701297283
21,面白い,warning,stranger,たいして,路上でお笑いのネタをしていた芸人が、通りかかった大輔に感想を求めてきます。大輔は力になりたいと思い、遠慮がちに指摘します。「中盤がたいして面白くない気がします。そこを短くされてはいかがでしょうか？」,-14.692958354949951,0.00014195706171449274
21,面白い,warning,stranger,だいぶ,路上でお笑いのネタをしていた芸人が、通りかかった大輔に感想を求めてきます。大輔は力になりたいと思い、遠慮がちに指摘します。「中盤がだいぶ面白くない気がします。そこを短くされてはいかがでしょうか？」,-13.99786283262074,0.00028446794021874666
21,面白い,warning,stranger,ちっとも,路上でお笑いのネタをしていた芸人が、通りかかった大輔に感想を求めてきます。大輔は力になりたいと思い、遠慮がちに指摘します。「中盤がちっとも面白くない気がします。そこを短くされてはいかがでしょうか？」,-18.01473118364811,5.123065420775674e-06
21,面白い,warning,stranger,ちょっと,路上でお笑いのネタをしていた芸人が、通りかかった大輔に感想を求めてきます。大輔は力になりたいと思い、遠慮がちに指摘します。「中盤がちょっと面白くない気がします。そこを短くされてはいかがでしょうか？」,-8.298480987548828,0.08496565371751785
21,面白い,warning,stranger,とても,路上でお笑いのネタをしていた芸人が、通りかかった大輔に感想を求めてきます。大輔は力になりたいと思い、遠慮がちに指摘します。「中盤がとても面白くない気がします。そこを短くされてはいかがでしょうか？」,-9.496906280517578,0.0256314929574728
21,面白い,warning,stranger,なかなか,路上でお笑いのネタをしていた芸人が、通りかかった大輔に感想を求めてきます。大輔は力になりたいと思い、遠慮がちに指摘します。「中盤がなかなか面白くない気がします。そこを短くされてはいかがでしょうか？」,-8.28158187866211,0.08641369640827179
21,面白い,warning,stranger,（なし）,路上でお笑いのネタをしていた芸人が、通りかかった大輔に感想を求めてきます。大輔は力になりたいと思い、遠慮がちに指摘します。「中盤が（なし）面白くない気がします。そこを短くされてはいかがでしょうか？」,-30.414981842041016,2.109449420695242e-11
21,面白い,warning,stranger,ひどく,路上でお笑いのネタをしていた芸人が、通りかかった大輔に感想を求めてきます。大輔は力になりたいと思い、遠慮がちに指摘します。「中盤がひどく面白くない気がします。そこを短くされてはいかがでしょうか？」,-14.151696979999542,0.00024390681937802583
21,面白い,warning,stranger,まあまあ,路上でお笑いのネタをしていた芸人が、通りかかった大輔に感想を求めてきます。大輔は力になりたいと思い、遠慮がちに指摘します。「中盤がまあまあ面白くない気がします。そこを短くされてはいかがでしょうか？」,-13.524166285991669,0.0004568327567540109
21,面白い,warning,stranger,マジで,路上でお笑いのネタをしていた芸人が、通りかかった大輔に感想を求めてきます。大輔は力になりたいと思い、遠慮がちに指摘します。「中盤がマジで面白くない気がします。そこを短くされてはいかがでしょうか？」,-15.277534231543541,7.91186757851392e-05
21,面白い,warning,stranger,めっちゃ,路上でお笑いのネタをしていた芸人が、通りかかった大輔に感想を求めてきます。大輔は力になりたいと思い、遠慮がちに指摘します。「中盤がめっちゃ面白くない気がします。そこを短くされてはいかがでしょうか？」,-13.617877021431923,0.0004159671952947974
21,面白い,warning,stranger,やや,路上でお笑いのネタをしていた芸人が、通りかかった大輔に感想を求めてきます。大輔は力になりたいと思い、遠慮がちに指摘します。「中盤がやや面白くない気がします。そこを短くされてはいかがでしょうか？」,-12.875731527805328,0.000873712997417897
21,面白い,warning,stranger,結構,路上でお笑いのネタをしていた芸人が、通りかかった大輔に感想を求めてきます。大輔は力になりたいと思い、遠慮がちに指摘します。「中盤が結構面白くない気がします。そこを短くされてはいかがでしょうか？」,-12.45766830444336,0.0013271846110001206
21,面白い,warning,stranger,若干,路上でお笑いのネタをしていた芸人が、通りかかった大輔に感想を求めてきます。大輔は力になりたいと思い、遠慮がちに指摘します。「中盤が若干面白くない気がします。そこを短くされてはいかがでしょうか？」,-11.945240020751953,0.0022155221085995436
21,面白い,warning,stranger,少し,路上でお笑いのネタをしていた芸人が、通りかかった大輔に感想を求めてきます。大輔は力になりたいと思い、遠慮がちに指摘します。「中盤が少し面白くない気がします。そこを短くされてはいかがでしょうか？」,-10.165267944335938,0.013137361966073513
21,面白い,warning,stranger,少しも,路上でお笑いのネタをしていた芸人が、通りかかった大輔に感想を求めてきます。大輔は力になりたいと思い、遠慮がちに指摘します。「中盤が少しも面白くない気がします。そこを短くされてはいかがでしょうか？」,-14.023806095123291,0.00027718296041712165
21,面白い,warning,stranger,全然,路上でお笑いのネタをしていた芸人が、通りかかった大輔に感想を求めてきます。大輔は力になりたいと思い、遠慮がちに指摘します。「中盤が全然面白くない気がします。そこを短くされてはいかがでしょうか？」,-9.445056915283203,0.026995526626706123
21,面白い,warning,stranger,相当,路上でお笑いのネタをしていた芸人が、通りかかった大輔に感想を求めてきます。大輔は力になりたいと思い、遠慮がちに指摘します。「中盤が相当面白くない気がします。そこを短くされてはいかがでしょうか？」,-12.065711975097656,0.0019640647806227207
21,面白い,warning,stranger,超,路上でお笑いのネタをしていた芸人が、通りかかった大輔に感想を求めてきます。大輔は力になりたいと思い、遠慮がちに指摘します。「中盤が超面白くない気がします。そこを短くされてはいかがでしょうか？」,-14.186771392822266,0.00023550026526208967
21,面白い,warning,stranger,非常に,路上でお笑いのネタをしていた芸人が、通りかかった大輔に感想を求めてきます。大輔は力になりたいと思い、遠慮がちに指摘します。「中盤が非常に面白くない気がします。そこを短くされてはいかがでしょうか？」,-11.212772369384766,0.004608745686709881
21,面白い,warning,stranger,微妙に,路上でお笑いのネタをしていた芸人が、通りかかった大輔に感想を求めてきます。大輔は力になりたいと思い、遠慮がちに指摘します。「中盤が微妙に面白くない気がします。そこを短くされてはいかがでしょうか？」,-12.59218817949295,0.001160139450803399
21,面白い,warning,stranger,普通に,路上でお笑いのネタをしていた芸人が、通りかかった大輔に感想を求めてきます。大輔は力になりたいと思い、遠慮がちに指摘します。「中盤が普通に面白くない気がします。そこを短くされてはいかがでしょうか？」,-14.829154968261719,0.00012388186587486416
21,面白い,warning,stranger,本当に,路上でお笑いのネタをしていた芸人が、通りかかった大輔に感想を求めてきます。大輔は力になりたいと思い、遠慮がちに指摘します。「中盤が本当に面白くない気がします。そこを短くされてはいかがでしょうか？」,-10.925098419189453,0.006144944112747908
21,面白い,warning,stranger,全く,路上でお笑いのネタをしていた芸人が、通りかかった大輔に感想を求めてきます。大輔は力になりたいと思い、遠慮がちに指摘します。「中盤が全く面白くない気がします。そこを短くされてはいかがでしょうか？」,-10.711158752441406,0.007610808126628399
22,面白い,non-committal,stranger,あまり,レンタルビデオ屋にビデオを借りに来た大輔は、隣のお客さんにそのビデオの評判を聞かれます。自分の意見を押し付けたくない大輔は、慎重に答えます。「この映画、あまり面白くないかもしれないですけど、映像は綺麗らしいです。」,-4.989869475364685,0.617180347442627
22,面白い,non-committal,stranger,いまいち,レンタルビデオ屋にビデオを借りに来た大輔は、隣のお客さんにそのビデオの評判を聞かれます。自分の意見を押し付けたくない大輔は、慎重に答えます。「この映画、いまいち面白くないかもしれないですけど、映像は綺麗らしいです。」,-12.641233801841736,0.0002934046497102827
22,面白い,non-committal,stranger,かなり,レンタルビデオ屋にビデオを借りに来た大輔は、隣のお客さんにそのビデオの評判を聞かれます。自分の意見を押し付けたくない大輔は、慎重に答えます。「この映画、かなり面白くないかもしれないですけど、映像は綺麗らしいです。」,-9.713857173919678,0.005480373278260231
22,面白い,non-committal,stranger,すごく,レンタルビデオ屋にビデオを借りに来た大輔は、隣のお客さんにそのビデオの評判を聞かれます。自分の意見を押し付けたくない大輔は、慎重に答えます。「この映画、すごく面白くないかもしれないですけど、映像は綺麗らしいです。」,-8.642964839935303,0.015991631895303726
22,面白い,non-committal,stranger,そこまで,レンタルビデオ屋にビデオを借りに来た大輔は、隣のお客さんにそのビデオの評判を聞かれます。自分の意見を押し付けたくない大輔は、慎重に答えます。「この映画、そこまで面白くないかもしれないですけど、映像は綺麗らしいです。」,-8.427934169769287,0.01982802152633667
22,面白い,non-committal,stranger,それほど,レンタルビデオ屋にビデオを借りに来た大輔は、隣のお客さんにそのビデオの評判を聞かれます。自分の意見を押し付けたくない大輔は、慎重に答えます。「この映画、それほど面白くないかもしれないですけど、映像は綺麗らしいです。」,-9.0976881980896,0.010148664936423302
22,面白い,non-committal,stranger,そんなに,レンタルビデオ屋にビデオを借りに来た大輔は、隣のお客さんにそのビデオの評判を聞かれます。自分の意見を押し付けたくない大輔は、慎重に答えます。「この映画、そんなに面白くないかもしれないですけど、映像は綺麗らしいです。」,-7.5050482749938965,0.04989808797836304
22,面白い,non-committal,stranger,たいして,レンタルビデオ屋にビデオを借りに来た大輔は、隣のお客さんにそのビデオの評判を聞かれます。自分の意見を押し付けたくない大輔は、慎重に答えます。「この映画、たいして面白くないかもしれないですけど、映像は綺麗らしいです。」,-13.968441039323807,7.78158864704892e-05
22,面白い,non-committal,stranger,だいぶ,レンタルビデオ屋にビデオを借りに来た大輔は、隣のお客さんにそのビデオの評判を聞かれます。自分の意見を押し付けたくない大輔は、慎重に答えます。「この映画、だいぶ面白くないかもしれないですけど、映像は綺麗らしいです。」,-13.775165842380375,9.440755093237385e-05
22,面白い,non-committal,stranger,ちっとも,レンタルビデオ屋にビデオを借りに来た大輔は、隣のお客さんにそのビデオの評判を聞かれます。自分の意見を押し付けたくない大輔は、慎重に答えます。「この映画、ちっとも面白くないかもしれないですけど、映像は綺麗らしいです。」,-18.149632528424263,1.18904824830679e-06
22,面白い,non-committal,stranger,ちょっと,レンタルビデオ屋にビデオを借りに来た大輔は、隣のお客さんにそのビデオの評判を聞かれます。自分の意見を押し付けたくない大輔は、慎重に答えます。「この映画、ちょっと面白くないかもしれないですけど、映像は綺麗らしいです。」,-6.854756832122803,0.09560967981815338
22,面白い,non-committal,stranger,とても,レンタルビデオ屋にビデオを借りに来た大輔は、隣のお客さんにそのビデオの評判を聞かれます。自分の意見を押し付けたくない大輔は、慎重に答えます。「この映画、とても面白くないかもしれないですけど、映像は綺麗らしいです。」,-6.8774542808532715,0.09346402436494827
22,面白い,non-committal,stranger,なかなか,レンタルビデオ屋にビデオを借りに来た大輔は、隣のお客さんにそのビデオの評判を聞かれます。自分の意見を押し付けたくない大輔は、慎重に答えます。「この映画、なかなか面白くないかもしれないですけど、映像は綺麗らしいです。」,-8.39587926864624,0.0204739049077034
22,面白い,non-committal,stranger,（なし）,レンタルビデオ屋にビデオを借りに来た大輔は、隣のお客さんにそのビデオの評判を聞かれます。自分の意見を押し付けたくない大輔は、慎重に答えます。「この映画、（なし）面白くないかもしれないですけど、映像は綺麗らしいです。」,-27.807126998901367,7.603320750781961e-11
22,面白い,non-committal,stranger,ひどく,レンタルビデオ屋にビデオを借りに来た大輔は、隣のお客さんにそのビデオの評判を聞かれます。自分の意見を押し付けたくない大輔は、慎重に答えます。「この映画、ひどく面白くないかもしれないですけど、映像は綺麗らしいです。」,-17.730149924755096,1.80875065325381e-06
22,面白い,non-committal,stranger,まあまあ,レンタルビデオ屋にビデオを借りに来た大輔は、隣のお客さんにそのビデオの評判を聞かれます。自分の意見を押し付けたくない大輔は、慎重に答えます。「この映画、まあまあ面白くないかもしれないですけど、映像は綺麗らしいです。」,-13.272150993347168,0.0001561215176479891
22,面白い,non-committal,stranger,マジで,レンタルビデオ屋にビデオを借りに来た大輔は、隣のお客さんにそのビデオの評判を聞かれます。自分の意見を押し付けたくない大輔は、慎重に答えます。「この映画、マジで面白くないかもしれないですけど、映像は綺麗らしいです。」,-13.107559651136398,0.00018405367154628038
22,面白い,non-committal,stranger,めっちゃ,レンタルビデオ屋にビデオを借りに来た大輔は、隣のお客さんにそのビデオの評判を聞かれます。自分の意見を押し付けたくない大輔は、慎重に答えます。「この映画、めっちゃ面白くないかもしれないですけど、映像は綺麗らしいです。」,-14.039396606385708,7.248577458085492e-05
22,面白い,non-committal,stranger,やや,レンタルビデオ屋にビデオを借りに来た大輔は、隣のお客さんにそのビデオの評判を聞かれます。自分の意見を押し付けたくない大輔は、慎重に答えます。「この映画、やや面白くないかもしれないですけど、映像は綺麗らしいです。」,-13.371647119522095,0.00014133595686871558
22,面白い,non-committal,stranger,結構,レンタルビデオ屋にビデオを借りに来た大輔は、隣のお客さんにそのビデオの評判を聞かれます。自分の意見を押し付けたくない大輔は、慎重に答えます。「この映画、結構面白くないかもしれないですけど、映像は綺麗らしいです。」,-10.753072261810303,0.0019385847263038158
22,面白い,non-committal,stranger,若干,レンタルビデオ屋にビデオを借りに来た大輔は、隣のお客さんにそのビデオの評判を聞かれます。自分の意見を押し付けたくない大輔は、慎重に答えます。「この映画、若干面白くないかもしれないですけど、映像は綺麗らしいです。」,-10.017987728118896,0.004043225198984146
22,面白い,non-committal,stranger,少し,レンタルビデオ屋にビデオを借りに来た大輔は、隣のお客さんにそのビデオの評判を聞かれます。自分の意見を押し付けたくない大輔は、慎重に答えます。「この映画、少し面白くないかもしれないですけど、映像は綺麗らしいです。」,-8.386224269866943,0.02067253738641739
22,面白い,non-committal,stranger,少しも,レンタルビデオ屋にビデオを借りに来た大輔は、隣のお客さんにそのビデオの評判を聞かれます。自分の意見を押し付けたくない大輔は、慎重に答えます。「この映画、少しも面白くないかもしれないですけど、映像は綺麗らしいです。」,-13.258176326751709,0.0001583186531206593
22,面白い,non-committal,stranger,全然,レンタルビデオ屋にビデオを借りに来た大輔は、隣のお客さんにそのビデオの評判を聞かれます。自分の意見を押し付けたくない大輔は、慎重に答えます。「この映画、全然面白くないかもしれないですけど、映像は綺麗らしいです。」,-8.455033779144287,0.019297905266284943
22,面白い,non-committal,stranger,相当,レンタルビデオ屋にビデオを借りに来た大輔は、隣のお客さんにそのビデオの評判を聞かれます。自分の意見を押し付けたくない大輔は、慎重に答えます。「この映画、相当面白くないかもしれないですけど、映像は綺麗らしいです。」,-10.515035152435303,0.0024595914874225855
22,面白い,non-committal,stranger,超,レンタルビデオ屋にビデオを借りに来た大輔は、隣のお客さんにそのビデオの評判を聞かれます。自分の意見を押し付けたくない大輔は、慎重に答えます。「この映画、超面白くないかもしれないですけど、映像は綺麗らしいです。」,-13.477921485900879,0.0001270860229851678
22,面白い,non-committal,stranger,非常に,レンタルビデオ屋にビデオを借りに来た大輔は、隣のお客さんにそのビデオの評判を聞かれます。自分の意見を押し付けたくない大輔は、慎重に答えます。「この映画、非常に面白くないかもしれないですけど、映像は綺麗らしいです。」,-9.541673183441162,0.006510115694254637
22,面白い,non-committal,stranger,微妙に,レンタルビデオ屋にビデオを借りに来た大輔は、隣のお客さんにそのビデオの評判を聞かれます。自分の意見を押し付けたくない大輔は、慎重に答えます。「この映画、微妙に面白くないかもしれないですけど、映像は綺麗らしいです。」,-13.700585380196571,0.00010171758913202211
22,面白い,non-committal,stranger,普通に,レンタルビデオ屋にビデオを借りに来た大輔は、隣のお客さんにそのビデオの評判を聞かれます。自分の意見を押し付けたくない大輔は、慎重に答えます。「この映画、普通に面白くないかもしれないですけど、映像は綺麗らしいです。」,-11.663716793060303,0.0007798244478181005
22,面白い,non-committal,stranger,本当に,レンタルビデオ屋にビデオを借りに来た大輔は、隣のお客さんにそのビデオの評判を聞かれます。自分の意見を押し付けたくない大輔は、慎重に答えます。「この映画、本当に面白くないかもしれないですけど、映像は綺麗らしいです。」,-9.081342220306396,0.010315918363630772
22,面白い,non-committal,stranger,全く,レンタルビデオ屋にビデオを借りに来た大輔は、隣のお客さんにそのビデオの評判を聞かれます。自分の意見を押し付けたくない大輔は、慎重に答えます。「この映画、全く面白くないかもしれないですけど、映像は綺麗らしいです。」,-9.911435604095459,0.004497828893363476
23,面白い,acknowledge,stranger,あまり,レンタル店の店員に絶対面白いと勧められた映画を、大輔は半信半疑で借りました。しかし、店員の言った通りに面白かったです。返却時に、勧めてもらったことについて感謝します。「映画、あまり面白かったです。勧めていただいてありがとうございます。」,-10.704058647155762,0.0005650247912853956
23,面白い,acknowledge,stranger,いまいち,レンタル店の店員に絶対面白いと勧められた映画を、大輔は半信半疑で借りました。しかし、店員の言った通りに面白かったです。返却時に、勧めてもらったことについて感謝します。「映画、いまいち面白かったです。勧めていただいてありがとうございます。」,-15.347717523574829,5.43691066923202e-06
23,面白い,acknowledge,stranger,かなり,レンタル店の店員に絶対面白いと勧められた映画を、大輔は半信半疑で借りました。しかし、店員の言った通りに面白かったです。返却時に、勧めてもらったことについて感謝します。「映画、かなり面白かったです。勧めていただいてありがとうございます。」,-6.978510856628418,0.023445112630724907
23,面白い,acknowledge,stranger,すごく,レンタル店の店員に絶対面白いと勧められた映画を、大輔は半信半疑で借りました。しかし、店員の言った通りに面白かったです。返却時に、勧めてもらったことについて感謝します。「映画、すごく面白かったです。勧めていただいてありがとうございます。」,-5.725844383239746,0.08204998075962067
23,面白い,acknowledge,stranger,そこまで,レンタル店の店員に絶対面白いと勧められた映画を、大輔は半信半疑で借りました。しかし、店員の言った通りに面白かったです。返却時に、勧めてもらったことについて感謝します。「映画、そこまで面白かったです。勧めていただいてありがとうございます。」,-14.406256675720215,1.3938733900431544e-05
23,面白い,acknowledge,stranger,それほど,レンタル店の店員に絶対面白いと勧められた映画を、大輔は半信半疑で借りました。しかし、店員の言った通りに面白かったです。返却時に、勧めてもらったことについて感謝します。「映画、それほど面白かったです。勧めていただいてありがとうございます。」,-12.791979789733887,7.003173232078552e-05
23,面白い,acknowledge,stranger,そんなに,レンタル店の店員に絶対面白いと勧められた映画を、大輔は半信半疑で借りました。しかし、店員の言った通りに面白かったです。返却時に、勧めてもらったことについて感謝します。「映画、そんなに面白かったです。勧めていただいてありがとうございます。」,-12.828692436218262,6.750730244675651e-05
23,面白い,acknowledge,stranger,たいして,レンタル店の店員に絶対面白いと勧められた映画を、大輔は半信半疑で借りました。しかし、店員の言った通りに面白かったです。返却時に、勧めてもらったことについて感謝します。「映画、たいして面白かったです。勧めていただいてありがとうございます。」,-13.770774245262146,2.6315401555621065e-05
23,面白い,acknowledge,stranger,だいぶ,レンタル店の店員に絶対面白いと勧められた映画を、大輔は半信半疑で借りました。しかし、店員の言った通りに面白かったです。返却時に、勧めてもらったことについて感謝します。「映画、だいぶ面白かったです。勧めていただいてありがとうございます。」,-9.890479758149013,0.0012746771099045873
23,面白い,acknowledge,stranger,ちっとも,レンタル店の店員に絶対面白いと勧められた映画を、大輔は半信半疑で借りました。しかし、店員の言った通りに面白かったです。返却時に、勧めてもらったことについて感謝します。「映画、ちっとも面白かったです。勧めていただいてありがとうございます。」,-17.88398027420044,4.3039514707743365e-07
23,面白い,acknowledge,stranger,ちょっと,レンタル店の店員に絶対面白いと勧められた映画を、大輔は半信半疑で借りました。しかし、店員の言った通りに面白かったです。返却時に、勧めてもらったことについて感謝します。「映画、ちょっと面白かったです。勧めていただいてありがとうございます。」,-9.88904094696045,0.0012765128631144762
23,面白い,acknowledge,stranger,とても,レンタル店の店員に絶対面白いと勧められた映画を、大輔は半信半疑で借りました。しかし、店員の言った通りに面白かったです。返却時に、勧めてもらったことについて感謝します。「映画、とても面白かったです。勧めていただいてありがとうございます。」,-4.0169782638549805,0.4531370997428894
23,面白い,acknowledge,stranger,なかなか,レンタル店の店員に絶対面白いと勧められた映画を、大輔は半信半疑で借りました。しかし、店員の言った通りに面白かったです。返却時に、勧めてもらったことについて感謝します。「映画、なかなか面白かったです。勧めていただいてありがとうございます。」,-8.736369132995605,0.004042259883135557
23,面白い,acknowledge,stranger,（なし）,レンタル店の店員に絶対面白いと勧められた映画を、大輔は半信半疑で借りました。しかし、店員の言った通りに面白かったです。返却時に、勧めてもらったことについて感謝します。「映画、（なし）面白かったです。勧めていただいてありがとうございます。」,-28.297653198242188,1.2920130243454508e-11
23,面白い,acknowledge,stranger,ひどく,レンタル店の店員に絶対面白いと勧められた映画を、大輔は半信半疑で借りました。しかし、店員の言った通りに面白かったです。返却時に、勧めてもらったことについて感謝します。「映画、ひどく面白かったです。勧めていただいてありがとうございます。」,-15.185058921575546,6.397259312507231e-06
23,面白い,acknowledge,stranger,まあまあ,レンタル店の店員に絶対面白いと勧められた映画を、大輔は半信半疑で借りました。しかし、店員の言った通りに面白かったです。返却時に、勧めてもらったことについて感謝します。「映画、まあまあ面白かったです。勧めていただいてありがとうございます。」,-10.762095332145691,0.0005331659922376275
23,面白い,acknowledge,stranger,マジで,レンタル店の店員に絶対面白いと勧められた映画を、大輔は半信半疑で借りました。しかし、店員の言った通りに面白かったです。返却時に、勧めてもらったことについて感謝します。「映画、マジで面白かったです。勧めていただいてありがとうございます。」,-10.872023433446884,0.00047766263014636934
23,面白い,acknowledge,stranger,めっちゃ,レンタル店の店員に絶対面白いと勧められた映画を、大輔は半信半疑で借りました。しかし、店員の言った通りに面白かったです。返却時に、勧めてもらったことについて感謝します。「映画、めっちゃ面白かったです。勧めていただいてありがとうございます。」,-12.864039532840252,6.516280700452626e-05
23,面白い,acknowledge,stranger,やや,レンタル店の店員に絶対面白いと勧められた映画を、大輔は半信半疑で借りました。しかし、店員の言った通りに面白かったです。返却時に、勧めてもらったことについて感謝します。「映画、やや面白かったです。勧めていただいてありがとうございます。」,-12.097256541252136,0.00014028437726665288
23,面白い,acknowledge,stranger,結構,レンタル店の店員に絶対面白いと勧められた映画を、大輔は半信半疑で借りました。しかし、店員の言った通りに面白かったです。返却時に、勧めてもらったことについて感謝します。「映画、結構面白かったです。勧めていただいてありがとうございます。」,-8.972189903259277,0.0031930708792060614
23,面白い,acknowledge,stranger,若干,レンタル店の店員に絶対面白いと勧められた映画を、大輔は半信半疑で借りました。しかし、店員の言った通りに面白かったです。返却時に、勧めてもらったことについて感謝します。「映画、若干面白かったです。勧めていただいてありがとうございます。」,-14.578238487243652,1.173633700091159e-05
23,面白い,acknowledge,stranger,少し,レンタル店の店員に絶対面白いと勧められた映画を、大輔は半信半疑で借りました。しかし、店員の言った通りに面白かったです。返却時に、勧めてもらったことについて感謝します。「映画、少し面白かったです。勧めていただいてありがとうございます。」,-11.698954582214355,0.00020892465545330197
23,面白い,acknowledge,stranger,少しも,レンタル店の店員に絶対面白いと勧められた映画を、大輔は半信半疑で借りました。しかし、店員の言った通りに面白かったです。返却時に、勧めてもらったことについて感謝します。「映画、少しも面白かったです。勧めていただいてありがとうございます。」,-14.9373037815094,8.19582328404067e-06
23,面白い,acknowledge,stranger,全然,レンタル店の店員に絶対面白いと勧められた映画を、大輔は半信半疑で借りました。しかし、店員の言った通りに面白かったです。返却時に、勧めてもらったことについて感謝します。「映画、全然面白かったです。勧めていただいてありがとうございます。」,-10.274580955505371,0.0008681350736878812
23,面白い,acknowledge,stranger,相当,レンタル店の店員に絶対面白いと勧められた映画を、大輔は半信半疑で借りました。しかし、店員の言った通りに面白かったです。返却時に、勧めてもらったことについて感謝します。「映画、相当面白かったです。勧めていただいてありがとうございます。」,-7.833449363708496,0.00997142679989338
23,面白い,acknowledge,stranger,超,レンタル店の店員に絶対面白いと勧められた映画を、大輔は半信半疑で借りました。しかし、店員の言った通りに面白かったです。返却時に、勧めてもらったことについて感謝します。「映画、超面白かったです。勧めていただいてありがとうございます。」,-8.1107816696167,0.007556373253464699
23,面白い,acknowledge,stranger,非常に,レンタル店の店員に絶対面白いと勧められた映画を、大輔は半信半疑で借りました。しかし、店員の言った通りに面白かったです。返却時に、勧めてもらったことについて感謝します。「映画、非常に面白かったです。勧めていただいてありがとうございます。」,-6.376765251159668,0.042794421315193176
23,面白い,acknowledge,stranger,微妙に,レンタル店の店員に絶対面白いと勧められた映画を、大輔は半信半疑で借りました。しかし、店員の言った通りに面白かったです。返却時に、勧めてもらったことについて感謝します。「映画、微妙に面白かったです。勧めていただいてありがとうございます。」,-12.96186888217926,5.90898453083355e-05
23,面白い,acknowledge,stranger,普通に,レンタル店の店員に絶対面白いと勧められた映画を、大輔は半信半疑で借りました。しかし、店員の言った通りに面白かったです。返却時に、勧めてもらったことについて感謝します。「映画、普通に面白かったです。勧めていただいてありがとうございます。」,-10.323641777038574,0.0008265715441666543
23,面白い,acknowledge,stranger,本当に,レンタル店の店員に絶対面白いと勧められた映画を、大輔は半信半疑で借りました。しかし、店員の言った通りに面白かったです。返却時に、勧めてもらったことについて感謝します。「映画、本当に面白かったです。勧めていただいてありがとうございます。」,-4.2287092208862305,0.3666705787181854
23,面白い,acknowledge,stranger,全く,レンタル店の店員に絶対面白いと勧められた映画を、大輔は半信半疑で借りました。しかし、店員の言った通りに面白かったです。返却時に、勧めてもらったことについて感謝します。「映画、全く面白かったです。勧めていただいてありがとうございます。」,-10.588187217712402,0.0006344389985315502
24,面白い,neutral-positive,stranger,あまり,上映後のロビーで、これから同じ映画を見る客に、どれくらい面白かったか聞かれ、大輔は答えます。「映画、あまり面白かったです。」,-9.173288822174072,0.0012348497984930873
24,面白い,neutral-positive,stranger,いまいち,上映後のロビーで、これから同じ映画を見る客に、どれくらい面白かったか聞かれ、大輔は答えます。「映画、いまいち面白かったです。」,-13.409619808197021,1.785658059816342e-05
24,面白い,neutral-positive,stranger,かなり,上映後のロビーで、これから同じ映画を見る客に、どれくらい面白かったか聞かれ、大輔は答えます。「映画、かなり面白かったです。」,-5.6716790199279785,0.040958471596241
24,面白い,neutral-positive,stranger,すごく,上映後のロビーで、これから同じ映画を見る客に、どれくらい面白かったか聞かれ、大輔は答えます。「映画、すごく面白かったです。」,-4.102877259254456,0.19663721323013306
24,面白い,neutral-positive,stranger,そこまで,上映後のロビーで、これから同じ映画を見る客に、どれくらい面白かったか聞かれ、大輔は答えます。「映画、そこまで面白かったです。」,-12.304953575134277,5.389511352404952e-05
24,面白い,neutral-positive,stranger,それほど,上映後のロビーで、これから同じ映画を見る客に、どれくらい面白かったか聞かれ、大輔は答えます。「映画、それほど面白かったです。」,-10.76813793182373,0.0002505992306396365
24,面白い,neutral-positive,stranger,そんなに,上映後のロビーで、これから同じ映画を見る客に、どれくらい面白かったか聞かれ、大輔は答えます。「映画、そんなに面白かったです。」,-9.975237369537354,0.0005537736578844488
24,面白い,neutral-positive,stranger,たいして,上映後のロビーで、これから同じ映画を見る客に、どれくらい面白かったか聞かれ、大輔は答えます。「映画、たいして面白かったです。」,-11.160572230815887,0.00016925744421314448
24,面白い,neutral-positive,stranger,だいぶ,上映後のロビーで、これから同じ映画を見る客に、どれくらい面白かったか聞かれ、大輔は答えます。「映画、だいぶ面白かったです。」,-8.66326581168687,0.0020564300939440727
24,面白い,neutral-positive,stranger,ちっとも,上映後のロビーで、これから同じ映画を見る客に、どれくらい面白かったか聞かれ、大輔は答えます。「映画、ちっとも面白かったです。」,-15.837426543235779,1.5754914102217299e-06
24,面白い,neutral-positive,stranger,ちょっと,上映後のロビーで、これから同じ映画を見る客に、どれくらい面白かったか聞かれ、大輔は答えます。「映画、ちょっと面白かったです。」,-7.442366123199463,0.006971786729991436
24,面白い,neutral-positive,stranger,とても,上映後のロビーで、これから同じ映画を見る客に、どれくらい面白かったか聞かれ、大輔は答えます。「映画、とても面白かったです。」,-3.613230347633362,0.3208608031272888
24,面白い,neutral-positive,stranger,なかなか,上映後のロビーで、これから同じ映画を見る客に、どれくらい面白かったか聞かれ、大輔は答えます。「映画、なかなか面白かったです。」,-8.296518802642822,0.0029674984980374575
24,面白い,neutral-positive,stranger,（なし）,上映後のロビーで、これから同じ映画を見る客に、どれくらい面白かったか聞かれ、大輔は答えます。「映画、（なし）面白かったです。」,-28.68992853164673,4.1270997036546575e-12
24,面白い,neutral-positive,stranger,ひどく,上映後のロビーで、これから同じ映画を見る客に、どれくらい面白かったか聞かれ、大輔は答えます。「映画、ひどく面白かったです。」,-14.101612776517868,8.93861215445213e-06
24,面白い,neutral-positive,stranger,まあまあ,上映後のロビーで、これから同じ映画を見る客に、どれくらい面白かったか聞かれ、大輔は答えます。「映画、まあまあ面白かったです。」,-8.914644956588745,0.001599342213012278
24,面白い,neutral-positive,stranger,マジで,上映後のロビーで、これから同じ映画を見る客に、どれくらい面白かったか聞かれ、大輔は答えます。「映画、マジで面白かったです。」,-11.295156717300415,0.00014794438902754337
24,面白い,neutral-positive,stranger,めっちゃ,上映後のロビーで、これから同じ映画を見る客に、どれくらい面白かったか聞かれ、大輔は答えます。「映画、めっちゃ面白かったです。」,-10.837573433294892,0.0002337892074137926
24,面白い,neutral-positive,stranger,やや,上映後のロビーで、これから同じ映画を見る客に、どれくらい面白かったか聞かれ、大輔は答えます。「映画、やや面白かったです。」,-10.244581699371338,0.00042301672510802746
24,面白い,neutral-positive,stranger,結構,上映後のロビーで、これから同じ映画を見る客に、どれくらい面白かったか聞かれ、大輔は答えます。「映画、結構面白かったです。」,-7.177961826324463,0.009081830270588398
24,面白い,neutral-positive,stranger,若干,上映後のロビーで、これから同じ映画を見る客に、どれくらい面白かったか聞かれ、大輔は答えます。「映画、若干面白かったです。」,-11.906378746032715,8.028755837585777e-05
24,面白い,neutral-positive,stranger,少し,上映後のロビーで、これから同じ映画を見る客に、どれくらい面白かったか聞かれ、大輔は答えます。「映画、少し面白かったです。」,-9.023626804351807,0.0014342059148475528
24,面白い,neutral-positive,stranger,少しも,上映後のロビーで、これから同じ映画を見る客に、どれくらい面白かったか聞かれ、大輔は答えます。「映画、少しも面白かったです。」,-12.68006443977356,3.703743641381152e-05
24,面白い,neutral-positive,stranger,全然,上映後のロビーで、これから同じ映画を見る客に、どれくらい面白かったか聞かれ、大輔は答えます。「映画、全然面白かったです。」,-8.634279727935791,0.002116912044584751
24,面白い,neutral-positive,stranger,相当,上映後のロビーで、これから同じ映画を見る客に、どれくらい面白かったか聞かれ、大輔は答えます。「映画、相当面白かったです。」,-7.214910984039307,0.008752388879656792
24,面白い,neutral-positive,stranger,超,上映後のロビーで、これから同じ映画を見る客に、どれくらい面白かったか聞かれ、大輔は答えます。「映画、超面白かったです。」,-8.701334476470947,0.001979617401957512
24,面白い,neutral-positive,stranger,非常に,上映後のロビーで、これから同じ映画を見る客に、どれくらい面白かったか聞かれ、大輔は答えます。「映画、非常に面白かったです。」,-5.651525974273682,0.04179228097200394
24,面白い,neutral-positive,stranger,微妙に,上映後のロビーで、これから同じ映画を見る客に、どれくらい面白かったか聞かれ、大輔は答えます。「映画、微妙に面白かったです。」,-12.01934939622879,7.171101606218144e-05
24,面白い,neutral-positive,stranger,普通に,上映後のロビーで、これから同じ映画を見る客に、どれくらい面白かったか聞かれ、大輔は答えます。「映画、普通に面白かったです。」,-8.135023593902588,0.003487602574750781
24,面白い,neutral-positive,stranger,本当に,上映後のロビーで、これから同じ映画を見る客に、どれくらい面白かったか聞かれ、大輔は答えます。「映画、本当に面白かったです。」,-3.511637330055237,0.3551713824272156
24,面白い,neutral-positive,stranger,全く,上映後のロビーで、これから同じ映画を見る客に、どれくらい面白かったか聞かれ、大輔は答えます。「映画、全く面白かったです。」,-9.549490451812744,0.0008476797956973314
25,面白い,neutral-negative,stranger,あまり,上映後のロビーで、これから同じ映画を見る客に、どれくらい面白かったか聞かれ、大輔は答えます。「映画、あまり面白くなかったです。」,-4.249611258506775,0.32320964336395264
25,面白い,neutral-negative,stranger,いまいち,上映後のロビーで、これから同じ映画を見る客に、どれくらい面白かったか聞かれ、大輔は答えます。「映画、いまいち面白くなかったです。」,-11.198939085006714,0.00031004840275272727
25,面白い,neutral-negative,stranger,かなり,上映後のロビーで、これから同じ映画を見る客に、どれくらい面白かったか聞かれ、大輔は答えます。「映画、かなり面白くなかったです。」,-8.317589044570923,0.005530751775950193
25,面白い,neutral-negative,stranger,すごく,上映後のロビーで、これから同じ映画を見る客に、どれくらい面白かったか聞かれ、大輔は答えます。「映画、すごく面白くなかったです。」,-6.6463892459869385,0.0294155515730381
25,面白い,neutral-negative,stranger,そこまで,上映後のロビーで、これから同じ映画を見る客に、どれくらい面白かったか聞かれ、大輔は答えます。「映画、そこまで面白くなかったです。」,-8.620189905166626,0.004086639266461134
25,面白い,neutral-negative,stranger,それほど,上映後のロビーで、これから同じ映画を見る客に、どれくらい面白かったか聞かれ、大輔は答えます。「映画、それほど面白くなかったです。」,-7.699341058731079,0.010263271629810333
25,面白い,neutral-negative,stranger,そんなに,上映後のロビーで、これから同じ映画を見る客に、どれくらい面白かったか聞かれ、大輔は答えます。「映画、そんなに面白くなかったです。」,-5.832359552383423,0.06639044731855392
25,面白い,neutral-negative,stranger,たいして,上映後のロビーで、これから同じ映画を見る客に、どれくらい面白かったか聞かれ、大輔は答えます。「映画、たいして面白くなかったです。」,-11.212580740451813,0.0003058476431760937
25,面白い,neutral-negative,stranger,だいぶ,上映後のロビーで、これから同じ映画を見る客に、どれくらい面白かったか聞かれ、大輔は答えます。「映画、だいぶ面白くなかったです。」,-10.945678608724847,0.0003994102298747748
25,面白い,neutral-negative,stranger,ちっとも,上映後のロビーで、これから同じ映画を見る客に、どれくらい面白かったか聞かれ、大輔は答えます。「映画、ちっとも面白くなかったです。」,-15.39925280958414,4.647899459087057e-06
25,面白い,neutral-negative,stranger,ちょっと,上映後のロビーで、これから同じ映画を見る客に、どれくらい面白かったか聞かれ、大輔は答えます。「映画、ちょっと面白くなかったです。」,-6.1478540897369385,0.04842706024646759
25,面白い,neutral-negative,stranger,とても,上映後のロビーで、これから同じ映画を見る客に、どれくらい面白かったか聞かれ、大輔は答えます。「映画、とても面白くなかったです。」,-4.89991021156311,0.1686798632144928
25,面白い,neutral-negative,stranger,なかなか,上映後のロビーで、これから同じ映画を見る客に、どれくらい面白かったか聞かれ、大輔は答えます。「映画、なかなか面白くなかったです。」,-7.138469934463501,0.017983287572860718
25,面白い,neutral-negative,stranger,（なし）,上映後のロビーで、これから同じ映画を見る客に、どれくらい面白かったか聞かれ、大輔は答えます。「映画、（なし）面白くなかったです。」,-29.078701496124268,5.32534129640827e-12
25,面白い,neutral-negative,stranger,ひどく,上映後のロビーで、これから同じ映画を見る客に、どれくらい面白かったか聞かれ、大輔は答えます。「映画、ひどく面白くなかったです。」,-14.813843965530396,8.346351933141705e-06
25,面白い,neutral-negative,stranger,まあまあ,上映後のロビーで、これから同じ映画を見る客に、どれくらい面白かったか聞かれ、大輔は答えます。「映画、まあまあ面白くなかったです。」,-11.259024381637573,0.00029196770628914237
25,面白い,neutral-negative,stranger,マジで,上映後のロビーで、これから同じ映画を見る客に、どれくらい面白かったか聞かれ、大輔は答えます。「映画、マジで面白くなかったです。」,-11.91551086306572,0.00015143502969294786
25,面白い,neutral-negative,stranger,めっちゃ,上映後のロビーで、これから同じ映画を見る客に、どれくらい面白かったか聞かれ、大輔は答えます。「映画、めっちゃ面白くなかったです。」,-10.761531848460436,0.00048016797518357635
25,面白い,neutral-negative,stranger,やや,上映後のロビーで、これから同じ映画を見る客に、どれくらい面白かったか聞かれ、大輔は答えます。「映画、やや面白くなかったです。」,-12.856600046157837,5.909034371143207e-05
25,面白い,neutral-negative,stranger,結構,上映後のロビーで、これから同じ映画を見る客に、どれくらい面白かったか聞かれ、大輔は答えます。「映画、結構面白くなかったです。」,-9.823635339736938,0.0012266384437680244
25,面白い,neutral-negative,stranger,若干,上映後のロビーで、これから同じ映画を見る客に、どれくらい面白かったか聞かれ、大輔は答えます。「映画、若干面白くなかったです。」,-11.586312055587769,0.00021047260088380426
25,面白い,neutral-negative,stranger,少し,上映後のロビーで、これから同じ映画を見る客に、どれくらい面白かったか聞かれ、大輔は答えます。「映画、少し面白くなかったです。」,-8.496586084365845,0.004624307621270418
25,面白い,neutral-negative,stranger,少しも,上映後のロビーで、これから同じ映画を見る客に、どれくらい面白かったか聞かれ、大輔は答えます。「映画、少しも面白くなかったです。」,-10.564242959022522,0.000584890425670892
25,面白い,neutral-negative,stranger,全然,上映後のロビーで、これから同じ映画を見る客に、どれくらい面白かったか聞かれ、大輔は答えます。「映画、全然面白くなかったです。」,-5.20569634437561,0.12424015253782272
25,面白い,neutral-negative,stranger,相当,上映後のロビーで、これから同じ映画を見る客に、どれくらい面白かったか聞かれ、大輔は答えます。「映画、相当面白くなかったです。」,-9.019493341445923,0.0027412648778408766
25,面白い,neutral-negative,stranger,超,上映後のロビーで、これから同じ映画を見る客に、どれくらい面白かったか聞かれ、大輔は答えます。「映画、超面白くなかったです。」,-11.403256177902222,0.0002527526521589607
25,面白い,neutral-negative,stranger,非常に,上映後のロビーで、これから同じ映画を見る客に、どれくらい面白かったか聞かれ、大輔は答えます。「映画、非常に面白くなかったです。」,-7.753254175186157,0.009724598377943039
25,面白い,neutral-negative,stranger,微妙に,上映後のロビーで、これから同じ映画を見る客に、どれくらい面白かったか聞かれ、大輔は答えます。「映画、微妙に面白くなかったです。」,-12.556648802012205,7.975975313456729e-05
25,面白い,neutral-negative,stranger,普通に,上映後のロビーで、これから同じ映画を見る客に、どれくらい面白かったか聞かれ、大輔は答えます。「映画、普通に面白くなかったです。」,-9.600555658340454,0.0015332000330090523
25,面白い,neutral-negative,stranger,本当に,上映後のロビーで、これから同じ映画を見る客に、どれくらい面白かったか聞かれ、大輔は答えます。「映画、本当に面白くなかったです。」,-5.191375970840454,0.12603212893009186
25,面白い,neutral-negative,stranger,全く,上映後のロビーで、これから同じ映画を見る客に、どれくらい面白かったか聞かれ、大輔は答えます。「映画、全く面白くなかったです。」,-6.062305688858032,0.052752286195755005
26,面白い,annoyed,stranger,あまり,居酒屋で、隣の席の客が大輔たちの会話に割り込み、大輔の話し方を茶化して笑っています。何度も続くので、苛立った大輔は言います。「それ、あまり面白くないんですけど。放っておいてもらえますか？」,-7.0325247049331665,0.34412145614624023
26,面白い,annoyed,stranger,いまいち,居酒屋で、隣の席の客が大輔たちの会話に割り込み、大輔の話し方を茶化して笑っています。何度も続くので、苛立った大輔は言います。「それ、いまいち面白くないんですけど。放っておいてもらえますか？」,-13.918235659599304,0.0003517915029078722
26,面白い,annoyed,stranger,かなり,居酒屋で、隣の席の客が大輔たちの会話に割り込み、大輔の話し方を茶化して笑っています。何度も続くので、苛立った大輔は言います。「それ、かなり面白くないんですけど。放っておいてもらえますか？」,-11.55347490310669,0.0037435891572386026
26,面白い,annoyed,stranger,すごく,居酒屋で、隣の席の客が大輔たちの会話に割り込み、大輔の話し方を茶化して笑っています。何度も続くので、苛立った大輔は言います。「それ、すごく面白くないんですけど。放っておいてもらえますか？」,-10.05143404006958,0.016811879351735115
26,面白い,annoyed,stranger,そこまで,居酒屋で、隣の席の客が大輔たちの会話に割り込み、大輔の話し方を茶化して笑っています。何度も続くので、苛立った大輔は言います。「それ、そこまで面白くないんですけど。放っておいてもらえますか？」,-11.43232774734497,0.004225729964673519
26,面白い,annoyed,stranger,それほど,居酒屋で、隣の席の客が大輔たちの会話に割り込み、大輔の話し方を茶化して笑っています。何度も続くので、苛立った大輔は言います。「それ、それほど面白くないんですけど。放っておいてもらえますか？」,-11.986443042755127,0.0024280212819576263
26,面白い,annoyed,stranger,そんなに,居酒屋で、隣の席の客が大輔たちの会話に割り込み、大輔の話し方を茶化して笑っています。何度も続くので、苛立った大輔は言います。「それ、そんなに面白くないんですけど。放っておいてもらえますか？」,-9.589890003204346,0.02667240984737873
26,面白い,annoyed,stranger,たいして,居酒屋で、隣の席の客が大輔たちの会話に割り込み、大輔の話し方を茶化して笑っています。何度も続くので、苛立った大輔は言います。「それ、たいして面白くないんですけど。放っておいてもらえますか？」,-14.873378694057465,0.0001353542902506888
26,面白い,annoyed,stranger,だいぶ,居酒屋で、隣の席の客が大輔たちの会話に割り込み、大輔の話し方を茶化して笑っています。何度も続くので、苛立った大輔は言います。「それ、だいぶ面白くないんですけど。放っておいてもらえますか？」,-13.392405712977052,0.0005951830535195768
26,面白い,annoyed,stranger,ちっとも,居酒屋で、隣の席の客が大輔たちの会話に割り込み、大輔の話し方を茶化して笑っています。何度も続くので、苛立った大輔は言います。「それ、ちっとも面白くないんですけど。放っておいてもらえますか？」,-17.05254766345024,1.5313373296521604e-05
26,面白い,annoyed,stranger,ちょっと,居酒屋で、隣の席の客が大輔たちの会話に割り込み、大輔の話し方を茶化して笑っています。何度も続くので、苛立った大輔は言います。「それ、ちょっと面白くないんですけど。放っておいてもらえますか？」,-7.1436848640441895,0.3079182505607605
26,面白い,annoyed,stranger,とても,居酒屋で、隣の席の客が大輔たちの会話に割り込み、大輔の話し方を茶化して笑っています。何度も続くので、苛立った大輔は言います。「それ、とても面白くないんですけど。放っておいてもらえますか？」,-8.72467851638794,0.0633605346083641
26,面白い,annoyed,stranger,なかなか,居酒屋で、隣の席の客が大輔たちの会話に割り込み、大輔の話し方を茶化して笑っています。何度も続くので、苛立った大輔は言います。「それ、なかなか面白くないんですけど。放っておいてもらえますか？」,-9.035595417022705,0.04642900079488754
26,面白い,annoyed,stranger,（なし）,居酒屋で、隣の席の客が大輔たちの会話に割り込み、大輔の話し方を茶化して笑っています。何度も続くので、苛立った大輔は言います。「それ、（なし）面白くないんですけど。放っておいてもらえますか？」,-31.091123580932617,1.2251654551986846e-11
26,面白い,annoyed,stranger,ひどく,居酒屋で、隣の席の客が大輔たちの会話に割り込み、大輔の話し方を茶化して笑っています。何度も続くので、苛立った大輔は言います。「それ、ひどく面白くないんですけど。放っておいてもらえますか？」,-18.046911478042603,5.6653166211617645e-06
26,面白い,annoyed,stranger,まあまあ,居酒屋で、隣の席の客が大輔たちの会話に割り込み、大輔の話し方を茶化して笑っています。何度も続くので、苛立った大輔は言います。「それ、まあまあ面白くないんですけど。放っておいてもらえますか？」,-13.00120234489441,0.0008801320800557733
26,面白い,annoyed,stranger,マジで,居酒屋で、隣の席の客が大輔たちの会話に割り込み、大輔の話し方を茶化して笑っています。何度も続くので、苛立った大輔は言います。「それ、マジで面白くないんですけど。放っておいてもらえますか？」,-15.297983229160309,8.852552127791569e-05
26,面白い,annoyed,stranger,めっちゃ,居酒屋で、隣の席の客が大輔たちの会話に割り込み、大輔の話し方を茶化して笑っています。何度も続くので、苛立った大輔は言います。「それ、めっちゃ面白くないんですけど。放っておいてもらえますか？」,-13.650056650862098,0.0004599959356710315
26,面白い,annoyed,stranger,やや,居酒屋で、隣の席の客が大輔たちの会話に割り込み、大輔の話し方を茶化して笑っています。何度も続くので、苛立った大輔は言います。「それ、やや面白くないんですけど。放っておいてもらえますか？」,-15.797075986862183,5.374221655074507e-05
26,面白い,annoyed,stranger,結構,居酒屋で、隣の席の客が大輔たちの会話に割り込み、大輔の話し方を茶化して笑っています。何度も続くので、苛立った大輔は言います。「それ、結構面白くないんですけど。放っておいてもらえますか？」,-11.789127826690674,0.0029576406814157963
26,面白い,annoyed,stranger,若干,居酒屋で、隣の席の客が大輔たちの会話に割り込み、大輔の話し方を茶化して笑っています。何度も続くので、苛立った大輔は言います。「それ、若干面白くないんですけど。放っておいてもらえますか？」,-14.98112154006958,0.00012152906128903851
26,面白い,annoyed,stranger,少し,居酒屋で、隣の席の客が大輔たちの会話に割り込み、大輔の話し方を茶化して笑っています。何度も続くので、苛立った大輔は言います。「それ、少し面白くないんですけど。放っておいてもらえますか？」,-11.02497148513794,0.00635059317573905
26,面白い,annoyed,stranger,少しも,居酒屋で、隣の席の客が大輔たちの会話に割り込み、大輔の話し方を茶化して笑っています。何度も続くので、苛立った大輔は言います。「それ、少しも面白くないんですけど。放っておいてもらえますか？」,-13.080392599105835,0.000813122431281954
26,面白い,annoyed,stranger,全然,居酒屋で、隣の席の客が大輔たちの会話に割り込み、大輔の話し方を茶化して笑っています。何度も続くので、苛立った大輔は言います。「それ、全然面白くないんですけど。放っておいてもらえますか？」,-8.112541675567627,0.11686016619205475
26,面白い,annoyed,stranger,相当,居酒屋で、隣の席の客が大輔たちの会話に割り込み、大輔の話し方を茶化して笑っています。何度も続くので、苛立った大輔は言います。「それ、相当面白くないんですけど。放っておいてもらえますか？」,-11.827229022979736,0.002847071038559079
26,面白い,annoyed,stranger,超,居酒屋で、隣の席の客が大輔たちの会話に割り込み、大輔の話し方を茶化して笑っています。何度も続くので、苛立った大輔は言います。「それ、超面白くないんですけど。放っておいてもらえますか？」,-13.793163776397705,0.00039866092265583575
26,面白い,annoyed,stranger,非常に,居酒屋で、隣の席の客が大輔たちの会話に割り込み、大輔の話し方を茶化して笑っています。何度も続くので、苛立った大輔は言います。「それ、非常に面白くないんですけど。放っておいてもらえますか？」,-11.416447162628174,0.004293372388929129
26,面白い,annoyed,stranger,微妙に,居酒屋で、隣の席の客が大輔たちの会話に割り込み、大輔の話し方を茶化して笑っています。何度も続くので、苛立った大輔は言います。「それ、微妙に面白くないんですけど。放っておいてもらえますか？」,-13.64941918849945,0.00046028950600884855
26,面白い,annoyed,stranger,普通に,居酒屋で、隣の席の客が大輔たちの会話に割り込み、大輔の話し方を茶化して笑っています。何度も続くので、苛立った大輔は言います。「それ、普通に面白くないんですけど。放っておいてもらえますか？」,-12.833618640899658,0.0010407078079879284
26,面白い,annoyed,stranger,本当に,居酒屋で、隣の席の客が大輔たちの会話に割り込み、大輔の話し方を茶化して笑っています。何度も続くので、苛立った大輔は言います。「それ、本当に面白くないんですけど。放っておいてもらえますか？」,-9.533936023712158,0.028207382187247276
26,面白い,annoyed,stranger,全く,居酒屋で、隣の席の客が大輔たちの会話に割り込み、大輔の話し方を茶化して笑っています。何度も続くので、苛立った大輔は言います。「それ、全く面白くないんですけど。放っておいてもらえますか？」,-10.01975679397583,0.017352957278490067
27,面白い,encouraging,stranger,あまり,足を止めて路上ライブを見ていた大輔に、客が集まらなかったことを気にした芸人が謝ってきます。大輔はその芸人を励まします。「ネタ、あまり面白かったですよ。最後まで見ていた人もいましたし。」,-12.19653606414795,0.004782778676599264
27,面白い,encouraging,stranger,いまいち,足を止めて路上ライブを見ていた大輔に、客が集まらなかったことを気にした芸人が謝ってきます。大輔はその芸人を励まします。「ネタ、いまいち面白かったですよ。最後まで見ていた人もいましたし。」,-17.46456527709961,2.4649280021549203e-05
27,面白い,encouraging,stranger,かなり,足を止めて路上ライブを見ていた大輔に、客が集まらなかったことを気にした芸人が謝ってきます。大輔はその芸人を励まします。「ネタ、かなり面白かったですよ。最後まで見ていた人もいましたし。」,-9.372771263122559,0.08054261654615402
27,面白い,encouraging,stranger,すごく,足を止めて路上ライブを見ていた大輔に、客が集まらなかったことを気にした芸人が謝ってきます。大輔はその芸人を励まします。「ネタ、すごく面白かったですよ。最後まで見ていた人もいましたし。」,-9.146719932556152,0.10097145289182663
27,面白い,encouraging,stranger,そこまで,足を止めて路上ライブを見ていた大輔に、客が集まらなかったことを気にした芸人が謝ってきます。大輔はその芸人を励まします。「ネタ、そこまで面白かったですよ。最後まで見ていた人もいましたし。」,-14.449614524841309,0.0005025516729801893
27,面白い,encouraging,stranger,それほど,足を止めて路上ライブを見ていた大輔に、客が集まらなかったことを気にした芸人が謝ってきます。大輔はその芸人を励まします。「ネタ、それほど面白かったですよ。最後まで見ていた人もいましたし。」,-14.306879997253418,0.0005796549376100302
27,面白い,encouraging,stranger,そんなに,足を止めて路上ライブを見ていた大輔に、客が集まらなかったことを気にした芸人が謝ってきます。大輔はその芸人を励まします。「ネタ、そんなに面白かったですよ。最後まで見ていた人もいましたし。」,-13.712752342224121,0.0010500160278752446
27,面白い,encouraging,stranger,たいして,足を止めて路上ライブを見ていた大輔に、客が集まらなかったことを気にした芸人が謝ってきます。大輔はその芸人を励まします。「ネタ、たいして面白かったですよ。最後まで見ていた人もいましたし。」,-15.78255045413971,0.00013252379721961915
27,面白い,encouraging,stranger,だいぶ,足を止めて路上ライブを見ていた大輔に、客が集まらなかったことを気にした芸人が謝ってきます。大輔はその芸人を励まします。「ネタ、だいぶ面白かったですよ。最後まで見ていた人もいましたし。」,-13.164555728668347,0.0018166645895689726
27,面白い,encouraging,stranger,ちっとも,足を止めて路上ライブを見ていた大輔に、客が集まらなかったことを気にした芸人が謝ってきます。大輔はその芸人を励まします。「ネタ、ちっとも面白かったですよ。最後まで見ていた人もいましたし。」,-18.394597053527832,9.725165909912903e-06
27,面白い,encouraging,stranger,ちょっと,足を止めて路上ライブを見ていた大輔に、客が集まらなかったことを気にした芸人が謝ってきます。大輔はその芸人を励まします。「ネタ、ちょっと面白かったですよ。最後まで見ていた人もいましたし。」,-10.297015190124512,0.0319618359208107
27,面白い,encouraging,stranger,とても,足を止めて路上ライブを見ていた大輔に、客が集まらなかったことを気にした芸人が謝ってきます。大輔はその芸人を励まします。「ネタ、とても面白かったですよ。最後まで見ていた人もいましたし。」,-8.721964836120605,0.15440714359283447
27,面白い,encouraging,stranger,なかなか,足を止めて路上ライブを見ていた大輔に、客が集まらなかったことを気にした芸人が謝ってきます。大輔はその芸人を励まします。「ネタ、なかなか面白かったですよ。最後まで見ていた人もいましたし。」,-10.753035545349121,0.020257441326975822
27,面白い,encouraging,stranger,（なし）,足を止めて路上ライブを見ていた大輔に、客が集まらなかったことを気にした芸人が謝ってきます。大輔はその芸人を励まします。「ネタ、（なし）面白かったですよ。最後まで見ていた人もいましたし。」,-29.732964992523193,1.1579913417048004e-10
27,面白い,encouraging,stranger,ひどく,足を止めて路上ライブを見ていた大輔に、客が集まらなかったことを気にした芸人が謝ってきます。大輔はその芸人を励まします。「ネタ、ひどく面白かったですよ。最後まで見ていた人もいましたし。」,-17.4346741437912,2.5397219360456802e-05
27,面白い,encouraging,stranger,まあまあ,足を止めて路上ライブを見ていた大輔に、客が集まらなかったことを気にした芸人が謝ってきます。大輔はその芸人を励まします。「ネタ、まあまあ面白かったですよ。最後まで見ていた人もいましたし。」,-11.578819751739502,0.008870565332472324
27,面白い,encouraging,stranger,マジで,足を止めて路上ライブを見ていた大輔に、客が集まらなかったことを気にした芸人が謝ってきます。大輔はその芸人を励まします。「ネタ、マジで面白かったですよ。最後まで見ていた人もいましたし。」,-13.35564997792244,0.0015006641624495387
27,面白い,encouraging,stranger,めっちゃ,足を止めて路上ライブを見ていた大輔に、客が集まらなかったことを気にした芸人が謝ってきます。大輔はその芸人を励まします。「ネタ、めっちゃ面白かったですよ。最後まで見ていた人もいましたし。」,-14.060498755425215,0.0007416028529405594
27,面白い,encouraging,stranger,やや,足を止めて路上ライブを見ていた大輔に、客が集まらなかったことを気にした芸人が謝ってきます。大輔はその芸人を励まします。「ネタ、やや面白かったですよ。最後まで見ていた人もいましたし。」,-13.766791343688965,0.0009947799844667315
27,面白い,encouraging,stranger,結構,足を止めて路上ライブを見ていた大輔に、客が集まらなかったことを気にした芸人が謝ってきます。大輔はその芸人を励まします。「ネタ、結構面白かったですよ。最後まで見ていた人もいましたし。」,-9.354044914245605,0.08206509798765182
27,面白い,encouraging,stranger,若干,足を止めて路上ライブを見ていた大輔に、客が集まらなかったことを気にした芸人が謝ってきます。大輔はその芸人を励まします。「ネタ、若干面白かったですよ。最後まで見ていた人もいましたし。」,-16.18253231048584,8.883491682354361e-05
27,面白い,encouraging,stranger,少し,足を止めて路上ライブを見ていた大輔に、客が集まらなかったことを気にした芸人が謝ってきます。大輔はその芸人を励まします。「ネタ、少し面白かったですよ。最後まで見ていた人もいましたし。」,-13.11539363861084,0.00190820696298033
27,面白い,encouraging,stranger,少しも,足を止めて路上ライブを見ていた大輔に、客が集まらなかったことを気にした芸人が謝ってきます。大輔はその芸人を励まします。「ネタ、少しも面白かったですよ。最後まで見ていた人もいましたし。」,-16.930439710617065,4.2050614865729585e-05
27,面白い,encouraging,stranger,全然,足を止めて路上ライブを見ていた大輔に、客が集まらなかったことを気にした芸人が謝ってきます。大輔はその芸人を励まします。「ネタ、全然面白かったですよ。最後まで見ていた人もいましたし。」,-12.36670970916748,0.004034361336380243
27,面白い,encouraging,stranger,相当,足を止めて路上ライブを見ていた大輔に、客が集まらなかったことを気にした芸人が謝ってきます。大輔はその芸人を励まします。「ネタ、相当面白かったですよ。最後まで見ていた人もいましたし。」,-10.17520809173584,0.0361020490527153
27,面白い,encouraging,stranger,超,足を止めて路上ライブを見ていた大輔に、客が集まらなかったことを気にした芸人が謝ってきます。大輔はその芸人を励まします。「ネタ、超面白かったですよ。最後まで見ていた人もいましたし。」,-12.407366752624512,0.00387362577021122
27,面白い,encouraging,stranger,非常に,足を止めて路上ライブを見ていた大輔に、客が集まらなかったことを気にした芸人が謝ってきます。大輔はその芸人を励まします。「ネタ、非常に面白かったですよ。最後まで見ていた人もいましたし。」,-10.11744213104248,0.038248930126428604
27,面白い,encouraging,stranger,微妙に,足を止めて路上ライブを見ていた大輔に、客が集まらなかったことを気にした芸人が謝ってきます。大輔はその芸人を励まします。「ネタ、微妙に面白かったですよ。最後まで見ていた人もいましたし。」,-15.183067500591278,0.00024134940758813173
27,面白い,encouraging,stranger,普通に,足を止めて路上ライブを見ていた大輔に、客が集まらなかったことを気にした芸人が謝ってきます。大輔はその芸人を励まします。「ネタ、普通に面白かったですよ。最後まで見ていた人もいましたし。」,-11.651961326599121,0.008244913071393967
27,面白い,encouraging,stranger,本当に,足を止めて路上ライブを見ていた大輔に、客が集まらなかったことを気にした芸人が謝ってきます。大輔はその芸人を励まします。「ネタ、本当に面白かったですよ。最後まで見ていた人もいましたし。」,-7.732924461364746,0.41514724493026733
27,面白い,encouraging,stranger,全く,足を止めて路上ライブを見ていた大輔に、客が集まらなかったことを気にした芸人が謝ってきます。大輔はその芸人を励まします。「ネタ、全く面白かったですよ。最後まで見ていた人もいましたし。」,-13.946394920349121,0.0008312395657412708
28,美味しい,warning,friend,あまり,友人が同窓会の会場に選んだ店は、最近味が落ちています。大輔は力になりたいと思い、遠慮がちに指摘します。「そこ、最近あまり美味しくないみたいだから、他の店にしたらどう？」,-5.229085326194763,0.5731233954429626
28,美味しい,warning,friend,いまいち,友人が同窓会の会場に選んだ店は、最近味が落ちています。大輔は力になりたいと思い、遠慮がちに指摘します。「そこ、最近いまいち美味しくないみたいだから、他の店にしたらどう？」,-11.912553608417511,0.0007172237965278327
28,美味しい,warning,friend,かなり,友人が同窓会の会場に選んだ店は、最近味が落ちています。大輔は力になりたいと思い、遠慮がちに指摘します。「そこ、最近かなり美味しくないみたいだから、他の店にしたらどう？」,-11.185014247894287,0.0014846392441540956
28,美味しい,warning,friend,すごく,友人が同窓会の会場に選んだ店は、最近味が落ちています。大輔は力になりたいと思い、遠慮がちに指摘します。「そこ、最近すごく美味しくないみたいだから、他の店にしたらどう？」,-9.754849910736084,0.006204879842698574
28,美味しい,warning,friend,そこまで,友人が同窓会の会場に選んだ店は、最近味が落ちています。大輔は力になりたいと思い、遠慮がちに指摘します。「そこ、最近そこまで美味しくないみたいだから、他の店にしたらどう？」,-10.734879970550537,0.0023286903742700815
28,美味しい,warning,friend,それほど,友人が同窓会の会場に選んだ店は、最近味が落ちています。大輔は力になりたいと思い、遠慮がちに指摘します。「そこ、最近それほど美味しくないみたいだから、他の店にしたらどう？」,-9.604146480560303,0.007214115001261234
28,美味しい,warning,friend,そんなに,友人が同窓会の会場に選んだ店は、最近味が落ちています。大輔は力になりたいと思い、遠慮がちに指摘します。「そこ、最近そんなに美味しくないみたいだから、他の店にしたらどう？」,-7.943101406097412,0.03798096626996994
28,美味しい,warning,friend,たいして,友人が同窓会の会場に選んだ店は、最近味が落ちています。大輔は力になりたいと思い、遠慮がちに指摘します。「そこ、最近たいして美味しくないみたいだから、他の店にしたらどう？」,-16.208165884017944,9.774492355063558e-06
28,美味しい,warning,friend,だいぶ,友人が同窓会の会場に選んだ店は、最近味が落ちています。大輔は力になりたいと思い、遠慮がちに指摘します。「そこ、最近だいぶ美味しくないみたいだから、他の店にしたらどう？」,-11.074265489936806,0.0016585122793912888
28,美味しい,warning,friend,ちっとも,友人が同窓会の会場に選んだ店は、最近味が落ちています。大輔は力になりたいと思い、遠慮がちに指摘します。「そこ、最近ちっとも美味しくないみたいだから、他の店にしたらどう？」,-16.445697382092476,7.707889380981214e-06
28,美味しい,warning,friend,ちょっと,友人が同窓会の会場に選んだ店は、最近味が落ちています。大輔は力になりたいと思い、遠慮がちに指摘します。「そこ、最近ちょっと美味しくないみたいだから、他の店にしたらどう？」,-8.615487575531006,0.019388854503631592
28,美味しい,warning,friend,とても,友人が同窓会の会場に選んだ店は、最近味が落ちています。大輔は力になりたいと思い、遠慮がちに指摘します。「そこ、最近とても美味しくないみたいだから、他の店にしたらどう？」,-8.801400661468506,0.01609945297241211
28,美味しい,warning,friend,なかなか,友人が同窓会の会場に選んだ店は、最近味が落ちています。大輔は力になりたいと思い、遠慮がちに指摘します。「そこ、最近なかなか美味しくないみたいだから、他の店にしたらどう？」,-6.454476833343506,0.1682935357093811
28,美味しい,warning,friend,（なし）,友人が同窓会の会場に選んだ店は、最近味が落ちています。大輔は力になりたいと思い、遠慮がちに指摘します。「そこ、最近（なし）美味しくないみたいだから、他の店にしたらどう？」,-29.69496726989746,1.3578470813013777e-11
28,美味しい,warning,friend,ひどく,友人が同窓会の会場に選んだ店は、最近味が落ちています。大輔は力になりたいと思い、遠慮がちに指摘します。「そこ、最近ひどく美味しくないみたいだから、他の店にしたらどう？」,-14.353379338979721,6.246222619665787e-05
28,美味しい,warning,friend,まあまあ,友人が同窓会の会場に選んだ店は、最近味が落ちています。大輔は力になりたいと思い、遠慮がちに指摘します。「そこ、最近まあまあ美味しくないみたいだから、他の店にしたらどう？」,-12.435633689165115,0.00042509305058047175
28,美味しい,warning,friend,マジで,友人が同窓会の会場に選んだ店は、最近味が落ちています。大輔は力になりたいと思い、遠慮がちに指摘します。「そこ、最近マジで美味しくないみたいだから、他の店にしたらどう？」,-13.343024961650372,0.00017155725799966604
28,美味しい,warning,friend,めっちゃ,友人が同窓会の会場に選んだ店は、最近味が落ちています。大輔は力になりたいと思い、遠慮がちに指摘します。「そこ、最近めっちゃ美味しくないみたいだから、他の店にしたらどう？」,-12.068848192691803,0.00061344652203843
28,美味しい,warning,friend,やや,友人が同窓会の会場に選んだ店は、最近味が落ちています。大輔は力になりたいと思い、遠慮がちに指摘します。「そこ、最近やや美味しくないみたいだから、他の店にしたらどう？」,-14.8746657371521,3.7087353121023625e-05
28,美味しい,warning,friend,結構,友人が同窓会の会場に選んだ店は、最近味が落ちています。大輔は力になりたいと思い、遠慮がちに指摘します。「そこ、最近結構美味しくないみたいだから、他の店にしたらどう？」,-11.514699459075928,0.0010676783276721835
28,美味しい,warning,friend,若干,友人が同窓会の会場に選んだ店は、最近味が落ちています。大輔は力になりたいと思い、遠慮がちに指摘します。「そこ、最近若干美味しくないみたいだから、他の店にしたらどう？」,-13.579575538635254,0.00013541792577598244
28,美味しい,warning,friend,少し,友人が同窓会の会場に選んだ店は、最近味が落ちています。大輔は力になりたいと思い、遠慮がちに指摘します。「そこ、最近少し美味しくないみたいだから、他の店にしたらどう？」,-10.845300197601318,0.0020852438174188137
28,美味しい,warning,friend,少しも,友人が同窓会の会場に選んだ店は、最近味が落ちています。大輔は力になりたいと思い、遠慮がちに指摘します。「そこ、最近少しも美味しくないみたいだから、他の店にしたらどう？」,-13.129665851593018,0.00021235861640889198
28,美味しい,warning,friend,全然,友人が同窓会の会場に選んだ店は、最近味が落ちています。大輔は力になりたいと思い、遠慮がちに指摘します。「そこ、最近全然美味しくないみたいだから、他の店にしたらどう？」,-6.612084865570068,0.14375373721122742
28,美味しい,warning,friend,相当,友人が同窓会の会場に選んだ店は、最近味が落ちています。大輔は力になりたいと思い、遠慮がちに指摘します。「そこ、最近相当美味しくないみたいだから、他の店にしたらどう？」,-11.003003597259521,0.0017810130957514048
28,美味しい,warning,friend,超,友人が同窓会の会場に選んだ店は、最近味が落ちています。大輔は力になりたいと思い、遠慮がちに指摘します。「そこ、最近超美味しくないみたいだから、他の店にしたらどう？」,-14.111451148986816,7.95583036961034e-05
28,美味しい,warning,friend,非常に,友人が同窓会の会場に選んだ店は、最近味が落ちています。大輔は力になりたいと思い、遠慮がちに指摘します。「そこ、最近非常に美味しくないみたいだから、他の店にしたらどう？」,-12.406044960021973,0.00043785892194136977
28,美味しい,warning,friend,微妙に,友人が同窓会の会場に選んだ店は、最近味が落ちています。大輔は力になりたいと思い、遠慮がちに指摘します。「そこ、最近微妙に美味しくないみたいだから、他の店にしたらどう？」,-12.457832597196102,0.00041576052899472415
28,美味しい,warning,friend,普通に,友人が同窓会の会場に選んだ店は、最近味が落ちています。大輔は力になりたいと思い、遠慮がちに指摘します。「そこ、最近普通に美味しくないみたいだから、他の店にしたらどう？」,-12.242077827453613,0.000515874708071351
28,美味しい,warning,friend,本当に,友人が同窓会の会場に選んだ店は、最近味が落ちています。大輔は力になりたいと思い、遠慮がちに指摘します。「そこ、最近本当に美味しくないみたいだから、他の店にしたらどう？」,-10.118627071380615,0.004312677308917046
28,美味しい,warning,friend,全く,友人が同窓会の会場に選んだ店は、最近味が落ちています。大輔は力になりたいと思い、遠慮がちに指摘します。「そこ、最近全く美味しくないみたいだから、他の店にしたらどう？」,-9.341447353363037,0.009381490759551525
29,美味しい,non-committal,friend,あまり,大輔は友人とどの店で食べるか相談しています。自分の意見を押し付けたくない大輔は、慎重に答えます。「そこ、あまり美味しくないかもしれないけど、安くて量も多いよ。」,-7.151581168174744,0.4245821535587311
29,美味しい,non-committal,friend,いまいち,大輔は友人とどの店で食べるか相談しています。自分の意見を押し付けたくない大輔は、慎重に答えます。「そこ、いまいち美味しくないかもしれないけど、安くて量も多いよ。」,-12.009446144104004,0.00329775083810091
29,美味しい,non-committal,friend,かなり,大輔は友人とどの店で食べるか相談しています。自分の意見を押し付けたくない大輔は、慎重に答えます。「そこ、かなり美味しくないかもしれないけど、安くて量も多いよ。」,-11.69065523147583,0.004535938613116741
29,美味しい,non-committal,friend,すごく,大輔は友人とどの店で食べるか相談しています。自分の意見を押し付けたくない大輔は、慎重に答えます。「そこ、すごく美味しくないかもしれないけど、安くて量も多いよ。」,-10.770927906036377,0.011378884315490723
29,美味しい,non-committal,friend,そこまで,大輔は友人とどの店で食べるか相談しています。自分の意見を押し付けたくない大輔は、慎重に答えます。「そこ、そこまで美味しくないかもしれないけど、安くて量も多いよ。」,-10.101768970489502,0.02221834473311901
29,美味しい,non-committal,friend,それほど,大輔は友人とどの店で食べるか相談しています。自分の意見を押し付けたくない大輔は、慎重に答えます。「そこ、それほど美味しくないかもしれないけど、安くて量も多いよ。」,-10.723228931427002,0.011934798210859299
29,美味しい,non-committal,friend,そんなに,大輔は友人とどの店で食べるか相談しています。自分の意見を押し付けたくない大輔は、慎重に答えます。「そこ、そんなに美味しくないかもしれないけど、安くて量も多いよ。」,-8.228916645050049,0.1445709764957428
29,美味しい,non-committal,friend,たいして,大輔は友人とどの店で食べるか相談しています。自分の意見を押し付けたくない大輔は、慎重に答えます。「そこ、たいして美味しくないかもしれないけど、安くて量も多いよ。」,-14.236815094947815,0.000355536030838266
29,美味しい,non-committal,friend,だいぶ,大輔は友人とどの店で食べるか相談しています。自分の意見を押し付けたくない大輔は、慎重に答えます。「そこ、だいぶ美味しくないかもしれないけど、安くて量も多いよ。」,-12.687329079490155,0.0016742369625717402
29,美味しい,non-committal,friend,ちっとも,大輔は友人とどの店で食べるか相談しています。自分の意見を押し付けたくない大輔は、慎重に答えます。「そこ、ちっとも美味しくないかもしれないけど、安くて量も多いよ。」,-17.739149808883667,1.0711227332649287e-05
29,美味しい,non-committal,friend,ちょっと,大輔は友人とどの店で食べるか相談しています。自分の意見を押し付けたくない大輔は、慎重に答えます。「そこ、ちょっと美味しくないかもしれないけど、安くて量も多いよ。」,-8.074131488800049,0.16877318918704987
29,美味しい,non-committal,friend,とても,大輔は友人とどの店で食べるか相談しています。自分の意見を押し付けたくない大輔は、慎重に答えます。「そこ、とても美味しくないかもしれないけど、安くて量も多いよ。」,-9.370277881622314,0.04617365449666977
29,美味しい,non-committal,friend,なかなか,大輔は友人とどの店で食べるか相談しています。自分の意見を押し付けたくない大輔は、慎重に答えます。「そこ、なかなか美味しくないかもしれないけど、安くて量も多いよ。」,-8.969040393829346,0.0689682886004448
29,美味しい,non-committal,friend,（なし）,大輔は友人とどの店で食べるか相談しています。自分の意見を押し付けたくない大輔は、慎重に答えます。「そこ、（なし）美味しくないかもしれないけど、安くて量も多いよ。」,-31.436670303344727,1.2052617584523695e-11
29,美味しい,non-committal,friend,ひどく,大輔は友人とどの店で食べるか相談しています。自分の意見を押し付けたくない大輔は、慎重に答えます。「そこ、ひどく美味しくないかもしれないけど、安くて量も多いよ。」,-18.41203534603119,5.465232334245229e-06
29,美味しい,non-committal,friend,まあまあ,大輔は友人とどの店で食べるか相談しています。自分の意見を押し付けたくない大輔は、慎重に答えます。「そこ、まあまあ美味しくないかもしれないけど、安くて量も多いよ。」,-12.968268156051636,0.0012641733046621084
29,美味しい,non-committal,friend,マジで,大輔は友人とどの店で食べるか相談しています。自分の意見を押し付けたくない大輔は、慎重に答えます。「そこ、マジで美味しくないかもしれないけど、安くて量も多いよ。」,-15.956977471709251,6.365410081343725e-05
29,美味しい,non-committal,friend,めっちゃ,大輔は友人とどの店で食べるか相談しています。自分の意見を押し付けたくない大輔は、慎重に答えます。「そこ、めっちゃ美味しくないかもしれないけど、安くて量も多いよ。」,-13.460371002554893,0.0007728392956778407
29,美味しい,non-committal,friend,やや,大輔は友人とどの店で食べるか相談しています。自分の意見を押し付けたくない大輔は、慎重に答えます。「そこ、やや美味しくないかもしれないけど、安くて量も多いよ。」,-15.054078578948975,0.00015701839583925903
29,美味しい,non-committal,friend,結構,大輔は友人とどの店で食べるか相談しています。自分の意見を押し付けたくない大輔は、慎重に答えます。「そこ、結構美味しくないかもしれないけど、安くて量も多いよ。」,-12.467060565948486,0.002086789347231388
29,美味しい,non-committal,friend,若干,大輔は友人とどの店で食べるか相談しています。自分の意見を押し付けたくない大輔は、慎重に答えます。「そこ、若干美味しくないかもしれないけど、安くて量も多いよ。」,-13.242481231689453,0.0009609870030544698
29,美味しい,non-committal,friend,少し,大輔は友人とどの店で食べるか相談しています。自分の意見を押し付けたくない大輔は、慎重に答えます。「そこ、少し美味しくないかもしれないけど、安くて量も多いよ。」,-10.834511280059814,0.010677898302674294
29,美味しい,non-committal,friend,少しも,大輔は友人とどの店で食べるか相談しています。自分の意見を押し付けたくない大輔は、慎重に答えます。「そこ、少しも美味しくないかもしれないけど、安くて量も多いよ。」,-16.434327602386475,3.949260644731112e-05
29,美味しい,non-committal,friend,全然,大輔は友人とどの店で食べるか相談しています。自分の意見を押し付けたくない大輔は、慎重に答えます。「そこ、全然美味しくないかもしれないけど、安くて量も多いよ。」,-9.261616230010986,0.0514737032353878
29,美味しい,non-committal,friend,相当,大輔は友人とどの店で食べるか相談しています。自分の意見を押し付けたくない大輔は、慎重に答えます。「そこ、相当美味しくないかもしれないけど、安くて量も多いよ。」,-12.532433032989502,0.001954734092578292
29,美味しい,non-committal,friend,超,大輔は友人とどの店で食べるか相談しています。自分の意見を押し付けたくない大輔は、慎重に答えます。「そこ、超美味しくないかもしれないけど、安くて量も多いよ。」,-13.4482421875,0.0007822699844837189
29,美味しい,non-committal,friend,非常に,大輔は友人とどの店で食べるか相談しています。自分の意見を押し付けたくない大輔は、慎重に答えます。「そこ、非常に美味しくないかもしれないけど、安くて量も多いよ。」,-13.368965148925781,0.0008468105224892497
29,美味しい,non-committal,friend,微妙に,大輔は友人とどの店で食べるか相談しています。自分の意見を押し付けたくない大輔は、慎重に答えます。「そこ、微妙に美味しくないかもしれないけど、安くて量も多いよ。」,-13.11513900756836,0.001091494457796216
29,美味しい,non-committal,friend,普通に,大輔は友人とどの店で食べるか相談しています。自分の意見を押し付けたくない大輔は、慎重に答えます。「そこ、普通に美味しくないかもしれないけど、安くて量も多いよ。」,-11.963215351104736,0.0034537892788648605
29,美味しい,non-committal,friend,本当に,大輔は友人とどの店で食べるか相談しています。自分の意見を押し付けたくない大輔は、慎重に答えます。「そこ、本当に美味しくないかもしれないけど、安くて量も多いよ。」,-10.57090425491333,0.013898530043661594
29,美味しい,non-committal,friend,全く,大輔は友人とどの店で食べるか相談しています。自分の意見を押し付けたくない大輔は、慎重に答えます。「そこ、全く美味しくないかもしれないけど、安くて量も多いよ。」,-12.51163911819458,0.001995806349441409
30,美味しい,acknowledge,friend,あまり,見た目が地味だからと大輔が敬遠していた店に、友人が絶対美味しいと言って連れて行きます。大輔は半信半疑でした。しかし、友人の言った通りに美味しいです。連れてきてもらったことについて感謝します。「この料理、あまり美味しいね。連れてきてくれてありがとう。」,-10.27951169013977,0.0010805741185322404
30,美味しい,acknowledge,friend,いまいち,見た目が地味だからと大輔が敬遠していた店に、友人が絶対美味しいと言って連れて行きます。大輔は半信半疑でした。しかし、友人の言った通りに美味しいです。連れてきてもらったことについて感謝します。「この料理、いまいち美味しいね。連れてきてくれてありがとう。」,-12.897276401519775,7.884495425969362e-05
30,美味しい,acknowledge,friend,かなり,見た目が地味だからと大輔が敬遠していた店に、友人が絶対美味しいと言って連れて行きます。大輔は半信半疑でした。しかし、友人の言った通りに美味しいです。連れてきてもらったことについて感謝します。「この料理、かなり美味しいね。連れてきてくれてありがとう。」,-7.185372591018677,0.02384636178612709
30,美味しい,acknowledge,friend,すごく,見た目が地味だからと大輔が敬遠していた店に、友人が絶対美味しいと言って連れて行きます。大輔は半信半疑でした。しかし、友人の言った通りに美味しいです。連れてきてもらったことについて感謝します。「この料理、すごく美味しいね。連れてきてくれてありがとう。」,-6.322869300842285,0.05649401620030403
30,美味しい,acknowledge,friend,そこまで,見た目が地味だからと大輔が敬遠していた店に、友人が絶対美味しいと言って連れて行きます。大輔は半信半疑でした。しかし、友人の言った通りに美味しいです。連れてきてもらったことについて感謝します。「この料理、そこまで美味しいね。連れてきてくれてありがとう。」,-13.101140260696411,6.43038292764686e-05
30,美味しい,acknowledge,friend,それほど,見た目が地味だからと大輔が敬遠していた店に、友人が絶対美味しいと言って連れて行きます。大輔は半信半疑でした。しかし、友人の言った通りに美味しいです。連れてきてもらったことについて感謝します。「この料理、それほど美味しいね。連れてきてくれてありがとう。」,-11.401868104934692,0.0003517396980896592
30,美味しい,acknowledge,friend,そんなに,見た目が地味だからと大輔が敬遠していた店に、友人が絶対美味しいと言って連れて行きます。大輔は半信半疑でした。しかし、友人の言った通りに美味しいです。連れてきてもらったことについて感謝します。「この料理、そんなに美味しいね。連れてきてくれてありがとう。」,-10.87631344795227,0.000594931363593787
30,美味しい,acknowledge,friend,たいして,見た目が地味だからと大輔が敬遠していた店に、友人が絶対美味しいと言って連れて行きます。大輔は半信半疑でした。しかし、友人の言った通りに美味しいです。連れてきてもらったことについて感謝します。「この料理、たいして美味しいね。連れてきてくれてありがとう。」,-13.878933191299438,2.954239425889682e-05
30,美味しい,acknowledge,friend,だいぶ,見た目が地味だからと大輔が敬遠していた店に、友人が絶対美味しいと言って連れて行きます。大輔は半信半疑でした。しかし、友人の言った通りに美味しいです。連れてきてもらったことについて感謝します。「この料理、だいぶ美味しいね。連れてきてくれてありがとう。」,-9.63189145643264,0.0020649638026952744
30,美味しい,acknowledge,friend,ちっとも,見た目が地味だからと大輔が敬遠していた店に、友人が絶対美味しいと言って連れて行きます。大輔は半信半疑でした。しかし、友人の言った通りに美味しいです。連れてきてもらったことについて感謝します。「この料理、ちっとも美味しいね。連れてきてくれてありがとう。」,-18.053731203079224,4.5431130502038286e-07
30,美味しい,acknowledge,friend,ちょっと,見た目が地味だからと大輔が敬遠していた店に、友人が絶対美味しいと言って連れて行きます。大輔は半信半疑でした。しかし、友人の言った通りに美味しいです。連れてきてもらったことについて感謝します。「この料理、ちょっと美味しいね。連れてきてくれてありがとう。」,-8.018643617630005,0.010364231653511524
30,美味しい,acknowledge,friend,とても,見た目が地味だからと大輔が敬遠していた店に、友人が絶対美味しいと言って連れて行きます。大輔は半信半疑でした。しかし、友人の言った通りに美味しいです。連れてきてもらったことについて感謝します。「この料理、とても美味しいね。連れてきてくれてありがとう。」,-4.966279029846191,0.21936234831809998
30,美味しい,acknowledge,friend,なかなか,見た目が地味だからと大輔が敬遠していた店に、友人が絶対美味しいと言って連れて行きます。大輔は半信半疑でした。しかし、友人の言った通りに美味しいです。連れてきてもらったことについて感謝します。「この料理、なかなか美味しいね。連れてきてくれてありがとう。」,-6.863957643508911,0.03288598358631134
30,美味しい,acknowledge,friend,（なし）,見た目が地味だからと大輔が敬遠していた店に、友人が絶対美味しいと言って連れて行きます。大輔は半信半疑でした。しかし、友人の言った通りに美味しいです。連れてきてもらったことについて感謝します。「この料理、（なし）美味しいね。連れてきてくれてありがとう。」,-28.2507061958313,1.6938060329318994e-11
30,美味しい,acknowledge,friend,ひどく,見た目が地味だからと大輔が敬遠していた店に、友人が絶対美味しいと言って連れて行きます。大輔は半信半疑でした。しかし、友人の言った通りに美味しいです。連れてきてもらったことについて感謝します。「この料理、ひどく美味しいね。連れてきてくれてありがとう。」,-16.84839177131653,1.5164420119617716e-06
30,美味しい,acknowledge,friend,まあまあ,見た目が地味だからと大輔が敬遠していた店に、友人が絶対美味しいと言って連れて行きます。大輔は半信半疑でした。しかし、友人の言った通りに美味しいです。連れてきてもらったことについて感謝します。「この料理、まあまあ美味しいね。連れてきてくれてありがとう。」,-10.202071070671082,0.0011675794376060367
30,美味しい,acknowledge,friend,マジで,見た目が地味だからと大輔が敬遠していた店に、友人が絶対美味しいと言って連れて行きます。大輔は半信半疑でした。しかし、友人の言った通りに美味しいです。連れてきてもらったことについて感謝します。「この料理、マジで美味しいね。連れてきてくれてありがとう。」,-11.885081470012665,0.00021695239411201328
30,美味しい,acknowledge,friend,めっちゃ,見た目が地味だからと大輔が敬遠していた店に、友人が絶対美味しいと言って連れて行きます。大輔は半信半疑でした。しかし、友人の言った通りに美味しいです。連れてきてもらったことについて感謝します。「この料理、めっちゃ美味しいね。連れてきてくれてありがとう。」,-11.507873762398958,0.00031636154744774103
30,美味しい,acknowledge,friend,やや,見た目が地味だからと大輔が敬遠していた店に、友人が絶対美味しいと言って連れて行きます。大輔は半信半疑でした。しかし、友人の言った通りに美味しいです。連れてきてもらったことについて感謝します。「この料理、やや美味しいね。連れてきてくれてありがとう。」,-12.813716173171997,8.571632497478276e-05
30,美味しい,acknowledge,friend,結構,見た目が地味だからと大輔が敬遠していた店に、友人が絶対美味しいと言って連れて行きます。大輔は半信半疑でした。しかし、友人の言った通りに美味しいです。連れてきてもらったことについて感謝します。「この料理、結構美味しいね。連れてきてくれてありがとう。」,-8.773366212844849,0.004872650373727083
30,美味しい,acknowledge,friend,若干,見た目が地味だからと大輔が敬遠していた店に、友人が絶対美味しいと言って連れて行きます。大輔は半信半疑でした。しかし、友人の言った通りに美味しいです。連れてきてもらったことについて感謝します。「この料理、若干美味しいね。連れてきてくれてありがとう。」,-14.633763551712036,1.3887593922845554e-05
30,美味しい,acknowledge,friend,少し,見た目が地味だからと大輔が敬遠していた店に、友人が絶対美味しいと言って連れて行きます。大輔は半信半疑でした。しかし、友人の言った通りに美味しいです。連れてきてもらったことについて感謝します。「この料理、少し美味しいね。連れてきてくれてありがとう。」,-10.660077333450317,0.000738545146305114
30,美味しい,acknowledge,friend,少しも,見た目が地味だからと大輔が敬遠していた店に、友人が絶対美味しいと言って連れて行きます。大輔は半信半疑でした。しかし、友人の言った通りに美味しいです。連れてきてもらったことについて感謝します。「この料理、少しも美味しいね。連れてきてくれてありがとう。」,-14.252977848052979,2.0323583157733083e-05
30,美味しい,acknowledge,friend,全然,見た目が地味だからと大輔が敬遠していた店に、友人が絶対美味しいと言って連れて行きます。大輔は半信半疑でした。しかし、友人の言った通りに美味しいです。連れてきてもらったことについて感謝します。「この料理、全然美味しいね。連れてきてくれてありがとう。」,-8.948041200637817,0.004091710317879915
30,美味しい,acknowledge,friend,相当,見た目が地味だからと大輔が敬遠していた店に、友人が絶対美味しいと言って連れて行きます。大輔は半信半疑でした。しかし、友人の言った通りに美味しいです。連れてきてもらったことについて感謝します。「この料理、相当美味しいね。連れてきてくれてありがとう。」,-7.522752046585083,0.0170176699757576
30,美味しい,acknowledge,friend,超,見た目が地味だからと大輔が敬遠していた店に、友人が絶対美味しいと言って連れて行きます。大輔は半信半疑でした。しかし、友人の言った通りに美味しいです。連れてきてもらったことについて感謝します。「この料理、超美味しいね。連れてきてくれてありがとう。」,-6.853886842727661,0.03321884572505951
30,美味しい,acknowledge,friend,非常に,見た目が地味だからと大輔が敬遠していた店に、友人が絶対美味しいと言って連れて行きます。大輔は半信半疑でした。しかし、友人の言った通りに美味しいです。連れてきてもらったことについて感謝します。「この料理、非常に美味しいね。連れてきてくれてありがとう。」,-8.137105226516724,0.009206400252878666
30,美味しい,acknowledge,friend,微妙に,見た目が地味だからと大輔が敬遠していた店に、友人が絶対美味しいと言って連れて行きます。大輔は半信半疑でした。しかし、友人の言った通りに美味しいです。連れてきてもらったことについて感謝します。「この料理、微妙に美味しいね。連れてきてくれてありがとう。」,-12.382213741540909,0.00013196618237998337
30,美味しい,acknowledge,friend,普通に,見た目が地味だからと大輔が敬遠していた店に、友人が絶対美味しいと言って連れて行きます。大輔は半信半疑でした。しかし、友人の言った通りに美味しいです。連れてきてもらったことについて感謝します。「この料理、普通に美味しいね。連れてきてくれてありがとう。」,-9.352879762649536,0.002729516476392746
30,美味しい,acknowledge,friend,本当に,見た目が地味だからと大輔が敬遠していた店に、友人が絶対美味しいと言って連れて行きます。大輔は半信半疑でした。しかし、友人の言った通りに美味しいです。連れてきてもらったことについて感謝します。「この料理、本当に美味しいね。連れてきてくれてありがとう。」,-3.9965944290161133,0.5784832239151001
30,美味しい,acknowledge,friend,全く,見た目が地味だからと大輔が敬遠していた店に、友人が絶対美味しいと言って連れて行きます。大輔は半信半疑でした。しかし、友人の言った通りに美味しいです。連れてきてもらったことについて感謝します。「この料理、全く美味しいね。連れてきてくれてありがとう。」,-11.114712953567505,0.0004687391920015216
31,美味しい,neutral-positive,friend,あまり,ランチから戻った大輔は、その店を気にしていた友人に、料理がどれくらい美味しかったか聞かれ、答えます。「料理、あまり美味しかったよ。」,-8.88597309589386,0.0015261599328368902
31,美味しい,neutral-positive,friend,いまいち,ランチから戻った大輔は、その店を気にしていた友人に、料理がどれくらい美味しかったか聞かれ、答えます。「料理、いまいち美味しかったよ。」,-11.946519613265991,7.151899626478553e-05
31,美味しい,neutral-positive,friend,かなり,ランチから戻った大輔は、その店を気にしていた友人に、料理がどれくらい美味しかったか聞かれ、答えます。「料理、かなり美味しかったよ。」,-5.170992016792297,0.06266079843044281
31,美味しい,neutral-positive,friend,すごく,ランチから戻った大輔は、その店を気にしていた友人に、料理がどれくらい美味しかったか聞かれ、答えます。「料理、すごく美味しかったよ。」,-4.661901593208313,0.1042536050081253
31,美味しい,neutral-positive,friend,そこまで,ランチから戻った大輔は、その店を気にしていた友人に、料理がどれくらい美味しかったか聞かれ、答えます。「料理、そこまで美味しかったよ。」,-11.696050763130188,9.187530667986721e-05
31,美味しい,neutral-positive,friend,それほど,ランチから戻った大輔は、その店を気にしていた友人に、料理がどれくらい美味しかったか聞かれ、答えます。「料理、それほど美味しかったよ。」,-9.721193432807922,0.0006620159838348627
31,美味しい,neutral-positive,friend,そんなに,ランチから戻った大輔は、その店を気にしていた友人に、料理がどれくらい美味しかったか聞かれ、答えます。「料理、そんなに美味しかったよ。」,-8.816240429878235,0.0016363814938813448
31,美味しい,neutral-positive,friend,たいして,ランチから戻った大輔は、その店を気にしていた友人に、料理がどれくらい美味しかったか聞かれ、答えます。「料理、たいして美味しかったよ。」,-11.322045803070068,0.00013354475959204137
31,美味しい,neutral-positive,friend,だいぶ,ランチから戻った大輔は、その店を気にしていた友人に、料理がどれくらい美味しかったか聞かれ、答えます。「料理、だいぶ美味しかったよ。」,-7.233904525521211,0.007963143289089203
31,美味しい,neutral-positive,friend,ちっとも,ランチから戻った大輔は、その店を気にしていた友人に、料理がどれくらい美味しかったか聞かれ、答えます。「料理、ちっとも美味しかったよ。」,-15.64710545539856,1.767167191246699e-06
31,美味しい,neutral-positive,friend,ちょっと,ランチから戻った大輔は、その店を気にしていた友人に、料理がどれくらい美味しかったか聞かれ、答えます。「料理、ちょっと美味しかったよ。」,-7.159097790718079,0.008581683039665222
31,美味しい,neutral-positive,friend,とても,ランチから戻った大輔は、その店を気にしていた友人に、料理がどれくらい美味しかったか聞かれ、答えます。「料理、とても美味しかったよ。」,-3.958185315132141,0.2107226401567459
31,美味しい,neutral-positive,friend,なかなか,ランチから戻った大輔は、その店を気にしていた友人に、料理がどれくらい美味しかったか聞かれ、答えます。「料理、なかなか美味しかったよ。」,-7.452356457710266,0.0064004696905612946
31,美味しい,neutral-positive,friend,（なし）,ランチから戻った大輔は、その店を気にしていた友人に、料理がどれくらい美味しかったか聞かれ、答えます。「料理、（なし）美味しかったよ。」,-28.952500343322754,2.943190396259565e-12
31,美味しい,neutral-positive,friend,ひどく,ランチから戻った大輔は、その店を気にしていた友人に、料理がどれくらい美味しかったか聞かれ、答えます。「料理、ひどく美味しかったよ。」,-13.575693845748901,1.402426278218627e-05
31,美味しい,neutral-positive,friend,まあまあ,ランチから戻った大輔は、その店を気にしていた友人に、料理がどれくらい美味しかったか聞かれ、答えます。「料理、まあまあ美味しかったよ。」,-7.540036678314209,0.00586317665874958
31,美味しい,neutral-positive,friend,マジで,ランチから戻った大輔は、その店を気にしていた友人に、料理がどれくらい美味しかったか聞かれ、答えます。「料理、マジで美味しかったよ。」,-10.447218641638756,0.00032030194415710866
31,美味しい,neutral-positive,friend,めっちゃ,ランチから戻った大輔は、その店を気にしていた友人に、料理がどれくらい美味しかったか聞かれ、答えます。「料理、めっちゃ美味しかったよ。」,-10.138753361999989,0.00043603830272331834
31,美味しい,neutral-positive,friend,やや,ランチから戻った大輔は、その店を気にしていた友人に、料理がどれくらい美味しかったか聞かれ、答えます。「料理、やや美味しかったよ。」,-11.334034442901611,0.0001319534203503281
31,美味しい,neutral-positive,friend,結構,ランチから戻った大輔は、その店を気にしていた友人に、料理がどれくらい美味しかったか聞かれ、答えます。「料理、結構美味しかったよ。」,-6.8562222719192505,0.011617421172559261
31,美味しい,neutral-positive,friend,若干,ランチから戻った大輔は、その店を気にしていた友人に、料理がどれくらい美味しかったか聞かれ、答えます。「料理、若干美味しかったよ。」,-12.40052616596222,4.54201981483493e-05
31,美味しい,neutral-positive,friend,少し,ランチから戻った大輔は、その店を気にしていた友人に、料理がどれくらい美味しかったか聞かれ、答えます。「料理、少し美味しかったよ。」,-9.118887066841125,0.0012090570526197553
31,美味しい,neutral-positive,friend,少しも,ランチから戻った大輔は、その店を気にしていた友人に、料理がどれくらい美味しかったか聞かれ、答えます。「料理、少しも美味しかったよ。」,-12.500423669815063,4.110211375518702e-05
31,美味しい,neutral-positive,friend,全然,ランチから戻った大輔は、その店を気にしていた友人に、料理がどれくらい美味しかったか聞かれ、答えます。「料理、全然美味しかったよ。」,-7.384321331977844,0.006851081270724535
31,美味しい,neutral-positive,friend,相当,ランチから戻った大輔は、その店を気にしていた友人に、料理がどれくらい美味しかったか聞かれ、答えます。「料理、相当美味しかったよ。」,-5.798261761665344,0.033463865518569946
31,美味しい,neutral-positive,friend,超,ランチから戻った大輔は、その店を気にしていた友人に、料理がどれくらい美味しかったか聞かれ、答えます。「料理、超美味しかったよ。」,-7.463174939155579,0.0063315993174910545
31,美味しい,neutral-positive,friend,非常に,ランチから戻った大輔は、その店を気にしていた友人に、料理がどれくらい美味しかったか聞かれ、答えます。「料理、非常に美味しかったよ。」,-6.412603497505188,0.01810384914278984
31,美味しい,neutral-positive,friend,微妙に,ランチから戻った大輔は、その店を気にしていた友人に、料理がどれくらい美味しかったか聞かれ、答えます。「料理、微妙に美味しかったよ。」,-10.340036123991013,0.0003565400547813624
31,美味しい,neutral-positive,friend,普通に,ランチから戻った大輔は、その店を気にしていた友人に、料理がどれくらい美味しかったか聞かれ、答えます。「料理、普通に美味しかったよ。」,-6.850259900093079,0.011686895973980427
31,美味しい,neutral-positive,friend,本当に,ランチから戻った大輔は、その店を気にしていた友人に、料理がどれくらい美味しかったか聞かれ、答えます。「料理、本当に美味しかったよ。」,-3.098306894302368,0.49791085720062256
31,美味しい,neutral-positive,friend,全く,ランチから戻った大輔は、その店を気にしていた友人に、料理がどれくらい美味しかったか聞かれ、答えます。「料理、全く美味しかったよ。」,-9.401800274848938,0.0009111274848692119
32,美味しい,neutral-negative,friend,あまり,ランチから戻った大輔は、その店を気にしていた友人に、料理がどれくらい美味しかったか聞かれ、答えます。「料理、あまり美味しくなかったよ。」,-4.216752290725708,0.25139179825782776
32,美味しい,neutral-negative,friend,いまいち,ランチから戻った大輔は、その店を気にしていた友人に、料理がどれくらい美味しかったか聞かれ、答えます。「料理、いまいち美味しくなかったよ。」,-11.241087913513184,0.00022372824605554342
32,美味しい,neutral-negative,friend,かなり,ランチから戻った大輔は、その店を気にしていた友人に、料理がどれくらい美味しかったか聞かれ、答えます。「料理、かなり美味しくなかったよ。」,-7.819722414016724,0.006848588120192289
32,美味しい,neutral-negative,friend,すごく,ランチから戻った大輔は、その店を気にしていた友人に、料理がどれくらい美味しかったか聞かれ、答えます。「料理、すごく美味しくなかったよ。」,-6.92236065864563,0.016800427809357643
32,美味しい,neutral-negative,friend,そこまで,ランチから戻った大輔は、その店を気にしていた友人に、料理がどれくらい美味しかったか聞かれ、答えます。「料理、そこまで美味しくなかったよ。」,-8.388055086135864,0.003879514057189226
32,美味しい,neutral-negative,friend,それほど,ランチから戻った大輔は、その店を気にしていた友人に、料理がどれくらい美味しかったか聞かれ、答えます。「料理、それほど美味しくなかったよ。」,-6.930352449417114,0.016666697338223457
32,美味しい,neutral-negative,friend,そんなに,ランチから戻った大輔は、その店を気にしていた友人に、料理がどれくらい美味しかったか聞かれ、答えます。「料理、そんなに美味しくなかったよ。」,-4.922753572463989,0.1240905374288559
32,美味しい,neutral-negative,friend,たいして,ランチから戻った大輔は、その店を気にしていた友人に、料理がどれくらい美味しかったか聞かれ、答えます。「料理、たいして美味しくなかったよ。」,-10.957043886184692,0.00029722112230956554
32,美味しい,neutral-negative,friend,だいぶ,ランチから戻った大輔は、その店を気にしていた友人に、料理がどれくらい美味しかったか聞かれ、答えます。「料理、だいぶ美味しくなかったよ。」,-8.631886257091537,0.0030400631949305534
32,美味しい,neutral-negative,friend,ちっとも,ランチから戻った大輔は、その店を気にしていた友人に、料理がどれくらい美味しかったか聞かれ、答えます。「料理、ちっとも美味しくなかったよ。」,-14.43464970588684,9.178562322631478e-06
32,美味しい,neutral-negative,friend,ちょっと,ランチから戻った大輔は、その店を気にしていた友人に、料理がどれくらい美味しかったか聞かれ、答えます。「料理、ちょっと美味しくなかったよ。」,-5.658410310745239,0.0594630241394043
32,美味しい,neutral-negative,friend,とても,ランチから戻った大輔は、その店を気にしていた友人に、料理がどれくらい美味しかったか聞かれ、答えます。「料理、とても美味しくなかったよ。」,-5.477643251419067,0.07124479860067368
32,美味しい,neutral-negative,friend,なかなか,ランチから戻った大輔は、その店を気にしていた友人に、料理がどれくらい美味しかったか聞かれ、答えます。「料理、なかなか美味しくなかったよ。」,-6.028428316116333,0.04107241332530975
32,美味しい,neutral-negative,friend,（なし）,ランチから戻った大輔は、その店を気にしていた友人に、料理がどれくらい美味しかったか聞かれ、答えます。「料理、（なし）美味しくなかったよ。」,-29.66940402984619,2.2202652043279425e-12
32,美味しい,neutral-negative,friend,ひどく,ランチから戻った大輔は、その店を気にしていた友人に、料理がどれくらい美味しかったか聞かれ、答えます。「料理、ひどく美味しくなかったよ。」,-14.178779900074005,1.1854889635287691e-05
32,美味しい,neutral-negative,friend,まあまあ,ランチから戻った大輔は、その店を気にしていた友人に、料理がどれくらい美味しかったか聞かれ、答えます。「料理、まあまあ美味しくなかったよ。」,-9.461592674255371,0.0013260068371891975
32,美味しい,neutral-negative,friend,マジで,ランチから戻った大輔は、その店を気にしていた友人に、料理がどれくらい美味しかったか聞かれ、答えます。「料理、マジで美味しくなかったよ。」,-10.960634335875511,0.0002961558348033577
32,美味しい,neutral-negative,friend,めっちゃ,ランチから戻った大輔は、その店を気にしていた友人に、料理がどれくらい美味しかったか聞かれ、答えます。「料理、めっちゃ美味しくなかったよ。」,-10.708255253732204,0.0003811775241047144
32,美味しい,neutral-negative,friend,やや,ランチから戻った大輔は、その店を気にしていた友人に、料理がどれくらい美味しかったか聞かれ、答えます。「料理、やや美味しくなかったよ。」,-12.697279214859009,5.2156094170641154e-05
32,美味しい,neutral-negative,friend,結構,ランチから戻った大輔は、その店を気にしていた友人に、料理がどれくらい美味しかったか聞かれ、答えます。「料理、結構美味しくなかったよ。」,-9.046941041946411,0.0020073670893907547
32,美味しい,neutral-negative,friend,若干,ランチから戻った大輔は、その店を気にしていた友人に、料理がどれくらい美味しかったか聞かれ、答えます。「料理、若干美味しくなかったよ。」,-11.330121278762817,0.00020467001013457775
32,美味しい,neutral-negative,friend,少し,ランチから戻った大輔は、その店を気にしていた友人に、料理がどれくらい美味しかったか聞かれ、答えます。「料理、少し美味しくなかったよ。」,-8.222787141799927,0.004576698411256075
32,美味しい,neutral-negative,friend,少しも,ランチから戻った大輔は、その店を気にしていた友人に、料理がどれくらい美味しかったか聞かれ、答えます。「料理、少しも美味しくなかったよ。」,-10.481249332427979,0.00047831577830947936
32,美味しい,neutral-negative,friend,全然,ランチから戻った大輔は、その店を気にしていた友人に、料理がどれくらい美味しかったか聞かれ、答えます。「料理、全然美味しくなかったよ。」,-4.17498517036438,0.2621140778064728
32,美味しい,neutral-negative,friend,相当,ランチから戻った大輔は、その店を気にしていた友人に、料理がどれくらい美味しかったか聞かれ、答えます。「料理、相当美味しくなかったよ。」,-7.518883943557739,0.009252382442355156
32,美味しい,neutral-negative,friend,超,ランチから戻った大輔は、その店を気にしていた友人に、料理がどれくらい美味しかったか聞かれ、答えます。「料理、超美味しくなかったよ。」,-10.056798219680786,0.0007312255911529064
32,美味しい,neutral-negative,friend,非常に,ランチから戻った大輔は、その店を気にしていた友人に、料理がどれくらい美味しかったか聞かれ、答えます。「料理、非常に美味しくなかったよ。」,-8.62613034248352,0.003057613270357251
32,美味しい,neutral-negative,friend,微妙に,ランチから戻った大輔は、その店を気にしていた友人に、料理がどれくらい美味しかったか聞かれ、答えます。「料理、微妙に美味しくなかったよ。」,-10.51558843255043,0.0004621692933142185
32,美味しい,neutral-negative,friend,普通に,ランチから戻った大輔は、その店を気にしていた友人に、料理がどれくらい美味しかったか聞かれ、答えます。「料理、普通に美味しくなかったよ。」,-8.969205141067505,0.0021696367766708136
32,美味しい,neutral-negative,friend,本当に,ランチから戻った大輔は、その店を気にしていた友人に、料理がどれくらい美味しかったか聞かれ、答えます。「料理、本当に美味しくなかったよ。」,-5.287633180618286,0.08615360409021378
32,美味しい,neutral-negative,friend,全く,ランチから戻った大輔は、その店を気にしていた友人に、料理がどれくらい美味しかったか聞かれ、答えます。「料理、全く美味しくなかったよ。」,-6.287545442581177,0.03169691935181618
33,美味しい,annoyed,friend,あまり,大輔がせっかく楽しみにしていた料理に、友人が大量に香辛料をかけて台無しにします。苛立った大輔は言います。「料理、あまり美味しくなくなっちゃったんだけど！」,-7.910581350326538,0.01837538741528988
33,美味しい,annoyed,friend,いまいち,大輔がせっかく楽しみにしていた料理に、友人が大量に香辛料をかけて台無しにします。苛立った大輔は言います。「料理、いまいち美味しくなくなっちゃったんだけど！」,-9.827982902526855,0.002700969809666276
33,美味しい,annoyed,friend,かなり,大輔がせっかく楽しみにしていた料理に、友人が大量に香辛料をかけて台無しにします。苛立った大輔は言います。「料理、かなり美味しくなくなっちゃったんだけど！」,-8.057878255844116,0.01585865393280983
33,美味しい,annoyed,friend,すごく,大輔がせっかく楽しみにしていた料理に、友人が大量に香辛料をかけて台無しにします。苛立った大輔は言います。「料理、すごく美味しくなくなっちゃったんだけど！」,-7.555997610092163,0.026195716112852097
33,美味しい,annoyed,friend,そこまで,大輔がせっかく楽しみにしていた料理に、友人が大量に香辛料をかけて台無しにします。苛立った大輔は言います。「料理、そこまで美味しくなくなっちゃったんだけど！」,-10.936025381088257,0.0008918726816773415
33,美味しい,annoyed,friend,それほど,大輔がせっかく楽しみにしていた料理に、友人が大量に香辛料をかけて台無しにします。苛立った大輔は言います。「料理、それほど美味しくなくなっちゃったんだけど！」,-11.551976919174194,0.0004817242734134197
33,美味しい,annoyed,friend,そんなに,大輔がせっかく楽しみにしていた料理に、友人が大量に香辛料をかけて台無しにします。苛立った大輔は言います。「料理、そんなに美味しくなくなっちゃったんだけど！」,-8.308675527572632,0.012340888381004333
33,美味しい,annoyed,friend,たいして,大輔がせっかく楽しみにしていた料理に、友人が大量に香辛料をかけて台無しにします。苛立った大輔は言います。「料理、たいして美味しくなくなっちゃったんだけど！」,-12.311042428016663,0.0002254968712804839
33,美味しい,annoyed,friend,だいぶ,大輔がせっかく楽しみにしていた料理に、友人が大量に香辛料をかけて台無しにします。苛立った大輔は言います。「料理、だいぶ美味しくなくなっちゃったんだけど！」,-10.080741456593387,0.002097721677273512
33,美味しい,annoyed,friend,ちっとも,大輔がせっかく楽しみにしていた料理に、友人が大量に香辛料をかけて台無しにします。苛立った大輔は言います。「料理、ちっとも美味しくなくなっちゃったんだけど！」,-15.791662693023682,6.942676009202842e-06
33,美味しい,annoyed,friend,ちょっと,大輔がせっかく楽しみにしていた料理に、友人が大量に香辛料をかけて台無しにします。苛立った大輔は言います。「料理、ちょっと美味しくなくなっちゃったんだけど！」,-4.445947170257568,0.5873650908470154
33,美味しい,annoyed,friend,とても,大輔がせっかく楽しみにしていた料理に、友人が大量に香辛料をかけて台無しにします。苛立った大輔は言います。「料理、とても美味しくなくなっちゃったんだけど！」,-7.955156087875366,0.01757429726421833
33,美味しい,annoyed,friend,なかなか,大輔がせっかく楽しみにしていた料理に、友人が大量に香辛料をかけて台無しにします。苛立った大輔は言います。「料理、なかなか美味しくなくなっちゃったんだけど！」,-7.862760305404663,0.019275467842817307
33,美味しい,annoyed,friend,（なし）,大輔がせっかく楽しみにしていた料理に、友人が大量に香辛料をかけて台無しにします。苛立った大輔は言います。「料理、（なし）美味しくなくなっちゃったんだけど！」,-32.955745697021484,2.439271657925235e-13
33,美味しい,annoyed,friend,ひどく,大輔がせっかく楽しみにしていた料理に、友人が大量に香辛料をかけて台無しにします。苛立った大輔は言います。「料理、ひどく美味しくなくなっちゃったんだけど！」,-15.48267674446106,9.45621377468342e-06
33,美味しい,annoyed,friend,まあまあ,大輔がせっかく楽しみにしていた料理に、友人が大量に香辛料をかけて台無しにします。苛立った大輔は言います。「料理、まあまあ美味しくなくなっちゃったんだけど！」,-10.231278657913208,0.0018045573960989714
33,美味しい,annoyed,friend,マジで,大輔がせっかく楽しみにしていた料理に、友人が大量に香辛料をかけて台無しにします。苛立った大輔は言います。「料理、マジで美味しくなくなっちゃったんだけど！」,-10.78985558450222,0.0010322468588128686
33,美味しい,annoyed,friend,めっちゃ,大輔がせっかく楽しみにしていた料理に、友人が大量に香辛料をかけて台無しにします。苛立った大輔は言います。「料理、めっちゃ美味しくなくなっちゃったんだけど！」,-10.97734722495079,0.0008557699620723724
33,美味しい,annoyed,friend,やや,大輔がせっかく楽しみにしていた料理に、友人が大量に香辛料をかけて台無しにします。苛立った大輔は言います。「料理、やや美味しくなくなっちゃったんだけど！」,-13.107239246368408,0.00010170848690904677
33,美味しい,annoyed,friend,結構,大輔がせっかく楽しみにしていた料理に、友人が大量に香辛料をかけて台無しにします。苛立った大輔は言います。「料理、結構美味しくなくなっちゃったんだけど！」,-8.682855367660522,0.00848871935158968
33,美味しい,annoyed,friend,若干,大輔がせっかく楽しみにしていた料理に、友人が大量に香辛料をかけて台無しにします。苛立った大輔は言います。「料理、若干美味しくなくなっちゃったんだけど！」,-11.82929015159607,0.0003650588623713702
33,美味しい,annoyed,friend,少し,大輔がせっかく楽しみにしていた料理に、友人が大量に香辛料をかけて台無しにします。苛立った大輔は言います。「料理、少し美味しくなくなっちゃったんだけど！」,-7.762399435043335,0.02131037414073944
33,美味しい,annoyed,friend,少しも,大輔がせっかく楽しみにしていた料理に、友人が大量に香辛料をかけて台無しにします。苛立った大輔は言います。「料理、少しも美味しくなくなっちゃったんだけど！」,-13.73540186882019,5.426863572211005e-05
33,美味しい,annoyed,friend,全然,大輔がせっかく楽しみにしていた料理に、友人が大量に香辛料をかけて台無しにします。苛立った大輔は言います。「料理、全然美味しくなくなっちゃったんだけど！」,-5.898759365081787,0.13739147782325745
33,美味しい,annoyed,friend,相当,大輔がせっかく楽しみにしていた料理に、友人が大量に香辛料をかけて台無しにします。苛立った大輔は言います。「料理、相当美味しくなくなっちゃったんだけど！」,-9.548341512680054,0.003572451416403055
33,美味しい,annoyed,friend,超,大輔がせっかく楽しみにしていた料理に、友人が大量に香辛料をかけて台無しにします。苛立った大輔は言います。「料理、超美味しくなくなっちゃったんだけど！」,-10.141175985336304,0.001974702114239335
33,美味しい,annoyed,friend,非常に,大輔がせっかく楽しみにしていた料理に、友人が大量に香辛料をかけて台無しにします。苛立った大輔は言います。「料理、非常に美味しくなくなっちゃったんだけど！」,-10.160077810287476,0.0019377270946279168
33,美味しい,annoyed,friend,微妙に,大輔がせっかく楽しみにしていた料理に、友人が大量に香辛料をかけて台無しにします。苛立った大輔は言います。「料理、微妙に美味しくなくなっちゃったんだけど！」,-9.83576475083828,0.002680032281205058
33,美味しい,annoyed,friend,普通に,大輔がせっかく楽しみにしていた料理に、友人が大量に香辛料をかけて台無しにします。苛立った大輔は言います。「料理、普通に美味しくなくなっちゃったんだけど！」,-9.358918905258179,0.00431749178096652
33,美味しい,annoyed,friend,本当に,大輔がせっかく楽しみにしていた料理に、友人が大量に香辛料をかけて台無しにします。苛立った大輔は言います。「料理、本当に美味しくなくなっちゃったんだけど！」,-6.197850704193115,0.10187463462352753
33,美味しい,annoyed,friend,全く,大輔がせっかく楽しみにしていた料理に、友人が大量に香辛料をかけて台無しにします。苛立った大輔は言います。「料理、全く美味しくなくなっちゃったんだけど！」,-8.6424081325531,0.00883910246193409
34,美味しい,encouraging,friend,あまり,友人が作ってくれた料理の味が薄いです。それを申し訳ないと言ってきた友人を、大輔が励まします。「これ、あまり美味しいよ。塩を足せばもっと良くなるし。」,-10.57750916481018,0.0023096161894500256
34,美味しい,encouraging,friend,いまいち,友人が作ってくれた料理の味が薄いです。それを申し訳ないと言ってきた友人を、大輔が励まします。「これ、いまいち美味しいよ。塩を足せばもっと良くなるし。」,-13.679555654525757,0.00010383359767729416
34,美味しい,encouraging,friend,かなり,友人が作ってくれた料理の味が薄いです。それを申し訳ないと言ってきた友人を、大輔が励まします。「これ、かなり美味しいよ。塩を足せばもっと良くなるし。」,-7.5984861850738525,0.04542689397931099
34,美味しい,encouraging,friend,すごく,友人が作ってくれた料理の味が薄いです。それを申し訳ないと言ってきた友人を、大輔が励まします。「これ、すごく美味しいよ。塩を足せばもっと良くなるし。」,-7.098901987075806,0.07486514747142792
34,美味しい,encouraging,friend,そこまで,友人が作ってくれた料理の味が薄いです。それを申し訳ないと言ってきた友人を、大輔が励まします。「これ、そこまで美味しいよ。塩を足せばもっと良くなるし。」,-13.414294004440308,0.00013537534687202424
34,美味しい,encouraging,friend,それほど,友人が作ってくれた料理の味が薄いです。それを申し訳ないと言ってきた友人を、大輔が励まします。「これ、それほど美味しいよ。塩を足せばもっと良くなるし。」,-11.980921506881714,0.0005676038563251495
34,美味しい,encouraging,friend,そんなに,友人が作ってくれた料理の味が薄いです。それを申し訳ないと言ってきた友人を、大輔が励まします。「これ、そんなに美味しいよ。塩を足せばもっと良くなるし。」,-10.936380624771118,0.0016131839947775006
34,美味しい,encouraging,friend,たいして,友人が作ってくれた料理の味が薄いです。それを申し訳ないと言ってきた友人を、大輔が励まします。「これ、たいして美味しいよ。塩を足せばもっと良くなるし。」,-13.864906549453735,8.626630733488128e-05
34,美味しい,encouraging,friend,だいぶ,友人が作ってくれた料理の味が薄いです。それを申し訳ないと言ってきた友人を、大輔が励まします。「これ、だいぶ美味しいよ。塩を足せばもっと良くなるし。」,-10.959008259233087,0.0015770909376442432
34,美味しい,encouraging,friend,ちっとも,友人が作ってくれた料理の味が薄いです。それを申し訳ないと言ってきた友人を、大輔が励まします。「これ、ちっとも美味しいよ。塩を足せばもっと良くなるし。」,-17.489458680152893,2.2999499833531445e-06
34,美味しい,encouraging,friend,ちょっと,友人が作ってくれた料理の味が薄いです。それを申し訳ないと言ってきた友人を、大輔が励まします。「これ、ちょっと美味しいよ。塩を足せばもっと良くなるし。」,-7.459158182144165,0.05221826210618019
34,美味しい,encouraging,friend,とても,友人が作ってくれた料理の味が薄いです。それを申し訳ないと言ってきた友人を、大輔が励まします。「これ、とても美味しいよ。塩を足せばもっと良くなるし。」,-6.310793161392212,0.16464592516422272
34,美味しい,encouraging,friend,なかなか,友人が作ってくれた料理の味が薄いです。それを申し訳ないと言ってきた友人を、大輔が励まします。「これ、なかなか美味しいよ。塩を足せばもっと良くなるし。」,-7.486829996109009,0.05079309642314911
34,美味しい,encouraging,friend,（なし）,友人が作ってくれた料理の味が薄いです。それを申し訳ないと言ってきた友人を、大輔が励まします。「これ、（なし）美味しいよ。塩を足せばもっと良くなるし。」,-29.380993843078613,1.5750359350086285e-11
34,美味しい,encouraging,friend,ひどく,友人が作ってくれた料理の味が薄いです。それを申し訳ないと言ってきた友人を、大輔が励まします。「これ、ひどく美味しいよ。塩を足せばもっと良くなるし。」,-15.709961652755737,1.3631503861688543e-05
34,美味しい,encouraging,friend,まあまあ,友人が作ってくれた料理の味が薄いです。それを申し訳ないと言ってきた友人を、大輔が励まします。「これ、まあまあ美味しいよ。塩を足せばもっと良くなるし。」,-10.599908590316772,0.0022584558464586735
34,美味しい,encouraging,friend,マジで,友人が作ってくれた料理の味が薄いです。それを申し訳ないと言ってきた友人を、大輔が励まします。「これ、マジで美味しいよ。塩を足せばもっと良くなるし。」,-12.91104570031166,0.00022392238315660506
34,美味しい,encouraging,friend,めっちゃ,友人が作ってくれた料理の味が薄いです。それを申し訳ないと言ってきた友人を、大輔が励まします。「これ、めっちゃ美味しいよ。塩を足せばもっと良くなるし。」,-12.05213251709938,0.0005285898805595934
34,美味しい,encouraging,friend,やや,友人が作ってくれた料理の味が薄いです。それを申し訳ないと言ってきた友人を、大輔が励まします。「これ、やや美味しいよ。塩を足せばもっと良くなるし。」,-15.929260730743408,1.0947216651402414e-05
34,美味しい,encouraging,friend,結構,友人が作ってくれた料理の味が薄いです。それを申し訳ないと言ってきた友人を、大輔が励まします。「これ、結構美味しいよ。塩を足せばもっと良くなるし。」,-7.838274240493774,0.03574163466691971
34,美味しい,encouraging,friend,若干,友人が作ってくれた料理の味が薄いです。それを申し訳ないと言ってきた友人を、大輔が励まします。「これ、若干美味しいよ。塩を足せばもっと良くなるし。」,-14.147753477096558,6.50132933515124e-05
34,美味しい,encouraging,friend,少し,友人が作ってくれた料理の味が薄いです。それを申し訳ないと言ってきた友人を、大輔が励まします。「これ、少し美味しいよ。塩を足せばもっと良くなるし。」,-9.859644174575806,0.00473483232781291
34,美味しい,encouraging,friend,少しも,友人が作ってくれた料理の味が薄いです。それを申し訳ないと言ってきた友人を、大輔が励まします。「これ、少しも美味しいよ。塩を足せばもっと良くなるし。」,-14.11286449432373,6.73215909046121e-05
34,美味しい,encouraging,friend,全然,友人が作ってくれた料理の味が薄いです。それを申し訳ないと言ってきた友人を、大輔が励まします。「これ、全然美味しいよ。塩を足せばもっと良くなるし。」,-8.863062143325806,0.012826691381633282
34,美味しい,encouraging,friend,相当,友人が作ってくれた料理の味が薄いです。それを申し訳ないと言ってきた友人を、大輔が励まします。「これ、相当美味しいよ。塩を足せばもっと良くなるし。」,-8.133608102798462,0.026601891964673996
34,美味しい,encouraging,friend,超,友人が作ってくれた料理の味が薄いです。それを申し訳ないと言ってきた友人を、大輔が励まします。「これ、超美味しいよ。塩を足せばもっと良くなるし。」,-8.629953622817993,0.0161939337849617
34,美味しい,encouraging,friend,非常に,友人が作ってくれた料理の味が薄いです。それを申し訳ないと言ってきた友人を、大輔が励まします。「これ、非常に美味しいよ。塩を足せばもっと良くなるし。」,-8.851789712905884,0.012972097843885422
34,美味しい,encouraging,friend,微妙に,友人が作ってくれた料理の味が薄いです。それを申し訳ないと言ってきた友人を、大輔が励まします。「これ、微妙に美味しいよ。塩を足せばもっと良くなるし。」,-11.579972252249718,0.0008475698414258659
34,美味しい,encouraging,friend,普通に,友人が作ってくれた料理の味が薄いです。それを申し訳ないと言ってきた友人を、大輔が励まします。「これ、普通に美味しいよ。塩を足せばもっと良くなるし。」,-8.66768479347229,0.0155943026766181
34,美味しい,encouraging,friend,本当に,友人が作ってくれた料理の味が薄いです。それを申し訳ないと言ってきた友人を、大輔が励まします。「これ、本当に美味しいよ。塩を足せばもっと良くなるし。」,-5.248583078384399,0.47628068923950195
34,美味しい,encouraging,friend,全く,友人が作ってくれた料理の味が薄いです。それを申し訳ないと言ってきた友人を、大輔が励まします。「これ、全く美味しいよ。塩を足せばもっと良くなるし。」,-11.78000521659851,0.0006939084269106388
35,美味しい,warning,colleague,あまり,接待の店を予約しようとしている同僚に、大輔は力になりたいと思い、遠慮がちに指摘します。「そこ、最近あまり美味しくないと聞くので、他の店にされてはどうですか？」,-5.489217042922974,0.5283123850822449
35,美味しい,warning,colleague,いまいち,接待の店を予約しようとしている同僚に、大輔は力になりたいと思い、遠慮がちに指摘します。「そこ、最近いまいち美味しくないと聞くので、他の店にされてはどうですか？」,-12.672978460788727,0.00040088771493174136
35,美味しい,warning,colleague,かなり,接待の店を予約しようとしている同僚に、大輔は力になりたいと思い、遠慮がちに指摘します。「そこ、最近かなり美味しくないと聞くので、他の店にされてはどうですか？」,-10.652722358703613,0.003022796008735895
35,美味しい,warning,colleague,すごく,接待の店を予約しようとしている同僚に、大輔は力になりたいと思い、遠慮がちに指摘します。「そこ、最近すごく美味しくないと聞くので、他の店にされてはどうですか？」,-10.745495796203613,0.0027549760416150093
35,美味しい,warning,colleague,そこまで,接待の店を予約しようとしている同僚に、大輔は力になりたいと思い、遠慮がちに指摘します。「そこ、最近そこまで美味しくないと聞くので、他の店にされてはどうですか？」,-13.18028736114502,0.00024137999571394175
35,美味しい,warning,colleague,それほど,接待の店を予約しようとしている同僚に、大輔は力になりたいと思い、遠慮がちに指摘します。「そこ、最近それほど美味しくないと聞くので、他の店にされてはどうですか？」,-11.073224067687988,0.0019851222168654203
35,美味しい,warning,colleague,そんなに,接待の店を予約しようとしている同僚に、大輔は力になりたいと思い、遠慮がちに指摘します。「そこ、最近そんなに美味しくないと聞くので、他の店にされてはどうですか？」,-9.445000648498535,0.010113831609487534
35,美味しい,warning,colleague,たいして,接待の店を予約しようとしている同僚に、大輔は力になりたいと思い、遠慮がちに指摘します。「そこ、最近たいして美味しくないと聞くので、他の店にされてはどうですか？」,-17.512331247329712,3.1718936952529475e-06
35,美味しい,warning,colleague,だいぶ,接待の店を予約しようとしている同僚に、大輔は力になりたいと思い、遠慮がちに指摘します。「そこ、最近だいぶ美味しくないと聞くので、他の店にされてはどうですか？」,-12.671138640260324,0.0004016258753836155
35,美味しい,warning,colleague,ちっとも,接待の店を予約しようとしている同僚に、大輔は力になりたいと思い、遠慮がちに指摘します。「そこ、最近ちっとも美味しくないと聞くので、他の店にされてはどうですか？」,-17.920227333903313,2.1094617750350153e-06
35,美味しい,warning,colleague,ちょっと,接待の店を予約しようとしている同僚に、大輔は力になりたいと思い、遠慮がちに指摘します。「そこ、最近ちょっと美味しくないと聞くので、他の店にされてはどうですか？」,-9.54369831085205,0.009163298644125462
35,美味しい,warning,colleague,とても,接待の店を予約しようとしている同僚に、大輔は力になりたいと思い、遠慮がちに指摘します。「そこ、最近とても美味しくないと聞くので、他の店にされてはどうですか？」,-8.768956184387207,0.019884655252099037
35,美味しい,warning,colleague,なかなか,接待の店を予約しようとしている同僚に、大輔は力になりたいと思い、遠慮がちに指摘します。「そこ、最近なかなか美味しくないと聞くので、他の店にされてはどうですか？」,-5.8385632038116455,0.3725389540195465
35,美味しい,warning,colleague,（なし）,接待の店を予約しようとしている同僚に、大輔は力になりたいと思い、遠慮がちに指摘します。「そこ、最近（なし）美味しくないと聞くので、他の店にされてはどうですか？」,-27.993481636047363,8.900466474948132e-11
35,美味しい,warning,colleague,ひどく,接待の店を予約しようとしている同僚に、大輔は力になりたいと思い、遠慮がちに指摘します。「そこ、最近ひどく美味しくないと聞くので、他の店にされてはどうですか？」,-15.77123498916626,1.8091195670422167e-05
35,美味しい,warning,colleague,まあまあ,接待の店を予約しようとしている同僚に、大輔は力になりたいと思い、遠慮がちに指摘します。「そこ、最近まあまあ美味しくないと聞くので、他の店にされてはどうですか？」,-13.640857502818108,0.00015229237033054233
35,美味しい,warning,colleague,マジで,接待の店を予約しようとしている同僚に、大輔は力になりたいと思い、遠慮がちに指摘します。「そこ、最近マジで美味しくないと聞くので、他の店にされてはどうですか？」,-14.558239363133907,6.085055065341294e-05
35,美味しい,warning,colleague,めっちゃ,接待の店を予約しようとしている同僚に、大輔は力になりたいと思い、遠慮がちに指摘します。「そこ、最近めっちゃ美味しくないと聞くので、他の店にされてはどうですか？」,-12.653134129941463,0.0004089224385097623
35,美味しい,warning,colleague,やや,接待の店を予約しようとしている同僚に、大輔は力になりたいと思い、遠慮がちに指摘します。「そこ、最近やや美味しくないと聞くので、他の店にされてはどうですか？」,-15.85497522354126,1.6637930457363836e-05
35,美味しい,warning,colleague,結構,接待の店を予約しようとしている同僚に、大輔は力になりたいと思い、遠慮がちに指摘します。「そこ、最近結構美味しくないと聞くので、他の店にされてはどうですか？」,-11.50862979888916,0.0012843782315030694
35,美味しい,warning,colleague,若干,接待の店を予約しようとしている同僚に、大輔は力になりたいと思い、遠慮がちに指摘します。「そこ、最近若干美味しくないと聞くので、他の店にされてはどうですか？」,-14.340714454650879,7.563698454760015e-05
35,美味しい,warning,colleague,少し,接待の店を予約しようとしている同僚に、大輔は力になりたいと思い、遠慮がちに指摘します。「そこ、最近少し美味しくないと聞くので、他の店にされてはどうですか？」,-10.969651222229004,0.0022017520386725664
35,美味しい,warning,colleague,少しも,接待の店を予約しようとしている同僚に、大輔は力になりたいと思い、遠慮がちに指摘します。「そこ、最近少しも美味しくないと聞くので、他の店にされてはどうですか？」,-13.833224773406982,0.0001256417453987524
35,美味しい,warning,colleague,全然,接待の店を予約しようとしている同僚に、大輔は力になりたいと思い、遠慮がちに指摘します。「そこ、最近全然美味しくないと聞くので、他の店にされてはどうですか？」,-8.180928468704224,0.03580101579427719
35,美味しい,warning,colleague,相当,接待の店を予約しようとしている同僚に、大輔は力になりたいと思い、遠慮がちに指摘します。「そこ、最近相当美味しくないと聞くので、他の店にされてはどうですか？」,-11.946736335754395,0.0008287541568279266
35,美味しい,warning,colleague,超,接待の店を予約しようとしている同僚に、大輔は力になりたいと思い、遠慮がちに指摘します。「そこ、最近超美味しくないと聞くので、他の店にされてはどうですか？」,-14.865860939025879,4.473690933082253e-05
35,美味しい,warning,colleague,非常に,接待の店を予約しようとしている同僚に、大輔は力になりたいと思い、遠慮がちに指摘します。「そこ、最近非常に美味しくないと聞くので、他の店にされてはどうですか？」,-11.795071601867676,0.0009644791716709733
35,美味しい,warning,colleague,微妙に,接待の店を予約しようとしている同僚に、大輔は力になりたいと思い、遠慮がちに指摘します。「そこ、最近微妙に美味しくないと聞くので、他の店にされてはどうですか？」,-13.70855961740017,0.00014232310059014708
35,美味しい,warning,colleague,普通に,接待の店を予約しようとしている同僚に、大輔は力になりたいと思い、遠慮がちに指摘します。「そこ、最近普通に美味しくないと聞くので、他の店にされてはどうですか？」,-12.37353229522705,0.0005408421857282519
35,美味しい,warning,colleague,本当に,接待の店を予約しようとしている同僚に、大輔は力になりたいと思い、遠慮がちに指摘します。「そこ、最近本当に美味しくないと聞くので、他の店にされてはどうですか？」,-10.112236976623535,0.005189656745642424
35,美味しい,warning,colleague,全く,接待の店を予約しようとしている同僚に、大輔は力になりたいと思い、遠慮がちに指摘します。「そこ、最近全く美味しくないと聞くので、他の店にされてはどうですか？」,-10.55928897857666,0.0033188408706337214
36,美味しい,non-committal,colleague,あまり,昼食の場所について同僚に意見を求められます。自分の意見を押し付けたくない大輔は、慎重に答えます。「そこ、あまり美味しくないかもしれないですけど、安くて早いですね。」,-7.558577656745911,0.3624862730503082
36,美味しい,non-committal,colleague,いまいち,昼食の場所について同僚に意見を求められます。自分の意見を押し付けたくない大輔は、慎重に答えます。「そこ、いまいち美味しくないかもしれないですけど、安くて早いですね。」,-12.863704442977905,0.0018001310527324677
36,美味しい,non-committal,colleague,かなり,昼食の場所について同僚に意見を求められます。自分の意見を押し付けたくない大輔は、慎重に答えます。「そこ、かなり美味しくないかもしれないですけど、安くて早いですね。」,-11.694380760192871,0.005796088837087154
36,美味しい,non-committal,colleague,すごく,昼食の場所について同僚に意見を求められます。自分の意見を押し付けたくない大輔は、慎重に答えます。「そこ、すごく美味しくないかもしれないですけど、安くて早いですね。」,-11.457377433776855,0.007346225902438164
36,美味しい,non-committal,colleague,そこまで,昼食の場所について同僚に意見を求められます。自分の意見を押し付けたくない大輔は、慎重に答えます。「そこ、そこまで美味しくないかもしれないですけど、安くて早いですね。」,-11.96789836883545,0.004409078974276781
36,美味しい,non-committal,colleague,それほど,昼食の場所について同僚に意見を求められます。自分の意見を押し付けたくない大輔は、慎重に答えます。「そこ、それほど美味しくないかもしれないですけど、安くて早いですね。」,-12.241469383239746,0.0033538024872541428
36,美味しい,non-committal,colleague,そんなに,昼食の場所について同僚に意見を求められます。自分の意見を押し付けたくない大輔は、慎重に答えます。「そこ、そんなに美味しくないかもしれないですけど、安くて早いですね。」,-10.154234886169434,0.027040323242545128
36,美味しい,non-committal,colleague,たいして,昼食の場所について同僚に意見を求められます。自分の意見を押し付けたくない大輔は、慎重に答えます。「そこ、たいして美味しくないかもしれないですけど、安くて早いですね。」,-15.134073853492737,0.00018590674153529108
36,美味しい,non-committal,colleague,だいぶ,昼食の場所について同僚に意見を求められます。自分の意見を押し付けたくない大輔は、慎重に答えます。「そこ、だいぶ美味しくないかもしれないですけど、安くて早いですね。」,-13.512531227897853,0.0009408541955053806
36,美味しい,non-committal,colleague,ちっとも,昼食の場所について同僚に意見を求められます。自分の意見を押し付けたくない大輔は、慎重に答えます。「そこ、ちっとも美味しくないかもしれないですけど、安くて早いですね。」,-19.123302221298218,3.4418771974742413e-06
36,美味しい,non-committal,colleague,ちょっと,昼食の場所について同僚に意見を求められます。自分の意見を押し付けたくない大輔は、慎重に答えます。「そこ、ちょっと美味しくないかもしれないですけど、安くて早いですね。」,-7.60670006275177,0.3454556167125702
36,美味しい,non-committal,colleague,とても,昼食の場所について同僚に意見を求められます。自分の意見を押し付けたくない大輔は、慎重に答えます。「そこ、とても美味しくないかもしれないですけど、安くて早いですね。」,-9.642966270446777,0.04508717730641365
36,美味しい,non-committal,colleague,なかなか,昼食の場所について同僚に意見を求められます。自分の意見を押し付けたくない大輔は、慎重に答えます。「そこ、なかなか美味しくないかもしれないですけど、安くて早いですね。」,-8.588778495788574,0.1293841153383255
36,美味しい,non-committal,colleague,（なし）,昼食の場所について同僚に意見を求められます。自分の意見を押し付けたくない大輔は、慎重に答えます。「そこ、（なし）美味しくないかもしれないですけど、安くて早いですね。」,-29.097591400146484,1.6033085969979766e-10
36,美味しい,non-committal,colleague,ひどく,昼食の場所について同僚に意見を求められます。自分の意見を押し付けたくない大輔は、慎重に答えます。「そこ、ひどく美味しくないかもしれないですけど、安くて早いですね。」,-18.47224450111389,6.600036613235716e-06
36,美味しい,non-committal,colleague,まあまあ,昼食の場所について同僚に意見を求められます。自分の意見を押し付けたくない大輔は、慎重に答えます。「そこ、まあまあ美味しくないかもしれないですけど、安くて早いですね。」,-13.71424388885498,0.000768988102208823
36,美味しい,non-committal,colleague,マジで,昼食の場所について同僚に意見を求められます。自分の意見を押し付けたくない大輔は、慎重に答えます。「そこ、マジで美味しくないかもしれないですけど、安くて早いですね。」,-16.879888400435448,3.244125400669873e-05
36,美味しい,non-committal,colleague,めっちゃ,昼食の場所について同僚に意見を求められます。自分の意見を押し付けたくない大輔は、慎重に答えます。「そこ、めっちゃ美味しくないかもしれないですけど、安くて早いですね。」,-14.065044835209846,0.0005414631450548768
36,美味しい,non-committal,colleague,やや,昼食の場所について同僚に意見を求められます。自分の意見を押し付けたくない大輔は、慎重に答えます。「そこ、やや美味しくないかもしれないですけど、安くて早いですね。」,-16.006367206573486,7.770756928948686e-05
36,美味しい,non-committal,colleague,結構,昼食の場所について同僚に意見を求められます。自分の意見を押し付けたくない大輔は、慎重に答えます。「そこ、結構美味しくないかもしれないですけど、安くて早いですね。」,-12.388617515563965,0.0028948886319994926
36,美味しい,non-committal,colleague,若干,昼食の場所について同僚に意見を求められます。自分の意見を押し付けたくない大輔は、慎重に答えます。「そこ、若干美味しくないかもしれないですけど、安くて早いですね。」,-12.8170804977417,0.001886047888547182
36,美味しい,non-committal,colleague,少し,昼食の場所について同僚に意見を求められます。自分の意見を押し付けたくない大輔は、慎重に答えます。「そこ、少し美味しくないかもしれないですけど、安くて早いですね。」,-10.286059379577637,0.02370070479810238
36,美味しい,non-committal,colleague,少しも,昼食の場所について同僚に意見を求められます。自分の意見を押し付けたくない大輔は、慎重に答えます。「そこ、少しも美味しくないかもしれないですけど、安くて早いですね。」,-16.612884998321533,4.236976019456051e-05
36,美味しい,non-committal,colleague,全然,昼食の場所について同僚に意見を求められます。自分の意見を押し付けたくない大輔は、慎重に答えます。「そこ、全然美味しくないかもしれないですけど、安くて早いですね。」,-10.286005973815918,0.023701969534158707
36,美味しい,non-committal,colleague,相当,昼食の場所について同僚に意見を求められます。自分の意見を押し付けたくない大輔は、慎重に答えます。「そこ、相当美味しくないかもしれないですけど、安くて早いですね。」,-13.202998161315918,0.0012821854325011373
36,美味しい,non-committal,colleague,超,昼食の場所について同僚に意見を求められます。自分の意見を押し付けたくない大輔は、慎重に答えます。「そこ、超美味しくないかもしれないですけど、安くて早いですね。」,-14.523967266082764,0.0003421850560698658
36,美味しい,non-committal,colleague,非常に,昼食の場所について同僚に意見を求められます。自分の意見を押し付けたくない大輔は、慎重に答えます。「そこ、非常に美味しくないかもしれないですけど、安くて早いですね。」,-13.390772819519043,0.0010626771254464984
36,美味しい,non-committal,colleague,微妙に,昼食の場所について同僚に意見を求められます。自分の意見を押し付けたくない大輔は、慎重に答えます。「そこ、微妙に美味しくないかもしれないですけど、安くて早いですね。」,-13.428972959518433,0.0010228479513898492
36,美味しい,non-committal,colleague,普通に,昼食の場所について同僚に意見を求められます。自分の意見を押し付けたくない大輔は、慎重に答えます。「そこ、普通に美味しくないかもしれないですけど、安くて早いですね。」,-13.376914024353027,0.001077507040463388
36,美味しい,non-committal,colleague,本当に,昼食の場所について同僚に意見を求められます。自分の意見を押し付けたくない大輔は、慎重に答えます。「そこ、本当に美味しくないかもしれないですけど、安くて早いですね。」,-11.453051567077637,0.007378073409199715
36,美味しい,non-committal,colleague,全く,昼食の場所について同僚に意見を求められます。自分の意見を押し付けたくない大輔は、慎重に答えます。「そこ、全く美味しくないかもしれないですけど、安くて早いですね。」,-13.565520286560059,0.0008922970737330616
37,美味しい,acknowledge,colleague,あまり,同僚が絶対美味しいと勧めてきた社食の新メニューを、大輔は半信半疑で頼みました。しかし、一口食べると同僚の言った通りに美味しいです。教えてもらったことについて感謝します。「これ、あまり美味しいですね。教えてくれてありがとうございます。」,-10.785780668258667,0.0008836051565594971
37,美味しい,acknowledge,colleague,いまいち,同僚が絶対美味しいと勧めてきた社食の新メニューを、大輔は半信半疑で頼みました。しかし、一口食べると同僚の言った通りに美味しいです。教えてもらったことについて感謝します。「これ、いまいち美味しいですね。教えてくれてありがとうございます。」,-12.594274520874023,0.0001448236289434135
37,美味しい,acknowledge,colleague,かなり,同僚が絶対美味しいと勧めてきた社食の新メニューを、大輔は半信半疑で頼みました。しかし、一口食べると同僚の言った通りに美味しいです。教えてもらったことについて感謝します。「これ、かなり美味しいですね。教えてくれてありがとうございます。」,-6.8384692668914795,0.04576714336872101
37,美味しい,acknowledge,colleague,すごく,同僚が絶対美味しいと勧めてきた社食の新メニューを、大輔は半信半疑で頼みました。しかし、一口食べると同僚の言った通りに美味しいです。教えてもらったことについて感謝します。「これ、すごく美味しいですね。教えてくれてありがとうございます。」,-6.3773181438446045,0.07258204370737076
37,美味しい,acknowledge,colleague,そこまで,同僚が絶対美味しいと勧めてきた社食の新メニューを、大輔は半信半疑で頼みました。しかし、一口食べると同僚の言った通りに美味しいです。教えてもらったことについて感謝します。「これ、そこまで美味しいですね。教えてくれてありがとうございます。」,-14.285006761550903,2.6703233743319288e-05
37,美味しい,acknowledge,colleague,それほど,同僚が絶対美味しいと勧めてきた社食の新メニューを、大輔は半信半疑で頼みました。しかし、一口食べると同僚の言った通りに美味しいです。教えてもらったことについて感謝します。「これ、それほど美味しいですね。教えてくれてありがとうございます。」,-12.658908128738403,0.00013575928460340947
37,美味しい,acknowledge,colleague,そんなに,同僚が絶対美味しいと勧めてきた社食の新メニューを、大輔は半信半疑で頼みました。しかし、一口食べると同僚の言った通りに美味しいです。教えてもらったことについて感謝します。「これ、そんなに美味しいですね。教えてくれてありがとうございます。」,-12.120314836502075,0.00023263637558557093
37,美味しい,acknowledge,colleague,たいして,同僚が絶対美味しいと勧めてきた社食の新メニューを、大輔は半信半疑で頼みました。しかし、一口食べると同僚の言った通りに美味しいです。教えてもらったことについて感謝します。「これ、たいして美味しいですね。教えてくれてありがとうございます。」,-13.473379135131836,6.0124180890852585e-05
37,美味しい,acknowledge,colleague,だいぶ,同僚が絶対美味しいと勧めてきた社食の新メニューを、大輔は半信半疑で頼みました。しかし、一口食べると同僚の言った通りに美味しいです。教えてもらったことについて感謝します。「これ、だいぶ美味しいですね。教えてくれてありがとうございます。」,-9.532823668792844,0.003093219129368663
37,美味しい,acknowledge,colleague,ちっとも,同僚が絶対美味しいと勧めてきた社食の新メニューを、大輔は半信半疑で頼みました。しかし、一口食べると同僚の言った通りに美味しいです。教えてもらったことについて感謝します。「これ、ちっとも美味しいですね。教えてくれてありがとうございます。」,-16.869605898857117,2.014125584537396e-06
37,美味しい,acknowledge,colleague,ちょっと,同僚が絶対美味しいと勧めてきた社食の新メニューを、大輔は半信半疑で頼みました。しかし、一口食べると同僚の言った通りに美味しいです。教えてもらったことについて感謝します。「これ、ちょっと美味しいですね。教えてくれてありがとうございます。」,-8.12161135673523,0.012685053050518036
37,美味しい,acknowledge,colleague,とても,同僚が絶対美味しいと勧めてきた社食の新メニューを、大輔は半信半疑で頼みました。しかし、一口食べると同僚の言った通りに美味しいです。教えてもらったことについて感謝します。「これ、とても美味しいですね。教えてくれてありがとうございます。」,-5.127177000045776,0.2533719837665558
37,美味しい,acknowledge,colleague,なかなか,同僚が絶対美味しいと勧めてきた社食の新メニューを、大輔は半信半疑で頼みました。しかし、一口食べると同僚の言った通りに美味しいです。教えてもらったことについて感謝します。「これ、なかなか美味しいですね。教えてくれてありがとうございます。」,-6.356524229049683,0.0741071105003357
37,美味しい,acknowledge,colleague,（なし）,同僚が絶対美味しいと勧めてきた社食の新メニューを、大輔は半信半疑で頼みました。しかし、一口食べると同僚の言った通りに美味しいです。教えてもらったことについて感謝します。「これ、（なし）美味しいですね。教えてくれてありがとうございます。」,-26.489970684051514,1.3366431572681137e-10
37,美味しい,acknowledge,colleague,ひどく,同僚が絶対美味しいと勧めてきた社食の新メニューを、大輔は半信半疑で頼みました。しかし、一口食べると同僚の言った通りに美味しいです。教えてもらったことについて感謝します。「これ、ひどく美味しいですね。教えてくれてありがとうございます。」,-15.246855735778809,1.0205589205725119e-05
37,美味しい,acknowledge,colleague,まあまあ,同僚が絶対美味しいと勧めてきた社食の新メニューを、大輔は半信半疑で頼みました。しかし、一口食べると同僚の言った通りに美味しいです。教えてもらったことについて感謝します。「これ、まあまあ美味しいですね。教えてくれてありがとうございます。」,-10.902357459068298,0.0007863753126002848
37,美味しい,acknowledge,colleague,マジで,同僚が絶対美味しいと勧めてきた社食の新メニューを、大輔は半信半疑で頼みました。しかし、一口食べると同僚の言った通りに美味しいです。教えてもらったことについて感謝します。「これ、マジで美味しいですね。教えてくれてありがとうございます。」,-11.853128731250763,0.00030388907180167735
37,美味しい,acknowledge,colleague,めっちゃ,同僚が絶対美味しいと勧めてきた社食の新メニューを、大輔は半信半疑で頼みました。しかし、一口食べると同僚の言った通りに美味しいです。教えてもらったことについて感謝します。「これ、めっちゃ美味しいですね。教えてくれてありがとうございます。」,-11.917981741949916,0.00028480624314397573
37,美味しい,acknowledge,colleague,やや,同僚が絶対美味しいと勧めてきた社食の新メニューを、大輔は半信半疑で頼みました。しかし、一口食べると同僚の言った通りに美味しいです。教えてもらったことについて感謝します。「これ、やや美味しいですね。教えてくれてありがとうございます。」,-13.665111303329468,4.9634178139967844e-05
37,美味しい,acknowledge,colleague,結構,同僚が絶対美味しいと勧めてきた社食の新メニューを、大輔は半信半疑で頼みました。しかし、一口食べると同僚の言った通りに美味しいです。教えてもらったことについて感謝します。「これ、結構美味しいですね。教えてくれてありがとうございます。」,-8.277849912643433,0.010850224643945694
37,美味しい,acknowledge,colleague,若干,同僚が絶対美味しいと勧めてきた社食の新メニューを、大輔は半信半疑で頼みました。しかし、一口食べると同僚の言った通りに美味しいです。教えてもらったことについて感謝します。「これ、若干美味しいですね。教えてくれてありがとうございます。」,-14.190005540847778,2.9364482543314807e-05
37,美味しい,acknowledge,colleague,少し,同僚が絶対美味しいと勧めてきた社食の新メニューを、大輔は半信半疑で頼みました。しかし、一口食べると同僚の言った通りに美味しいです。教えてもらったことについて感謝します。「これ、少し美味しいですね。教えてくれてありがとうございます。」,-10.709490537643433,0.0009536535362713039
37,美味しい,acknowledge,colleague,少しも,同僚が絶対美味しいと勧めてきた社食の新メニューを、大輔は半信半疑で頼みました。しかし、一口食べると同僚の言った通りに美味しいです。教えてもらったことについて感謝します。「これ、少しも美味しいですね。教えてくれてありがとうございます。」,-14.15664553642273,3.0360590244526975e-05
37,美味しい,acknowledge,colleague,全然,同僚が絶対美味しいと勧めてきた社食の新メニューを、大輔は半信半疑で頼みました。しかし、一口食べると同僚の言った通りに美味しいです。教えてもらったことについて感謝します。「これ、全然美味しいですね。教えてくれてありがとうございます。」,-9.301180601119995,0.0038995263166725636
37,美味しい,acknowledge,colleague,相当,同僚が絶対美味しいと勧めてきた社食の新メニューを、大輔は半信半疑で頼みました。しかし、一口食べると同僚の言った通りに美味しいです。教えてもらったことについて感謝します。「これ、相当美味しいですね。教えてくれてありがとうございます。」,-8.056223630905151,0.013542218133807182
37,美味しい,acknowledge,colleague,超,同僚が絶対美味しいと勧めてきた社食の新メニューを、大輔は半信半疑で頼みました。しかし、一口食べると同僚の言った通りに美味しいです。教えてもらったことについて感謝します。「これ、超美味しいですね。教えてくれてありがとうございます。」,-6.905192136764526,0.042813073843717575
37,美味しい,acknowledge,colleague,非常に,同僚が絶対美味しいと勧めてきた社食の新メニューを、大輔は半信半疑で頼みました。しかし、一口食べると同僚の言った通りに美味しいです。教えてもらったことについて感謝します。「これ、非常に美味しいですね。教えてくれてありがとうございます。」,-8.172419309616089,0.012056649662554264
37,美味しい,acknowledge,colleague,微妙に,同僚が絶対美味しいと勧めてきた社食の新メニューを、大輔は半信半疑で頼みました。しかし、一口食べると同僚の言った通りに美味しいです。教えてもらったことについて感謝します。「これ、微妙に美味しいですね。教えてくれてありがとうございます。」,-12.32727263867855,0.0001891459251055494
37,美味しい,acknowledge,colleague,普通に,同僚が絶対美味しいと勧めてきた社食の新メニューを、大輔は半信半疑で頼みました。しかし、一口食べると同僚の言った通りに美味しいです。教えてもらったことについて感謝します。「これ、普通に美味しいですね。教えてくれてありがとうございます。」,-9.800768613815308,0.002366157015785575
37,美味しい,acknowledge,colleague,本当に,同僚が絶対美味しいと勧めてきた社食の新メニューを、大輔は半信半疑で頼みました。しかし、一口食べると同僚の言った通りに美味しいです。教えてもらったことについて感謝します。「これ、本当に美味しいですね。教えてくれてありがとうございます。」,-4.557669401168823,0.44780877232551575
37,美味しい,acknowledge,colleague,全く,同僚が絶対美味しいと勧めてきた社食の新メニューを、大輔は半信半疑で頼みました。しかし、一口食べると同僚の言った通りに美味しいです。教えてもらったことについて感謝します。「これ、全く美味しいですね。教えてくれてありがとうございます。」,-10.730486631393433,0.0009338392410427332
38,美味しい,neutral-positive,colleague,あまり,出張から戻った大輔は、同じ店に行こうとしている同僚に、料理がどれくらい美味しかったか聞かれ、答えます。「料理、あまり美味しかったです。」,-8.69565486907959,0.0021579936146736145
38,美味しい,neutral-positive,colleague,いまいち,出張から戻った大輔は、同じ店に行こうとしている同僚に、料理がどれくらい美味しかったか聞かれ、答えます。「料理、いまいち美味しかったです。」,-12.327347755432129,5.712496931664646e-05
38,美味しい,neutral-positive,colleague,かなり,出張から戻った大輔は、同じ店に行こうとしている同僚に、料理がどれくらい美味しかったか聞かれ、答えます。「料理、かなり美味しかったです。」,-5.254549980163574,0.06737565994262695
38,美味しい,neutral-positive,colleague,すごく,出張から戻った大輔は、同じ店に行こうとしている同僚に、料理がどれくらい美味しかったか聞かれ、答えます。「料理、すごく美味しかったです。」,-5.014830589294434,0.08562722057104111
38,美味しい,neutral-positive,colleague,そこまで,出張から戻った大輔は、同じ店に行こうとしている同僚に、料理がどれくらい美味しかったか聞かれ、答えます。「料理、そこまで美味しかったです。」,-12.46276044845581,4.989037915947847e-05
38,美味しい,neutral-positive,colleague,それほど,出張から戻った大輔は、同じ店に行こうとしている同僚に、料理がどれくらい美味しかったか聞かれ、答えます。「料理、それほど美味しかったです。」,-10.188117504119873,0.00048515628441236913
38,美味しい,neutral-positive,colleague,そんなに,出張から戻った大輔は、同じ店に行こうとしている同僚に、料理がどれくらい美味しかったか聞かれ、答えます。「料理、そんなに美味しかったです。」,-9.678717613220215,0.0008074421784840524
38,美味しい,neutral-positive,colleague,たいして,出張から戻った大輔は、同じ店に行こうとしている同僚に、料理がどれくらい美味しかったか聞かれ、答えます。「料理、たいして美味しかったです。」,-11.536146521568298,0.00012602029892150313
38,美味しい,neutral-positive,colleague,だいぶ,出張から戻った大輔は、同じ店に行こうとしている同僚に、料理がどれくらい美味しかったか聞かれ、答えます。「料理、だいぶ美味しかったです。」,-8.273224163334817,0.003292377572506666
38,美味しい,neutral-positive,colleague,ちっとも,出張から戻った大輔は、同じ店に行こうとしている同僚に、料理がどれくらい美味しかったか聞かれ、答えます。「料理、ちっとも美味しかったです。」,-16.22197127342224,1.162552052846877e-06
38,美味しい,neutral-positive,colleague,ちょっと,出張から戻った大輔は、同じ店に行こうとしている同僚に、料理がどれくらい美味しかったか聞かれ、答えます。「料理、ちょっと美味しかったです。」,-7.519667625427246,0.006994794122874737
38,美味しい,neutral-positive,colleague,とても,出張から戻った大輔は、同じ店に行こうとしている同僚に、料理がどれくらい美味しかったか聞かれ、答えます。「料理、とても美味しかったです。」,-3.59342098236084,0.3547498285770416
38,美味しい,neutral-positive,colleague,なかなか,出張から戻った大輔は、同じ店に行こうとしている同僚に、料理がどれくらい美味しかったか聞かれ、答えます。「料理、なかなか美味しかったです。」,-7.53787899017334,0.0068685621954500675
38,美味しい,neutral-positive,colleague,（なし）,出張から戻った大輔は、同じ店に行こうとしている同僚に、料理がどれくらい美味しかったか聞かれ、答えます。「料理、（なし）美味しかったです。」,-26.8784236907959,2.7376226285902305e-11
38,美味しい,neutral-positive,colleague,ひどく,出張から戻った大輔は、同じ店に行こうとしている同僚に、料理がどれくらい美味しかったか聞かれ、答えます。「料理、ひどく美味しかったです。」,-14.462622821331024,6.752862645953428e-06
38,美味しい,neutral-positive,colleague,まあまあ,出張から戻った大輔は、同じ店に行こうとしている同僚に、料理がどれくらい美味しかったか聞かれ、答えます。「料理、まあまあ美味しかったです。」,-7.962292432785034,0.0044930921867489815
38,美味しい,neutral-positive,colleague,マジで,出張から戻った大輔は、同じ店に行こうとしている同僚に、料理がどれくらい美味しかったか聞かれ、答えます。「料理、マジで美味しかったです。」,-10.825937688350677,0.0002563777088653296
38,美味しい,neutral-positive,colleague,めっちゃ,出張から戻った大輔は、同じ店に行こうとしている同僚に、料理がどれくらい美味しかったか聞かれ、答えます。「料理、めっちゃ美味しかったです。」,-10.565828673541546,0.00033254019217565656
38,美味しい,neutral-positive,colleague,やや,出張から戻った大輔は、同じ店に行こうとしている同僚に、料理がどれくらい美味しかったか聞かれ、答えます。「料理、やや美味しかったです。」,-10.741035461425781,0.0002790953731164336
38,美味しい,neutral-positive,colleague,結構,出張から戻った大輔は、同じ店に行こうとしている同僚に、料理がどれくらい美味しかったか聞かれ、答えます。「料理、結構美味しかったです。」,-7.075140953063965,0.01091014314442873
38,美味しい,neutral-positive,colleague,若干,出張から戻った大輔は、同じ店に行こうとしている同僚に、料理がどれくらい美味しかったか聞かれ、答えます。「料理、若干美味しかったです。」,-11.813838481903076,9.546409273752943e-05
38,美味しい,neutral-positive,colleague,少し,出張から戻った大輔は、同じ店に行こうとしている同僚に、料理がどれくらい美味しかったか聞かれ、答えます。「料理、少し美味しかったです。」,-8.797839164733887,0.0019483730429783463
38,美味しい,neutral-positive,colleague,少しも,出張から戻った大輔は、同じ店に行こうとしている同僚に、料理がどれくらい美味しかったか聞かれ、答えます。「料理、少しも美味しかったです。」,-12.729146242141724,3.822321741608903e-05
38,美味しい,neutral-positive,colleague,全然,出張から戻った大輔は、同じ店に行こうとしている同僚に、料理がどれくらい美味しかったか聞かれ、答えます。「料理、全然美味しかったです。」,-8.088713645935059,0.003959509544074535
38,美味しい,neutral-positive,colleague,相当,出張から戻った大輔は、同じ店に行こうとしている同僚に、料理がどれくらい美味しかったか聞かれ、答えます。「料理、相当美味しかったです。」,-6.3423566818237305,0.022702548652887344
38,美味しい,neutral-positive,colleague,超,出張から戻った大輔は、同じ店に行こうとしている同僚に、料理がどれくらい美味しかったか聞かれ、答えます。「料理、超美味しかったです。」,-8.061049461364746,0.004070575349032879
38,美味しい,neutral-positive,colleague,非常に,出張から戻った大輔は、同じ店に行こうとしている同僚に、料理がどれくらい美味しかったか聞かれ、答えます。「料理、非常に美味しかったです。」,-6.058585166931152,0.03015192039310932
38,美味しい,neutral-positive,colleague,微妙に,出張から戻った大輔は、同じ店に行こうとしている同僚に、料理がどれくらい美味しかったか聞かれ、答えます。「料理、微妙に美味しかったです。」,-10.320190981030464,0.0004251311474945396
38,美味しい,neutral-positive,colleague,普通に,出張から戻った大輔は、同じ店に行こうとしている同僚に、料理がどれくらい美味しかったか聞かれ、答えます。「料理、普通に美味しかったです。」,-7.465205192565918,0.0073863123543560505
38,美味しい,neutral-positive,colleague,本当に,出張から戻った大輔は、同じ店に行こうとしている同僚に、料理がどれくらい美味しかったか聞かれ、答えます。「料理、本当に美味しかったです。」,-3.515875816345215,0.38335368037223816
38,美味しい,neutral-positive,colleague,全く,出張から戻った大輔は、同じ店に行こうとしている同僚に、料理がどれくらい美味しかったか聞かれ、答えます。「料理、全く美味しかったです。」,-9.467890739440918,0.000996947754174471
39,美味しい,neutral-negative,colleague,あまり,出張から戻った大輔は、同じ店に行こうとしている同僚に、料理がどれくらい美味しかったか聞かれ、答えます。「料理、あまり美味しくなかったです。」,-3.856527805328369,0.3859882950782776
39,美味しい,neutral-negative,colleague,いまいち,出張から戻った大輔は、同じ店に行こうとしている同僚に、料理がどれくらい美味しかったか聞かれ、答えます。「料理、いまいち美味しくなかったです。」,-11.295611381530762,0.00022689304023515433
39,美味しい,neutral-negative,colleague,かなり,出張から戻った大輔は、同じ店に行こうとしている同僚に、料理がどれくらい美味しかったか聞かれ、答えます。「料理、かなり美味しくなかったです。」,-8.189527750015259,0.005067295860499144
39,美味しい,neutral-negative,colleague,すごく,出張から戻った大輔は、同じ店に行こうとしている同僚に、料理がどれくらい美味しかったか聞かれ、答えます。「料理、すごく美味しくなかったです。」,-7.305158853530884,0.012270232662558556
39,美味しい,neutral-negative,colleague,そこまで,出張から戻った大輔は、同じ店に行こうとしている同僚に、料理がどれくらい美味しかったか聞かれ、答えます。「料理、そこまで美味しくなかったです。」,-8.779386758804321,0.00280933640897274
39,美味しい,neutral-negative,colleague,それほど,出張から戻った大輔は、同じ店に行こうとしている同僚に、料理がどれくらい美味しかったか聞かれ、答えます。「料理、それほど美味しくなかったです。」,-7.118772745132446,0.014784249477088451
39,美味しい,neutral-negative,colleague,そんなに,出張から戻った大輔は、同じ店に行こうとしている同僚に、料理がどれくらい美味しかったか聞かれ、答えます。「料理、そんなに美味しくなかったです。」,-5.340284824371338,0.08753599226474762
39,美味しい,neutral-negative,colleague,たいして,出張から戻った大輔は、同じ店に行こうとしている同僚に、料理がどれくらい美味しかったか聞かれ、答えます。「料理、たいして美味しくなかったです。」,-10.582189679145813,0.00046308033051900566
39,美味しい,neutral-negative,colleague,だいぶ,出張から戻った大輔は、同じ店に行こうとしている同僚に、料理がどれくらい美味しかったか聞かれ、答えます。「料理、だいぶ美味しくなかったです。」,-10.107705759815872,0.0007442552596330643
39,美味しい,neutral-negative,colleague,ちっとも,出張から戻った大輔は、同じ店に行こうとしている同僚に、料理がどれくらい美味しかったか聞かれ、答えます。「料理、ちっとも美味しくなかったです。」,-14.648242950439453,7.93947128840955e-06
39,美味しい,neutral-negative,colleague,ちょっと,出張から戻った大輔は、同じ店に行こうとしている同僚に、料理がどれくらい美味しかったか聞かれ、答えます。「料理、ちょっと美味しくなかったです。」,-6.376505374908447,0.031057164072990417
39,美味しい,neutral-negative,colleague,とても,出張から戻った大輔は、同じ店に行こうとしている同僚に、料理がどれくらい美味しかったか聞かれ、答えます。「料理、とても美味しくなかったです。」,-5.014040470123291,0.12130334228277206
39,美味しい,neutral-negative,colleague,なかなか,出張から戻った大輔は、同じ店に行こうとしている同僚に、料理がどれくらい美味しかったか聞かれ、答えます。「料理、なかなか美味しくなかったです。」,-6.191416263580322,0.03737188130617142
39,美味しい,neutral-negative,colleague,（なし）,出張から戻った大輔は、同じ店に行こうとしている同僚に、料理がどれくらい美味しかったか聞かれ、答えます。「料理、（なし）美味しくなかったです。」,-28.265024662017822,9.684977646251536e-12
39,美味しい,neutral-negative,colleague,ひどく,出張から戻った大輔は、同じ店に行こうとしている同僚に、料理がどれくらい美味しかったか聞かれ、答えます。「料理、ひどく美味しくなかったです。」,-15.391724348068237,3.7748700378870126e-06
39,美味しい,neutral-negative,colleague,まあまあ,出張から戻った大輔は、同じ店に行こうとしている同僚に、料理がどれくらい美味しかったか聞かれ、答えます。「料理、まあまあ美味しくなかったです。」,-10.140161991119385,0.0007204879075288773
39,美味しい,neutral-negative,colleague,マジで,出張から戻った大輔は、同じ店に行こうとしている同僚に、料理がどれくらい美味しかったか聞かれ、答えます。「料理、マジで美味しくなかったです。」,-11.555586770176888,0.00017495053180027753
39,美味しい,neutral-negative,colleague,めっちゃ,出張から戻った大輔は、同じ店に行こうとしている同僚に、料理がどれくらい美味しかったか聞かれ、答えます。「料理、めっちゃ美味しくなかったです。」,-10.840334203094244,0.0003577220195438713
39,美味しい,neutral-negative,colleague,やや,出張から戻った大輔は、同じ店に行こうとしている同僚に、料理がどれくらい美味しかったか聞かれ、答えます。「料理、やや美味しくなかったです。」,-12.720754861831665,5.456185317598283e-05
39,美味しい,neutral-negative,colleague,結構,出張から戻った大輔は、同じ店に行こうとしている同僚に、料理がどれくらい美味しかったか聞かれ、答えます。「料理、結構美味しくなかったです。」,-9.596044778823853,0.0012414627708494663
39,美味しい,neutral-negative,colleague,若干,出張から戻った大輔は、同じ店に行こうとしている同僚に、料理がどれくらい美味しかったか聞かれ、答えます。「料理、若干美味しくなかったです。」,-11.319299936294556,0.0002215814747614786
39,美味しい,neutral-negative,colleague,少し,出張から戻った大輔は、同じ店に行こうとしている同僚に、料理がどれくらい美味しかったか聞かれ、答えます。「料理、少し美味しくなかったです。」,-8.462404489517212,0.003857158124446869
39,美味しい,neutral-negative,colleague,少しも,出張から戻った大輔は、同じ店に行こうとしている同僚に、料理がどれくらい美味しかったか聞かれ、答えます。「料理、少しも美味しくなかったです。」,-10.677676439285278,0.00042090786155313253
39,美味しい,neutral-negative,colleague,全然,出張から戻った大輔は、同じ店に行こうとしている同僚に、料理がどれくらい美味しかったか聞かれ、答えます。「料理、全然美味しくなかったです。」,-4.6110405921936035,0.18150700628757477
39,美味しい,neutral-negative,colleague,相当,出張から戻った大輔は、同じ店に行こうとしている同僚に、料理がどれくらい美味しかったか聞かれ、答えます。「料理、相当美味しくなかったです。」,-8.422456979751587,0.004014360718429089
39,美味しい,neutral-negative,colleague,超,出張から戻った大輔は、同じ店に行こうとしている同僚に、料理がどれくらい美味しかったか聞かれ、答えます。「料理、超美味しくなかったです。」,-11.205579996109009,0.0002482683921698481
39,美味しい,neutral-negative,colleague,非常に,出張から戻った大輔は、同じ店に行こうとしている同僚に、料理がどれくらい美味しかったか聞かれ、答えます。「料理、非常に美味しくなかったです。」,-8.52446961402893,0.003625040641054511
39,美味しい,neutral-negative,colleague,微妙に,出張から戻った大輔は、同じ店に行こうとしている同僚に、料理がどれくらい美味しかったか聞かれ、答えます。「料理、微妙に美味しくなかったです。」,-11.008378475904465,0.00030238833278417587
39,美味しい,neutral-negative,colleague,普通に,出張から戻った大輔は、同じ店に行こうとしている同僚に、料理がどれくらい美味しかったか聞かれ、答えます。「料理、普通に美味しくなかったです。」,-9.896852731704712,0.0009189554257318377
39,美味しい,neutral-negative,colleague,本当に,出張から戻った大輔は、同じ店に行こうとしている同僚に、料理がどれくらい美味しかったか聞かれ、答えます。「料理、本当に美味しくなかったです。」,-5.668032169342041,0.06307362765073776
39,美味しい,neutral-negative,colleague,全く,出張から戻った大輔は、同じ店に行こうとしている同僚に、料理がどれくらい美味しかったか聞かれ、答えます。「料理、全く美味しくなかったです。」,-6.132803440093994,0.03962782025337219
40,美味しい,annoyed,colleague,あまり,出張中、同僚が差し入れとして買ってきた弁当を皆で分けることになりました。大輔の分を取り分ける際、同僚が良かれと思って大量のソースをかけてしまい、元の美味しさが感じられなくなりました。苛立った大輔は言います。「これ、あまり美味しくなくなっちゃったんですけど。次からやめてもらえますか？」,-8.629916191101074,0.00938947219401598
40,美味しい,annoyed,colleague,いまいち,出張中、同僚が差し入れとして買ってきた弁当を皆で分けることになりました。大輔の分を取り分ける際、同僚が良かれと思って大量のソースをかけてしまい、元の美味しさが感じられなくなりました。苛立った大輔は言います。「これ、いまいち美味しくなくなっちゃったんですけど。次からやめてもらえますか？」,-11.700233221054077,0.0004357318684924394
40,美味しい,annoyed,colleague,かなり,出張中、同僚が差し入れとして買ってきた弁当を皆で分けることになりました。大輔の分を取り分ける際、同僚が良かれと思って大量のソースをかけてしまい、元の美味しさが感じられなくなりました。苛立った大輔は言います。「これ、かなり美味しくなくなっちゃったんですけど。次からやめてもらえますか？」,-7.068621635437012,0.0447407029569149
40,美味しい,annoyed,colleague,すごく,出張中、同僚が差し入れとして買ってきた弁当を皆で分けることになりました。大輔の分を取り分ける際、同僚が良かれと思って大量のソースをかけてしまい、元の美味しさが感じられなくなりました。苛立った大輔は言います。「これ、すごく美味しくなくなっちゃったんですけど。次からやめてもらえますか？」,-7.210936546325684,0.0388057604432106
40,美味しい,annoyed,colleague,そこまで,出張中、同僚が差し入れとして買ってきた弁当を皆で分けることになりました。大輔の分を取り分ける際、同僚が良かれと思って大量のソースをかけてしまい、元の美味しさが感じられなくなりました。苛立った大輔は言います。「これ、そこまで美味しくなくなっちゃったんですけど。次からやめてもらえますか？」,-13.106269359588623,0.00010680349805625156
40,美味しい,annoyed,colleague,それほど,出張中、同僚が差し入れとして買ってきた弁当を皆で分けることになりました。大輔の分を取り分ける際、同僚が良かれと思って大量のソースをかけてしまい、元の美味しさが感じられなくなりました。苛立った大輔は言います。「これ、それほど美味しくなくなっちゃったんですけど。次からやめてもらえますか？」,-13.120925426483154,0.00010524959361646324
40,美味しい,annoyed,colleague,そんなに,出張中、同僚が差し入れとして買ってきた弁当を皆で分けることになりました。大輔の分を取り分ける際、同僚が良かれと思って大量のソースをかけてしまい、元の美味しさが感じられなくなりました。苛立った大輔は言います。「これ、そんなに美味しくなくなっちゃったんですけど。次からやめてもらえますか？」,-11.239108562469482,0.0006910081137903035
40,美味しい,annoyed,colleague,たいして,出張中、同僚が差し入れとして買ってきた弁当を皆で分けることになりました。大輔の分を取り分ける際、同僚が良かれと思って大量のソースをかけてしまい、元の美味しさが感じられなくなりました。苛立った大輔は言います。「これ、たいして美味しくなくなっちゃったんですけど。次からやめてもらえますか？」,-14.11404275894165,3.8986607250990346e-05
40,美味しい,annoyed,colleague,だいぶ,出張中、同僚が差し入れとして買ってきた弁当を皆で分けることになりました。大輔の分を取り分ける際、同僚が良かれと思って大量のソースをかけてしまい、元の美味しさが感じられなくなりました。苛立った大輔は言います。「これ、だいぶ美味しくなくなっちゃったんですけど。次からやめてもらえますか？」,-10.999824901577085,0.0008778151241131127
40,美味しい,annoyed,colleague,ちっとも,出張中、同僚が差し入れとして買ってきた弁当を皆で分けることになりました。大輔の分を取り分ける際、同僚が良かれと思って大量のソースをかけてしまい、元の美味しさが感じられなくなりました。苛立った大輔は言います。「これ、ちっとも美味しくなくなっちゃったんですけど。次からやめてもらえますか？」,-16.424826622009277,3.866821771225659e-06
40,美味しい,annoyed,colleague,ちょっと,出張中、同僚が差し入れとして買ってきた弁当を皆で分けることになりました。大輔の分を取り分ける際、同僚が良かれと思って大量のソースをかけてしまい、元の美味しさが感じられなくなりました。苛立った大輔は言います。「これ、ちょっと美味しくなくなっちゃったんですけど。次からやめてもらえますか？」,-4.3374128341674805,0.6868338584899902
40,美味しい,annoyed,colleague,とても,出張中、同僚が差し入れとして買ってきた弁当を皆で分けることになりました。大輔の分を取り分ける際、同僚が良かれと思って大量のソースをかけてしまい、元の美味しさが感じられなくなりました。苛立った大輔は言います。「これ、とても美味しくなくなっちゃったんですけど。次からやめてもらえますか？」,-7.690566062927246,0.02402125857770443
40,美味しい,annoyed,colleague,なかなか,出張中、同僚が差し入れとして買ってきた弁当を皆で分けることになりました。大輔の分を取り分ける際、同僚が良かれと思って大量のソースをかけてしまい、元の美味しさが感じられなくなりました。苛立った大輔は言います。「これ、なかなか美味しくなくなっちゃったんですけど。次からやめてもらえますか？」,-7.680480003356934,0.024264764040708542
40,美味しい,annoyed,colleague,（なし）,出張中、同僚が差し入れとして買ってきた弁当を皆で分けることになりました。大輔の分を取り分ける際、同僚が良かれと思って大量のソースをかけてしまい、元の美味しさが感じられなくなりました。苛立った大輔は言います。「これ、（なし）美味しくなくなっちゃったんですけど。次からやめてもらえますか？」,-30.380223274230957,3.3620458847472e-12
40,美味しい,annoyed,colleague,ひどく,出張中、同僚が差し入れとして買ってきた弁当を皆で分けることになりました。大輔の分を取り分ける際、同僚が良かれと思って大量のソースをかけてしまい、元の美味しさが感じられなくなりました。苛立った大輔は言います。「これ、ひどく美味しくなくなっちゃったんですけど。次からやめてもらえますか？」,-16.261803925037384,4.551495749183232e-06
40,美味しい,annoyed,colleague,まあまあ,出張中、同僚が差し入れとして買ってきた弁当を皆で分けることになりました。大輔の分を取り分ける際、同僚が良かれと思って大量のソースをかけてしまい、元の美味しさが感じられなくなりました。苛立った大輔は言います。「これ、まあまあ美味しくなくなっちゃったんですけど。次からやめてもらえますか？」,-11.55934762954712,0.0005016553332097828
40,美味しい,annoyed,colleague,マジで,出張中、同僚が差し入れとして買ってきた弁当を皆で分けることになりました。大輔の分を取り分ける際、同僚が良かれと思って大量のソースをかけてしまい、元の美味しさが感じられなくなりました。苛立った大輔は言います。「これ、マジで美味しくなくなっちゃったんですけど。次からやめてもらえますか？」,-12.719926193356514,0.0001571710454300046
40,美味しい,annoyed,colleague,めっちゃ,出張中、同僚が差し入れとして買ってきた弁当を皆で分けることになりました。大輔の分を取り分ける際、同僚が良かれと思って大量のソースをかけてしまい、元の美味しさが感じられなくなりました。苛立った大輔は言います。「これ、めっちゃ美味しくなくなっちゃったんですけど。次からやめてもらえますか？」,-11.750180337578058,0.00041450303979218006
40,美味しい,annoyed,colleague,やや,出張中、同僚が差し入れとして買ってきた弁当を皆で分けることになりました。大輔の分を取り分ける際、同僚が良かれと思って大量のソースをかけてしまい、元の美味しさが感じられなくなりました。苛立った大輔は言います。「これ、やや美味しくなくなっちゃったんですけど。次からやめてもらえますか？」,-13.720079898834229,5.7811117585515603e-05
40,美味しい,annoyed,colleague,結構,出張中、同僚が差し入れとして買ってきた弁当を皆で分けることになりました。大輔の分を取り分ける際、同僚が良かれと思って大量のソースをかけてしまい、元の美味しさが感じられなくなりました。苛立った大輔は言います。「これ、結構美味しくなくなっちゃったんですけど。次からやめてもらえますか？」,-7.627837181091309,0.02557634934782982
40,美味しい,annoyed,colleague,若干,出張中、同僚が差し入れとして買ってきた弁当を皆で分けることになりました。大輔の分を取り分ける際、同僚が良かれと思って大量のソースをかけてしまい、元の美味しさが感じられなくなりました。苛立った大輔は言います。「これ、若干美味しくなくなっちゃったんですけど。次からやめてもらえますか？」,-10.665068626403809,0.00122683378867805
40,美味しい,annoyed,colleague,少し,出張中、同僚が差し入れとして買ってきた弁当を皆で分けることになりました。大輔の分を取り分ける際、同僚が良かれと思って大量のソースをかけてしまい、元の美味しさが感じられなくなりました。苛立った大輔は言います。「これ、少し美味しくなくなっちゃったんですけど。次からやめてもらえますか？」,-7.20401668548584,0.039075225591659546
40,美味しい,annoyed,colleague,少しも,出張中、同僚が差し入れとして買ってきた弁当を皆で分けることになりました。大輔の分を取り分ける際、同僚が良かれと思って大量のソースをかけてしまい、元の美味しさが感じられなくなりました。苛立った大輔は言います。「これ、少しも美味しくなくなっちゃったんですけど。次からやめてもらえますか？」,-14.234488010406494,3.456262857071124e-05
40,美味しい,annoyed,colleague,全然,出張中、同僚が差し入れとして買ってきた弁当を皆で分けることになりました。大輔の分を取り分ける際、同僚が良かれと思って大量のソースをかけてしまい、元の美味しさが感じられなくなりました。苛立った大輔は言います。「これ、全然美味しくなくなっちゃったんですけど。次からやめてもらえますか？」,-7.270453453063965,0.03656354919075966
40,美味しい,annoyed,colleague,相当,出張中、同僚が差し入れとして買ってきた弁当を皆で分けることになりました。大輔の分を取り分ける際、同僚が良かれと思って大量のソースをかけてしまい、元の美味しさが感じられなくなりました。苛立った大輔は言います。「これ、相当美味しくなくなっちゃったんですけど。次からやめてもらえますか？」,-9.188788414001465,0.00536940386518836
40,美味しい,annoyed,colleague,超,出張中、同僚が差し入れとして買ってきた弁当を皆で分けることになりました。大輔の分を取り分ける際、同僚が良かれと思って大量のソースをかけてしまい、元の美味しさが感じられなくなりました。苛立った大輔は言います。「これ、超美味しくなくなっちゃったんですけど。次からやめてもらえますか？」,-9.7843656539917,0.0029598530381917953
40,美味しい,annoyed,colleague,非常に,出張中、同僚が差し入れとして買ってきた弁当を皆で分けることになりました。大輔の分を取り分ける際、同僚が良かれと思って大量のソースをかけてしまい、元の美味しさが感じられなくなりました。苛立った大輔は言います。「これ、非常に美味しくなくなっちゃったんですけど。次からやめてもらえますか？」,-10.04626750946045,0.0022778629790991545
40,美味しい,annoyed,colleague,微妙に,出張中、同僚が差し入れとして買ってきた弁当を皆で分けることになりました。大輔の分を取り分ける際、同僚が良かれと思って大量のソースをかけてしまい、元の美味しさが感じられなくなりました。苛立った大輔は言います。「これ、微妙に美味しくなくなっちゃったんですけど。次からやめてもらえますか？」,-10.072361320257187,0.002219194546341896
40,美味しい,annoyed,colleague,普通に,出張中、同僚が差し入れとして買ってきた弁当を皆で分けることになりました。大輔の分を取り分ける際、同僚が良かれと思って大量のソースをかけてしまい、元の美味しさが感じられなくなりました。苛立った大輔は言います。「これ、普通に美味しくなくなっちゃったんですけど。次からやめてもらえますか？」,-9.792216300964355,0.0029367071110755205
40,美味しい,annoyed,colleague,本当に,出張中、同僚が差し入れとして買ってきた弁当を皆で分けることになりました。大輔の分を取り分ける際、同僚が良かれと思って大量のソースをかけてしまい、元の美味しさが感じられなくなりました。苛立った大輔は言います。「これ、本当に美味しくなくなっちゃったんですけど。次からやめてもらえますか？」,-7.013506889343262,0.04727579280734062
40,美味しい,annoyed,colleague,全く,出張中、同僚が差し入れとして買ってきた弁当を皆で分けることになりました。大輔の分を取り分ける際、同僚が良かれと思って大量のソースをかけてしまい、元の美味しさが感じられなくなりました。苛立った大輔は言います。「これ、全く美味しくなくなっちゃったんですけど。次からやめてもらえますか？」,-9.75971508026123,0.0030337218195199966
41,美味しい,encouraging,colleague,あまり,同僚が持ってきた差し入れのお菓子が、焼きすぎでした。それを申し訳ないと言ってきた同僚を、大輔が励まします。「これ、あまり美味しいですよ。香ばしくて私はこのくらいが好きです。」,-11.220840454101562,0.0010470920242369175
41,美味しい,encouraging,colleague,いまいち,同僚が持ってきた差し入れのお菓子が、焼きすぎでした。それを申し訳ないと言ってきた同僚を、大輔が励まします。「これ、いまいち美味しいですよ。香ばしくて私はこのくらいが好きです。」,-13.983573913574219,6.609140109503642e-05
41,美味しい,encouraging,colleague,かなり,同僚が持ってきた差し入れのお菓子が、焼きすぎでした。それを申し訳ないと言ってきた同僚を、大輔が励まします。「これ、かなり美味しいですよ。香ばしくて私はこのくらいが好きです。」,-7.570034027099609,0.04031901806592941
41,美味しい,encouraging,colleague,すごく,同僚が持ってきた差し入れのお菓子が、焼きすぎでした。それを申し訳ないと言ってきた同僚を、大輔が励まします。「これ、すごく美味しいですよ。香ばしくて私はこのくらいが好きです。」,-6.836864233016968,0.08393081277608871
41,美味しい,encouraging,colleague,そこまで,同僚が持ってきた差し入れのお菓子が、焼きすぎでした。それを申し訳ないと言ってきた同僚を、大輔が励まします。「これ、そこまで美味しいですよ。香ばしくて私はこのくらいが好きです。」,-14.904228210449219,2.6321455152356066e-05
41,美味しい,encouraging,colleague,それほど,同僚が持ってきた差し入れのお菓子が、焼きすぎでした。それを申し訳ないと言ってきた同僚を、大輔が励まします。「これ、それほど美味しいですよ。香ばしくて私はこのくらいが好きです。」,-12.576744079589844,0.0002698505995795131
41,美味しい,encouraging,colleague,そんなに,同僚が持ってきた差し入れのお菓子が、焼きすぎでした。それを申し訳ないと言ってきた同僚を、大輔が励まします。「これ、そんなに美味しいですよ。香ばしくて私はこのくらいが好きです。」,-12.07107162475586,0.00044743934995494783
41,美味しい,encouraging,colleague,たいして,同僚が持ってきた差し入れのお菓子が、焼きすぎでした。それを申し訳ないと言ってきた同僚を、大輔が励まします。「これ、たいして美味しいですよ。香ばしくて私はこのくらいが好きです。」,-13.949180722236633,6.840404239483178e-05
41,美味しい,encouraging,colleague,だいぶ,同僚が持ってきた差し入れのお菓子が、焼きすぎでした。それを申し訳ないと言ってきた同僚を、大輔が励まします。「これ、だいぶ美味しいですよ。香ばしくて私はこのくらいが好きです。」,-11.514084623195231,0.0007809629896655679
41,美味しい,encouraging,colleague,ちっとも,同僚が持ってきた差し入れのお菓子が、焼きすぎでした。それを申し訳ないと言ってきた同僚を、大輔が励まします。「これ、ちっとも美味しいですよ。香ばしくて私はこのくらいが好きです。」,-16.990508794784546,3.2677560284355422e-06
41,美味しい,encouraging,colleague,ちょっと,同僚が持ってきた差し入れのお菓子が、焼きすぎでした。それを申し訳ないと言ってきた同僚を、大輔が励まします。「これ、ちょっと美味しいですよ。香ばしくて私はこのくらいが好きです。」,-7.904060363769531,0.02886982448399067
41,美味しい,encouraging,colleague,とても,同僚が持ってきた差し入れのお菓子が、焼きすぎでした。それを申し訳ないと言ってきた同僚を、大輔が励まします。「これ、とても美味しいですよ。香ばしくて私はこのくらいが好きです。」,-5.594676733016968,0.2906675636768341
41,美味しい,encouraging,colleague,なかなか,同僚が持ってきた差し入れのお菓子が、焼きすぎでした。それを申し訳ないと言ってきた同僚を、大輔が励まします。「これ、なかなか美味しいですよ。香ばしくて私はこのくらいが好きです。」,-7.6692657470703125,0.03651019558310509
41,美味しい,encouraging,colleague,（なし）,同僚が持ってきた差し入れのお菓子が、焼きすぎでした。それを申し訳ないと言ってきた同僚を、大輔が励まします。「これ、（なし）美味しいですよ。香ばしくて私はこのくらいが好きです。」,-28.522629261016846,3.2056319404505373e-11
41,美味しい,encouraging,colleague,ひどく,同僚が持ってきた差し入れのお菓子が、焼きすぎでした。それを申し訳ないと言ってきた同僚を、大輔が励まします。「これ、ひどく美味しいですよ。香ばしくて私はこのくらいが好きです。」,-16.5911003947258,4.872035788139328e-06
41,美味しい,encouraging,colleague,まあまあ,同僚が持ってきた差し入れのお菓子が、焼きすぎでした。それを申し訳ないと言ってきた同僚を、大輔が励まします。「これ、まあまあ美味しいですよ。香ばしくて私はこのくらいが好きです。」,-11.668896198272705,0.000668955035507679
41,美味しい,encouraging,colleague,マジで,同僚が持ってきた差し入れのお菓子が、焼きすぎでした。それを申し訳ないと言ってきた同僚を、大輔が励まします。「これ、マジで美味しいですよ。香ばしくて私はこのくらいが好きです。」,-13.116002008318901,0.00015737168723717332
41,美味しい,encouraging,colleague,めっちゃ,同僚が持ってきた差し入れのお菓子が、焼きすぎでした。それを申し訳ないと言ってきた同僚を、大輔が励まします。「これ、めっちゃ美味しいですよ。香ばしくて私はこのくらいが好きです。」,-11.793380392715335,0.0005906548467464745
41,美味しい,encouraging,colleague,やや,同僚が持ってきた差し入れのお菓子が、焼きすぎでした。それを申し訳ないと言ってきた同僚を、大輔が励まします。「これ、やや美味しいですよ。香ばしくて私はこのくらいが好きです。」,-14.30032205581665,4.814854764845222e-05
41,美味しい,encouraging,colleague,結構,同僚が持ってきた差し入れのお菓子が、焼きすぎでした。それを申し訳ないと言ってきた同僚を、大輔が励まします。「これ、結構美味しいですよ。香ばしくて私はこのくらいが好きです。」,-8.07778549194336,0.024265892803668976
41,美味しい,encouraging,colleague,若干,同僚が持ってきた差し入れのお菓子が、焼きすぎでした。それを申し訳ないと言ってきた同僚を、大輔が励まします。「これ、若干美味しいですよ。香ばしくて私はこのくらいが好きです。」,-14.679168701171875,3.296491559012793e-05
41,美味しい,encouraging,colleague,少し,同僚が持ってきた差し入れのお菓子が、焼きすぎでした。それを申し訳ないと言ってきた同僚を、大輔が励まします。「これ、少し美味しいですよ。香ばしくて私はこのくらいが好きです。」,-10.521907806396484,0.002106335014104843
41,美味しい,encouraging,colleague,少しも,同僚が持ってきた差し入れのお菓子が、焼きすぎでした。それを申し訳ないと言ってきた同僚を、大輔が励まします。「これ、少しも美味しいですよ。香ばしくて私はこのくらいが好きです。」,-14.553961038589478,3.736191138159484e-05
41,美味しい,encouraging,colleague,全然,同僚が持ってきた差し入れのお菓子が、焼きすぎでした。それを申し訳ないと言ってきた同僚を、大輔が励まします。「これ、全然美味しいですよ。香ばしくて私はこのくらいが好きです。」,-10.199455261230469,0.0029078153893351555
41,美味しい,encouraging,colleague,相当,同僚が持ってきた差し入れのお菓子が、焼きすぎでした。それを申し訳ないと言ってきた同僚を、大輔が励まします。「これ、相当美味しいですよ。香ばしくて私はこのくらいが好きです。」,-8.489891052246094,0.01607019267976284
41,美味しい,encouraging,colleague,超,同僚が持ってきた差し入れのお菓子が、焼きすぎでした。それを申し訳ないと言ってきた同僚を、大輔が励まします。「これ、超美味しいですよ。香ばしくて私はこのくらいが好きです。」,-8.54156494140625,0.015260874293744564
41,美味しい,encouraging,colleague,非常に,同僚が持ってきた差し入れのお菓子が、焼きすぎでした。それを申し訳ないと言ってきた同僚を、大輔が励まします。「これ、非常に美味しいですよ。香ばしくて私はこのくらいが好きです。」,-9.031639099121094,0.009348521009087563
41,美味しい,encouraging,colleague,微妙に,同僚が持ってきた差し入れのお菓子が、焼きすぎでした。それを申し訳ないと言ってきた同僚を、大輔が励まします。「これ、微妙に美味しいですよ。香ばしくて私はこのくらいが好きです。」,-12.879423022270203,0.00019937538309022784
41,美味しい,encouraging,colleague,普通に,同僚が持ってきた差し入れのお菓子が、焼きすぎでした。それを申し訳ないと言ってきた同僚を、大輔が励まします。「これ、普通に美味しいですよ。香ばしくて私はこのくらいが好きです。」,-9.852981567382812,0.004111860878765583
41,美味しい,encouraging,colleague,本当に,同僚が持ってきた差し入れのお菓子が、焼きすぎでした。それを申し訳ないと言ってきた同僚を、大輔が励まします。「これ、本当に美味しいですよ。香ばしくて私はこのくらいが好きです。」,-5.177947759628296,0.4409402012825012
41,美味しい,encouraging,colleague,全く,同僚が持ってきた差し入れのお菓子が、焼きすぎでした。それを申し訳ないと言ってきた同僚を、大輔が励まします。「これ、全く美味しいですよ。香ばしくて私はこのくらいが好きです。」,-12.686798095703125,0.00024172831035684794
42,美味しい,warning,boss,あまり,上司が接待に使う店を決めようとしています。大輔は力になりたいと思い、遠慮がちに指摘します。「そちら、最近あまり美味しくないと聞きまして、別の店も候補にされてはいかがでしょうか？」,-5.161334753036499,0.47201472520828247
42,美味しい,warning,boss,いまいち,上司が接待に使う店を決めようとしています。大輔は力になりたいと思い、遠慮がちに指摘します。「そちら、最近いまいち美味しくないと聞きまして、別の店も候補にされてはいかがでしょうか？」,-13.066448986530304,0.00017410374130122364
42,美味しい,warning,boss,かなり,上司が接待に使う店を決めようとしています。大輔は力になりたいと思い、遠慮がちに指摘します。「そちら、最近かなり美味しくないと聞きまして、別の店も候補にされてはいかがでしょうか？」,-9.818851232528687,0.0044794208370149136
42,美味しい,warning,boss,すごく,上司が接待に使う店を決めようとしています。大輔は力になりたいと思い、遠慮がちに指摘します。「そちら、最近すごく美味しくないと聞きまして、別の店も候補にされてはいかがでしょうか？」,-9.985442876815796,0.003792032366618514
42,美味しい,warning,boss,そこまで,上司が接待に使う店を決めようとしています。大輔は力になりたいと思い、遠慮がちに指摘します。「そちら、最近そこまで美味しくないと聞きまして、別の店も候補にされてはいかがでしょうか？」,-12.11756157875061,0.0004496813053265214
42,美味しい,warning,boss,それほど,上司が接待に使う店を決めようとしています。大輔は力になりたいと思い、遠慮がちに指摘します。「そちら、最近それほど美味しくないと聞きまして、別の店も候補にされてはいかがでしょうか？」,-10.515605688095093,0.002231645630672574
42,美味しい,warning,boss,そんなに,上司が接待に使う店を決めようとしています。大輔は力になりたいと思い、遠慮がちに指摘します。「そちら、最近そんなに美味しくないと聞きまして、別の店も候補にされてはいかがでしょうか？」,-9.087676763534546,0.00930608157068491
42,美味しい,warning,boss,たいして,上司が接待に使う店を決めようとしています。大輔は力になりたいと思い、遠慮がちに指摘します。「そちら、最近たいして美味しくないと聞きまして、別の店も候補にされてはいかがでしょうか？」,-18.132174015045166,1.098479401662189e-06
42,美味しい,warning,boss,だいぶ,上司が接待に使う店を決めようとしています。大輔は力になりたいと思い、遠慮がちに指摘します。「そちら、最近だいぶ美味しくないと聞きまして、別の店も候補にされてはいかがでしょうか？」,-12.577822558698244,0.00028380227740854025
42,美味しい,warning,boss,ちっとも,上司が接待に使う店を決めようとしています。大輔は力になりたいと思い、遠慮がちに指摘します。「そちら、最近ちっとも美味しくないと聞きまして、別の店も候補にされてはいかがでしょうか？」,-17.63916201889515,1.798473704184289e-06
42,美味しい,warning,boss,ちょっと,上司が接待に使う店を決めようとしています。大輔は力になりたいと思い、遠慮がちに指摘します。「そちら、最近ちょっと美味しくないと聞きまして、別の店も候補にされてはいかがでしょうか？」,-8.557178258895874,0.015818286687135696
42,美味しい,warning,boss,とても,上司が接待に使う店を決めようとしています。大輔は力になりたいと思い、遠慮がちに指摘します。「そちら、最近とても美味しくないと聞きまして、別の店も候補にされてはいかがでしょうか？」,-8.068404912948608,0.025788793340325356
42,美味しい,warning,boss,なかなか,上司が接待に使う店を決めようとしています。大輔は力になりたいと思い、遠慮がちに指摘します。「そちら、最近なかなか美味しくないと聞きまして、別の店も候補にされてはいかがでしょうか？」,-5.377238988876343,0.3803553581237793
42,美味しい,warning,boss,（なし）,上司が接待に使う店を決めようとしています。大輔は力になりたいと思い、遠慮がちに指摘します。「そちら、最近（なし）美味しくないと聞きまして、別の店も候補にされてはいかがでしょうか？」,-28.46947956085205,3.559240749351211e-11
42,美味しい,warning,boss,ひどく,上司が接待に使う店を決めようとしています。大輔は力になりたいと思い、遠慮がちに指摘します。「そちら、最近ひどく美味しくないと聞きまして、別の店も候補にされてはいかがでしょうか？」,-16.3534095287323,6.5057843130489346e-06
42,美味しい,warning,boss,まあまあ,上司が接待に使う店を決めようとしています。大輔は力になりたいと思い、遠慮がちに指摘します。「そちら、最近まあまあ美味しくないと聞きまして、別の店も候補にされてはいかがでしょうか？」,-13.48448634147644,0.00011461903341114521
42,美味しい,warning,boss,マジで,上司が接待に使う店を決めようとしています。大輔は力になりたいと思い、遠慮がちに指摘します。「そちら、最近マジで美味しくないと聞きまして、別の店も候補にされてはいかがでしょうか？」,-14.866764590144157,2.8770064091077074e-05
42,美味しい,warning,boss,めっちゃ,上司が接待に使う店を決めようとしています。大輔は力になりたいと思い、遠慮がちに指摘します。「そちら、最近めっちゃ美味しくないと聞きまして、別の店も候補にされてはいかがでしょうか？」,-12.936716556549072,0.00019822135800495744
42,美味しい,warning,boss,やや,上司が接待に使う店を決めようとしています。大輔は力になりたいと思い、遠慮がちに指摘します。「そちら、最近やや美味しくないと聞きまして、別の店も候補にされてはいかがでしょうか？」,-16.646623134613037,4.852416168432683e-06
42,美味しい,warning,boss,結構,上司が接待に使う店を決めようとしています。大輔は力になりたいと思い、遠慮がちに指摘します。「そちら、最近結構美味しくないと聞きまして、別の店も候補にされてはいかがでしょうか？」,-10.558570623397827,0.002137793693691492
42,美味しい,warning,boss,若干,上司が接待に使う店を決めようとしています。大輔は力になりたいと思い、遠慮がちに指摘します。「そちら、最近若干美味しくないと聞きまして、別の店も候補にされてはいかがでしょうか？」,-13.04904580116272,0.00017716028378345072
42,美味しい,warning,boss,少し,上司が接待に使う店を決めようとしています。大輔は力になりたいと思い、遠慮がちに指摘します。「そちら、最近少し美味しくないと聞きまして、別の店も候補にされてはいかがでしょうか？」,-10.114742040634155,0.0033321005757898092
42,美味しい,warning,boss,少しも,上司が接待に使う店を決めようとしています。大輔は力になりたいと思い、遠慮がちに指摘します。「そちら、最近少しも美味しくないと聞きまして、別の店も候補にされてはいかがでしょうか？」,-14.677407264709473,3.476785059319809e-05
42,美味しい,warning,boss,全然,上司が接待に使う店を決めようとしています。大輔は力になりたいと思い、遠慮がちに指摘します。「そちら、最近全然美味しくないと聞きまして、別の店も候補にされてはいかがでしょうか？」,-7.153693914413452,0.06437020748853683
42,美味しい,warning,boss,相当,上司が接待に使う店を決めようとしています。大輔は力になりたいと思い、遠慮がちに指摘します。「そちら、最近相当美味しくないと聞きまして、別の店も候補にされてはいかがでしょうか？」,-11.010711431503296,0.0013602024409919977
42,美味しい,warning,boss,超,上司が接待に使う店を決めようとしています。大輔は力になりたいと思い、遠慮がちに指摘します。「そちら、最近超美味しくないと聞きまして、別の店も候補にされてはいかがでしょうか？」,-13.906273126602173,7.517565973103046e-05
42,美味しい,warning,boss,非常に,上司が接待に使う店を決めようとしています。大輔は力になりたいと思い、遠慮がちに指摘します。「そちら、最近非常に美味しくないと聞きまして、別の店も候補にされてはいかがでしょうか？」,-10.815585851669312,0.0016532765002921224
42,美味しい,warning,boss,微妙に,上司が接待に使う店を決めようとしています。大輔は力になりたいと思い、遠慮がちに指摘します。「そちら、最近微妙に美味しくないと聞きまして、別の店も候補にされてはいかがでしょうか？」,-14.835178203880787,2.9693317628698424e-05
42,美味しい,warning,boss,普通に,上司が接待に使う店を決めようとしています。大輔は力になりたいと思い、遠慮がちに指摘します。「そちら、最近普通に美味しくないと聞きまして、別の店も候補にされてはいかがでしょうか？」,-11.849799871444702,0.0005877491785213351
42,美味しい,warning,boss,本当に,上司が接待に使う店を決めようとしています。大輔は力になりたいと思い、遠慮がちに指摘します。「そちら、最近本当に美味しくないと聞きまして、別の店も候補にされてはいかがでしょうか？」,-9.516052007675171,0.006063534878194332
42,美味しい,warning,boss,全く,上司が接待に使う店を決めようとしています。大輔は力になりたいと思い、遠慮がちに指摘します。「そちら、最近全く美味しくないと聞きまして、別の店も候補にされてはいかがでしょうか？」,-9.683513402938843,0.0051285941153764725
43,美味しい,non-committal,boss,あまり,会食の店について上司に意見を求められます。自分の意見を押し付けたくない大輔は、慎重に答えます。「そちらは、あまり美味しくないかもしれませんが、静かでいい店です。」,-5.22522634267807,0.7159625887870789
43,美味しい,non-committal,boss,いまいち,会食の店について上司に意見を求められます。自分の意見を押し付けたくない大輔は、慎重に答えます。「そちらは、いまいち美味しくないかもしれませんが、静かでいい店です。」,-12.296260476112366,0.0006081057363189757
43,美味しい,non-committal,boss,かなり,会食の店について上司に意見を求められます。自分の意見を押し付けたくない大輔は、慎重に答えます。「そちらは、かなり美味しくないかもしれませんが、静かでいい店です。」,-10.88638973236084,0.0024904529564082623
43,美味しい,non-committal,boss,すごく,会食の店について上司に意見を求められます。自分の意見を押し付けたくない大輔は、慎重に答えます。「そちらは、すごく美味しくないかもしれませんが、静かでいい店です。」,-10.370821952819824,0.004170485306531191
43,美味しい,non-committal,boss,そこまで,会食の店について上司に意見を求められます。自分の意見を押し付けたくない大輔は、慎重に答えます。「そちらは、そこまで美味しくないかもしれませんが、静かでいい店です。」,-9.213271141052246,0.013271026313304901
43,美味しい,non-committal,boss,それほど,会食の店について上司に意見を求められます。自分の意見を押し付けたくない大輔は、慎重に答えます。「そちらは、それほど美味しくないかもしれませんが、静かでいい店です。」,-8.150019645690918,0.038429856300354004
43,美味しい,non-committal,boss,そんなに,会食の店について上司に意見を求められます。自分の意見を押し付けたくない大輔は、慎重に答えます。「そちらは、そんなに美味しくないかもしれませんが、静かでいい店です。」,-8.179282188415527,0.03732159361243248
43,美味しい,non-committal,boss,たいして,会食の店について上司に意見を求められます。自分の意見を押し付けたくない大輔は、慎重に答えます。「そちらは、たいして美味しくないかもしれませんが、静かでいい店です。」,-14.49259403347969,6.762758130207658e-05
43,美味しい,non-committal,boss,だいぶ,会食の店について上司に意見を求められます。自分の意見を押し付けたくない大輔は、慎重に答えます。「そちらは、だいぶ美味しくないかもしれませんが、静かでいい店です。」,-14.083255504025146,0.00010183499398408458
43,美味しい,non-committal,boss,ちっとも,会食の店について上司に意見を求められます。自分の意見を押し付けたくない大輔は、慎重に答えます。「そちらは、ちっとも美味しくないかもしれませんが、静かでいい店です。」,-17.386284708976746,3.744640707736835e-06
43,美味しい,non-committal,boss,ちょっと,会食の店について上司に意見を求められます。自分の意見を押し付けたくない大輔は、慎重に答えます。「そちらは、ちょっと美味しくないかもしれませんが、静かでいい店です。」,-8.052573204040527,0.0423632450401783
43,美味しい,non-committal,boss,とても,会食の店について上司に意見を求められます。自分の意見を押し付けたくない大輔は、慎重に答えます。「そちらは、とても美味しくないかもしれませんが、静かでいい店です。」,-7.799681663513184,0.054552994668483734
43,美味しい,non-committal,boss,なかなか,会食の店について上司に意見を求められます。自分の意見を押し付けたくない大輔は、慎重に答えます。「そちらは、なかなか美味しくないかもしれませんが、静かでいい店です。」,-7.9228010177612305,0.04823347553610802
43,美味しい,non-committal,boss,（なし）,会食の店について上司に意見を求められます。自分の意見を押し付けたくない大輔は、慎重に答えます。「そちらは、（なし）美味しくないかもしれませんが、静かでいい店です。」,-29.991464614868164,1.2561726832338582e-11
43,美味しい,non-committal,boss,ひどく,会食の店について上司に意見を求められます。自分の意見を押し付けたくない大輔は、慎重に答えます。「そちらは、ひどく美味しくないかもしれませんが、静かでいい店です。」,-17.28424972295761,4.146892933931667e-06
43,美味しい,non-committal,boss,まあまあ,会食の店について上司に意見を求められます。自分の意見を押し付けたくない大輔は、慎重に答えます。「そちらは、まあまあ美味しくないかもしれませんが、静かでいい店です。」,-14.687463760375977,5.5653548770351335e-05
43,美味しい,non-committal,boss,マジで,会食の店について上司に意見を求められます。自分の意見を押し付けたくない大輔は、慎重に答えます。「そちらは、マジで美味しくないかもしれませんが、静かでいい店です。」,-16.643197312951088,7.87278258940205e-06
43,美味しい,non-committal,boss,めっちゃ,会食の店について上司に意見を求められます。自分の意見を押し付けたくない大輔は、慎重に答えます。「そちらは、めっちゃ美味しくないかもしれませんが、静かでいい店です。」,-13.897758424282074,0.0001225906889885664
43,美味しい,non-committal,boss,やや,会食の店について上司に意見を求められます。自分の意見を押し付けたくない大輔は、慎重に答えます。「そちらは、やや美味しくないかもしれませんが、静かでいい店です。」,-13.844569087028503,0.0001292877277592197
43,美味しい,non-committal,boss,結構,会食の店について上司に意見を求められます。自分の意見を押し付けたくない大輔は、慎重に答えます。「そちらは、結構美味しくないかもしれませんが、静かでいい店です。」,-12.563529014587402,0.00046548532554879785
43,美味しい,non-committal,boss,若干,会食の店について上司に意見を求められます。自分の意見を押し付けたくない大輔は、慎重に答えます。「そちらは、若干美味しくないかもしれませんが、静かでいい店です。」,-10.756842613220215,0.0028349144849926233
43,美味しい,non-committal,boss,少し,会食の店について上司に意見を求められます。自分の意見を押し付けたくない大輔は、慎重に答えます。「そちらは、少し美味しくないかもしれませんが、静かでいい店です。」,-9.02530574798584,0.016015365719795227
43,美味しい,non-committal,boss,少しも,会食の店について上司に意見を求められます。自分の意見を押し付けたくない大輔は、慎重に答えます。「そちらは、少しも美味しくないかもしれませんが、静かでいい店です。」,-14.038049221038818,0.00010654419020283967
43,美味しい,non-committal,boss,全然,会食の店について上司に意見を求められます。自分の意見を押し付けたくない大輔は、慎重に答えます。「そちらは、全然美味しくないかもしれませんが、静かでいい店です。」,-9.390440940856934,0.011116309091448784
43,美味しい,non-committal,boss,相当,会食の店について上司に意見を求められます。自分の意見を押し付けたくない大輔は、慎重に答えます。「そちらは、相当美味しくないかもしれませんが、静かでいい店です。」,-11.517802238464355,0.0013245225418359041
43,美味しい,non-committal,boss,超,会食の店について上司に意見を求められます。自分の意見を押し付けたくない大輔は、慎重に答えます。「そちらは、超美味しくないかもしれませんが、静かでいい店です。」,-15.431597709655762,2.6443540264153853e-05
43,美味しい,non-committal,boss,非常に,会食の店について上司に意見を求められます。自分の意見を押し付けたくない大輔は、慎重に答えます。「そちらは、非常に美味しくないかもしれませんが、静かでいい店です。」,-11.175406455993652,0.0018653484294191003
43,美味しい,non-committal,boss,微妙に,会食の店について上司に意見を求められます。自分の意見を押し付けたくない大輔は、慎重に答えます。「そちらは、微妙に美味しくないかもしれませんが、静かでいい店です。」,-13.142492115497589,0.00026089479797519743
43,美味しい,non-committal,boss,普通に,会食の店について上司に意見を求められます。自分の意見を押し付けたくない大輔は、慎重に答えます。「そちらは、普通に美味しくないかもしれませんが、静かでいい店です。」,-12.122401237487793,0.0007235779776237905
43,美味しい,non-committal,boss,本当に,会食の店について上司に意見を求められます。自分の意見を押し付けたくない大輔は、慎重に答えます。「そちらは、本当に美味しくないかもしれませんが、静かでいい店です。」,-10.234457969665527,0.004779788665473461
43,美味しい,non-committal,boss,全く,会食の店について上司に意見を求められます。自分の意見を押し付けたくない大輔は、慎重に答えます。「そちらは、全く美味しくないかもしれませんが、静かでいい店です。」,-10.849444389343262,0.0025841842871159315
44,美味しい,acknowledge,boss,あまり,上司に強く勧められた店を、大輔は半信半疑で訪れました。しかし、上司の言った通りに美味しかったです。翌日、教えてもらったことについて感謝します。「あのお店、あまり美味しかったです。教えていただいてありがとうございます。」,-11.170548915863037,0.00039723239024169743
44,美味しい,acknowledge,boss,いまいち,上司に強く勧められた店を、大輔は半信半疑で訪れました。しかし、上司の言った通りに美味しかったです。翌日、教えてもらったことについて感謝します。「あのお店、いまいち美味しかったです。教えていただいてありがとうございます。」,-14.8528151512146,9.996701919590123e-06
44,美味しい,acknowledge,boss,かなり,上司に強く勧められた店を、大輔は半信半疑で訪れました。しかし、上司の言った通りに美味しかったです。翌日、教えてもらったことについて感謝します。「あのお店、かなり美味しかったです。教えていただいてありがとうございます。」,-7.852239608764648,0.010969032533466816
44,美味しい,acknowledge,boss,すごく,上司に強く勧められた店を、大輔は半信半疑で訪れました。しかし、上司の言った通りに美味しかったです。翌日、教えてもらったことについて感謝します。「あのお店、すごく美味しかったです。教えていただいてありがとうございます。」,-5.650003433227539,0.09921728819608688
44,美味しい,acknowledge,boss,そこまで,上司に強く勧められた店を、大輔は半信半疑で訪れました。しかし、上司の言った通りに美味しかったです。翌日、教えてもらったことについて感謝します。「あのお店、そこまで美味しかったです。教えていただいてありがとうございます。」,-14.62235403060913,1.2587652236106806e-05
44,美味しい,acknowledge,boss,それほど,上司に強く勧められた店を、大輔は半信半疑で訪れました。しかし、上司の言った通りに美味しかったです。翌日、教えてもらったことについて感謝します。「あのお店、それほど美味しかったです。教えていただいてありがとうございます。」,-12.590421199798584,9.602890349924564e-05
44,美味しい,acknowledge,boss,そんなに,上司に強く勧められた店を、大輔は半信半疑で訪れました。しかし、上司の言った通りに美味しかったです。翌日、教えてもらったことについて感謝します。「あのお店、そんなに美味しかったです。教えていただいてありがとうございます。」,-12.297322750091553,0.00012873392552137375
44,美味しい,acknowledge,boss,たいして,上司に強く勧められた店を、大輔は半信半疑で訪れました。しかし、上司の言った通りに美味しかったです。翌日、教えてもらったことについて感謝します。「あのお店、たいして美味しかったです。教えていただいてありがとうございます。」,-13.63936173915863,3.36397897626739e-05
44,美味しい,acknowledge,boss,だいぶ,上司に強く勧められた店を、大輔は半信半疑で訪れました。しかし、上司の言った通りに美味しかったです。翌日、教えてもらったことについて感謝します。「あのお店、だいぶ美味しかったです。教えていただいてありがとうございます。」,-10.146518965251744,0.0011060520773753524
44,美味しい,acknowledge,boss,ちっとも,上司に強く勧められた店を、大輔は半信半疑で訪れました。しかし、上司の言った通りに美味しかったです。翌日、教えてもらったことについて感謝します。「あのお店、ちっとも美味しかったです。教えていただいてありがとうございます。」,-17.068650245666504,1.0902658686973155e-06
44,美味しい,acknowledge,boss,ちょっと,上司に強く勧められた店を、大輔は半信半疑で訪れました。しかし、上司の言った通りに美味しかったです。翌日、教えてもらったことについて感謝します。「あのお店、ちょっと美味しかったです。教えていただいてありがとうございます。」,-9.18809700012207,0.0028841167222708464
44,美味しい,acknowledge,boss,とても,上司に強く勧められた店を、大輔は半信半疑で訪れました。しかし、上司の言った通りに美味しかったです。翌日、教えてもらったことについて感謝します。「あのお店、とても美味しかったです。教えていただいてありがとうございます。」,-4.506463885307312,0.3113294541835785
44,美味しい,acknowledge,boss,なかなか,上司に強く勧められた店を、大輔は半信半疑で訪れました。しかし、上司の言った通りに美味しかったです。翌日、教えてもらったことについて感謝します。「あのお店、なかなか美味しかったです。教えていただいてありがとうございます。」,-8.77430534362793,0.004362347070127726
44,美味しい,acknowledge,boss,（なし）,上司に強く勧められた店を、大輔は半信半疑で訪れました。しかし、上司の言った通りに美味しかったです。翌日、教えてもらったことについて感謝します。「あのお店、（なし）美味しかったです。教えていただいてありがとうございます。」,-27.785029411315918,2.4180612373525534e-11
44,美味しい,acknowledge,boss,ひどく,上司に強く勧められた店を、大輔は半信半疑で訪れました。しかし、上司の言った通りに美味しかったです。翌日、教えてもらったことについて感謝します。「あのお店、ひどく美味しかったです。教えていただいてありがとうございます。」,-16.22893261909485,2.5247386474802624e-06
44,美味しい,acknowledge,boss,まあまあ,上司に強く勧められた店を、大輔は半信半疑で訪れました。しかし、上司の言った通りに美味しかったです。翌日、教えてもらったことについて感謝します。「あのお店、まあまあ美味しかったです。教えていただいてありがとうございます。」,-10.402481198310852,0.0008562735165469348
44,美味しい,acknowledge,boss,マジで,上司に強く勧められた店を、大輔は半信半疑で訪れました。しかし、上司の言った通りに美味しかったです。翌日、教えてもらったことについて感謝します。「あのお店、マジで美味しかったです。教えていただいてありがとうございます。」,-13.152951031923294,5.471400072565302e-05
44,美味しい,acknowledge,boss,めっちゃ,上司に強く勧められた店を、大輔は半信半疑で訪れました。しかし、上司の言った通りに美味しかったです。翌日、教えてもらったことについて感謝します。「あのお店、めっちゃ美味しかったです。教えていただいてありがとうございます。」,-12.279724635183811,0.00013101944932714105
44,美味しい,acknowledge,boss,やや,上司に強く勧められた店を、大輔は半信半疑で訪れました。しかし、上司の言った通りに美味しかったです。翌日、教えてもらったことについて感謝します。「あのお店、やや美味しかったです。教えていただいてありがとうございます。」,-11.69398820400238,0.0002353521849727258
44,美味しい,acknowledge,boss,結構,上司に強く勧められた店を、大輔は半信半疑で訪れました。しかし、上司の言った通りに美味しかったです。翌日、教えてもらったことについて感謝します。「あのお店、結構美味しかったです。教えていただいてありがとうございます。」,-9.134504318237305,0.003042900934815407
44,美味しい,acknowledge,boss,若干,上司に強く勧められた店を、大輔は半信半疑で訪れました。しかし、上司の言った通りに美味しかったです。翌日、教えてもらったことについて感謝します。「あのお店、若干美味しかったです。教えていただいてありがとうございます。」,-15.176465511322021,7.2326456574955955e-06
44,美味しい,acknowledge,boss,少し,上司に強く勧められた店を、大輔は半信半疑で訪れました。しかし、上司の言った通りに美味しかったです。翌日、教えてもらったことについて感謝します。「あのお店、少し美味しかったです。教えていただいてありがとうございます。」,-11.256497859954834,0.0003645167744252831
44,美味しい,acknowledge,boss,少しも,上司に強く勧められた店を、大輔は半信半疑で訪れました。しかし、上司の言った通りに美味しかったです。翌日、教えてもらったことについて感謝します。「あのお店、少しも美味しかったです。教えていただいてありがとうございます。」,-15.628072738647461,4.604334662872134e-06
44,美味しい,acknowledge,boss,全然,上司に強く勧められた店を、大輔は半信半疑で訪れました。しかし、上司の言った通りに美味しかったです。翌日、教えてもらったことについて感謝します。「あのお店、全然美味しかったです。教えていただいてありがとうございます。」,-10.829977035522461,0.0005584102473221719
44,美味しい,acknowledge,boss,相当,上司に強く勧められた店を、大輔は半信半疑で訪れました。しかし、上司の言った通りに美味しかったです。翌日、教えてもらったことについて感謝します。「あのお店、相当美味しかったです。教えていただいてありがとうございます。」,-8.762453079223633,0.004414358641952276
44,美味しい,acknowledge,boss,超,上司に強く勧められた店を、大輔は半信半疑で訪れました。しかし、上司の言った通りに美味しかったです。翌日、教えてもらったことについて感謝します。「あのお店、超美味しかったです。教えていただいてありがとうございます。」,-9.01500129699707,0.0034291567280888557
44,美味しい,acknowledge,boss,非常に,上司に強く勧められた店を、大輔は半信半疑で訪れました。しかし、上司の言った通りに美味しかったです。翌日、教えてもらったことについて感謝します。「あのお店、非常に美味しかったです。教えていただいてありがとうございます。」,-7.570959091186523,0.014532050117850304
44,美味しい,acknowledge,boss,微妙に,上司に強く勧められた店を、大輔は半信半疑で訪れました。しかし、上司の言った通りに美味しかったです。翌日、教えてもらったことについて感謝します。「あのお店、微妙に美味しかったです。教えていただいてありがとうございます。」,-13.270776778459549,4.8632606194587424e-05
44,美味しい,acknowledge,boss,普通に,上司に強く勧められた店を、大輔は半信半疑で訪れました。しかし、上司の言った通りに美味しかったです。翌日、教えてもらったことについて感謝します。「あのお店、普通に美味しかったです。教えていただいてありがとうございます。」,-9.545202255249023,0.0020180130377411842
44,美味しい,acknowledge,boss,本当に,上司に強く勧められた店を、大輔は半信半疑で訪れました。しかし、上司の言った通りに美味しかったです。翌日、教えてもらったことについて感謝します。「あのお店、本当に美味しかったです。教えていただいてありがとうございます。」,-3.956476092338562,0.5396060943603516
44,美味しい,acknowledge,boss,全く,上司に強く勧められた店を、大輔は半信半疑で訪れました。しかし、上司の言った通りに美味しかったです。翌日、教えてもらったことについて感謝します。「あのお店、全く美味しかったです。教えていただいてありがとうございます。」,-12.168172359466553,0.00014648133947048336
45,美味しい,neutral-positive,boss,あまり,上司に、接待で使った店の料理がどれくらい美味しかったか聞かれ、大輔は答えます。「料理、あまり美味しかったです。」,-9.37903904914856,0.0016780473524704576
45,美味しい,neutral-positive,boss,いまいち,上司に、接待で使った店の料理がどれくらい美味しかったか聞かれ、大輔は答えます。「料理、いまいち美味しかったです。」,-12.935460567474365,4.7892761358525604e-05
45,美味しい,neutral-positive,boss,かなり,上司に、接待で使った店の料理がどれくらい美味しかったか聞かれ、大輔は答えます。「料理、かなり美味しかったです。」,-6.100081920623779,0.04454891383647919
45,美味しい,neutral-positive,boss,すごく,上司に、接待で使った店の料理がどれくらい美味しかったか聞かれ、大輔は答えます。「料理、すごく美味しかったです。」,-5.793197154998779,0.06055018678307533
45,美味しい,neutral-positive,boss,そこまで,上司に、接待で使った店の料理がどれくらい美味しかったか聞かれ、大輔は答えます。「料理、そこまで美味しかったです。」,-13.22791600227356,3.5748515074374154e-05
45,美味しい,neutral-positive,boss,それほど,上司に、接待で使った店の料理がどれくらい美味しかったか聞かれ、大輔は答えます。「料理、それほど美味しかったです。」,-10.639678239822388,0.00047568074660375714
45,美味しい,neutral-positive,boss,そんなに,上司に、接待で使った店の料理がどれくらい美味しかったか聞かれ、大輔は答えます。「料理、そんなに美味しかったです。」,-10.95869755744934,0.0003457540296949446
45,美味しい,neutral-positive,boss,たいして,上司に、接待で使った店の料理がどれくらい美味しかったか聞かれ、大輔は答えます。「料理、たいして美味しかったです。」,-11.711670637130737,0.00016283770673908293
45,美味しい,neutral-positive,boss,だいぶ,上司に、接待で使った店の料理がどれくらい美味しかったか聞かれ、大輔は答えます。「料理、だいぶ美味しかったです。」,-8.560040602460504,0.003806191962212324
45,美味しい,neutral-positive,boss,ちっとも,上司に、接待で使った店の料理がどれくらい美味しかったか聞かれ、大輔は答えます。「料理、ちっとも美味しかったです。」,-15.822511434555054,2.669560217327671e-06
45,美味しい,neutral-positive,boss,ちょっと,上司に、接待で使った店の料理がどれくらい美味しかったか聞かれ、大輔は答えます。「料理、ちょっと美味しかったです。」,-8.80214238166809,0.0029877708293497562
45,美味しい,neutral-positive,boss,とても,上司に、接待で使った店の料理がどれくらい美味しかったか聞かれ、大輔は答えます。「料理、とても美味しかったです。」,-3.869494915008545,0.41454219818115234
45,美味しい,neutral-positive,boss,なかなか,上司に、接待で使った店の料理がどれくらい美味しかったか聞かれ、大輔は答えます。「料理、なかなか美味しかったです。」,-8.438380479812622,0.004298600368201733
45,美味しい,neutral-positive,boss,（なし）,上司に、接待で使った店の料理がどれくらい美味しかったか聞かれ、大輔は答えます。「料理、（なし）美味しかったです。」,-26.43313217163086,6.58121057650618e-11
45,美味しい,neutral-positive,boss,ひどく,上司に、接待で使った店の料理がどれくらい美味しかったか聞かれ、大輔は答えます。「料理、ひどく美味しかったです。」,-14.284700483083725,1.2425179193087388e-05
45,美味しい,neutral-positive,boss,まあまあ,上司に、接待で使った店の料理がどれくらい美味しかったか聞かれ、大輔は答えます。「料理、まあまあ美味しかったです。」,-8.47075867652893,0.004161648452281952
45,美味しい,neutral-positive,boss,マジで,上司に、接待で使った店の料理がどれくらい美味しかったか聞かれ、大輔は答えます。「料理、マジで美味しかったです。」,-11.305417269468307,0.0002444493002258241
45,美味しい,neutral-positive,boss,めっちゃ,上司に、接待で使った店の料理がどれくらい美味しかったか聞かれ、大輔は答えます。「料理、めっちゃ美味しかったです。」,-11.025112248957157,0.0003235367767047137
45,美味しい,neutral-positive,boss,やや,上司に、接待で使った店の料理がどれくらい美味しかったか聞かれ、大輔は答えます。「料理、やや美味しかったです。」,-10.472196221351624,0.0005624084733426571
45,美味しい,neutral-positive,boss,結構,上司に、接待で使った店の料理がどれくらい美味しかったか聞かれ、大輔は答えます。「料理、結構美味しかったです。」,-8.012919664382935,0.006578127853572369
45,美味しい,neutral-positive,boss,若干,上司に、接待で使った店の料理がどれくらい美味しかったか聞かれ、大輔は答えます。「料理、若干美味しかったです。」,-12.663573503494263,6.285629933699965e-05
45,美味しい,neutral-positive,boss,少し,上司に、接待で使った店の料理がどれくらい美味しかったか聞かれ、大輔は答えます。「料理、少し美味しかったです。」,-9.812625169754028,0.0010876775486394763
45,美味しい,neutral-positive,boss,少しも,上司に、接待で使った店の料理がどれくらい美味しかったか聞かれ、大輔は答えます。「料理、少しも美味しかったです。」,-12.586543798446655,6.788950122427195e-05
45,美味しい,neutral-positive,boss,全然,上司に、接待で使った店の料理がどれくらい美味しかったか聞かれ、大輔は答えます。「料理、全然美味しかったです。」,-9.399565935134888,0.0016439534956589341
45,美味しい,neutral-positive,boss,相当,上司に、接待で使った店の料理がどれくらい美味しかったか聞かれ、大輔は答えます。「料理、相当美味しかったです。」,-7.0617516040802,0.017029009759426117
45,美味しい,neutral-positive,boss,超,上司に、接待で使った店の料理がどれくらい美味しかったか聞かれ、大輔は答えます。「料理、超美味しかったです。」,-9.134391069412231,0.0021431546192616224
45,美味しい,neutral-positive,boss,非常に,上司に、接待で使った店の料理がどれくらい美味しかったか聞かれ、大輔は答えます。「料理、非常に美味しかったです。」,-6.139926433563232,0.04280878230929375
45,美味しい,neutral-positive,boss,微妙に,上司に、接待で使った店の料理がどれくらい美味しかったか聞かれ、大輔は答えます。「料理、微妙に美味しかったです。」,-11.079994663596153,0.00030625888030044734
45,美味しい,neutral-positive,boss,普通に,上司に、接待で使った店の料理がどれくらい美味しかったか聞かれ、大輔は答えます。「料理、普通に美味しかったです。」,-7.907965898513794,0.00730605935677886
45,美味しい,neutral-positive,boss,本当に,上司に、接待で使った店の料理がどれくらい美味しかったか聞かれ、大輔は答えます。「料理、本当に美味しかったです。」,-3.952815532684326,0.38140207529067993
45,美味しい,neutral-positive,boss,全く,上司に、接待で使った店の料理がどれくらい美味しかったか聞かれ、大輔は答えます。「料理、全く美味しかったです。」,-10.148799180984497,0.0007771442760713398
46,美味しい,neutral-negative,boss,あまり,上司に、接待で使った店の料理がどれくらい美味しかったか聞かれ、大輔は答えます。「料理、あまり美味しくなかったです。」,-4.26386559009552,0.3955416679382324
46,美味しい,neutral-negative,boss,いまいち,上司に、接待で使った店の料理がどれくらい美味しかったか聞かれ、大輔は答えます。「料理、いまいち美味しくなかったです。」,-11.689146280288696,0.00023574032820761204
46,美味しい,neutral-negative,boss,かなり,上司に、接待で使った店の料理がどれくらい美味しかったか聞かれ、大輔は答えます。「料理、かなり美味しくなかったです。」,-8.427702903747559,0.006149794440716505
46,美味しい,neutral-negative,boss,すごく,上司に、接待で使った店の料理がどれくらい美味しかったか聞かれ、大輔は答えます。「料理、すごく美味しくなかったです。」,-7.916926383972168,0.010249154642224312
46,美味しい,neutral-negative,boss,そこまで,上司に、接待で使った店の料理がどれくらい美味しかったか聞かれ、大輔は答えます。「料理、そこまで美味しくなかったです。」,-9.418723106384277,0.0022827903740108013
46,美味しい,neutral-negative,boss,それほど,上司に、接待で使った店の料理がどれくらい美味しかったか聞かれ、大輔は答えます。「料理、それほど美味しくなかったです。」,-7.405047416687012,0.017099926248192787
46,美味しい,neutral-negative,boss,そんなに,上司に、接待で使った店の料理がどれくらい美味しかったか聞かれ、大輔は答えます。「料理、そんなに美味しくなかったです。」,-6.473666191101074,0.04339982569217682
46,美味しい,neutral-negative,boss,たいして,上司に、接待で使った店の料理がどれくらい美味しかったか聞かれ、大輔は答えます。「料理、たいして美味しくなかったです。」,-10.799696505069733,0.0005737420869991183
46,美味しい,neutral-negative,boss,だいぶ,上司に、接待で使った店の料理がどれくらい美味しかったか聞かれ、大輔は答えます。「料理、だいぶ美味しくなかったです。」,-10.43963455944322,0.0008224128978326917
46,美味しい,neutral-negative,boss,ちっとも,上司に、接待で使った店の料理がどれくらい美味しかったか聞かれ、大輔は答えます。「料理、ちっとも美味しくなかったです。」,-14.497640788555145,1.4214126167644281e-05
46,美味しい,neutral-negative,boss,ちょっと,上司に、接待で使った店の料理がどれくらい美味しかったか聞かれ、大輔は答えます。「料理、ちょっと美味しくなかったです。」,-6.738818168640137,0.033291544765233994
46,美味しい,neutral-negative,boss,とても,上司に、接待で使った店の料理がどれくらい美味しかったか聞かれ、大輔は答えます。「料理、とても美味しくなかったです。」,-5.086073875427246,0.17382477223873138
46,美味しい,neutral-negative,boss,なかなか,上司に、接待で使った店の料理がどれくらい美味しかったか聞かれ、大輔は答えます。「料理、なかなか美味しくなかったです。」,-6.424563407897949,0.0455840639770031
46,美味しい,neutral-negative,boss,（なし）,上司に、接待で使った店の料理がどれくらい美味しかったか聞かれ、大輔は答えます。「料理、（なし）美味しくなかったです。」,-27.40744686126709,3.516110666512695e-11
46,美味しい,neutral-negative,boss,ひどく,上司に、接待で使った店の料理がどれくらい美味しかったか聞かれ、大輔は答えます。「料理、ひどく美味しくなかったです。」,-15.089491546154022,7.864705366955604e-06
46,美味しい,neutral-negative,boss,まあまあ,上司に、接待で使った店の料理がどれくらい美味しかったか聞かれ、大輔は答えます。「料理、まあまあ美味しくなかったです。」,-10.627400398254395,0.0006816228269599378
46,美味しい,neutral-negative,boss,マジで,上司に、接待で使った店の料理がどれくらい美味しかったか聞かれ、大輔は答えます。「料理、マジで美味しくなかったです。」,-11.899913564324379,0.0001909407292259857
46,美味しい,neutral-negative,boss,めっちゃ,上司に、接待で使った店の料理がどれくらい美味しかったか聞かれ、大輔は答えます。「料理、めっちゃ美味しくなかったです。」,-11.31264215707779,0.00034351638169027865
46,美味しい,neutral-negative,boss,やや,上司に、接待で使った店の料理がどれくらい美味しかったか聞かれ、大輔は答えます。「料理、やや美味しくなかったです。」,-12.105375289916992,0.00015547758084721863
46,美味しい,neutral-negative,boss,結構,上司に、接待で使った店の料理がどれくらい美味しかったか聞かれ、大輔は答えます。「料理、結構美味しくなかったです。」,-9.941920280456543,0.0013528335839509964
46,美味しい,neutral-negative,boss,若干,上司に、接待で使った店の料理がどれくらい美味しかったか聞かれ、大輔は答えます。「料理、若干美味しくなかったです。」,-11.477065563201904,0.000291433185338974
46,美味しい,neutral-negative,boss,少し,上司に、接待で使った店の料理がどれくらい美味しかったか聞かれ、大輔は答えます。「料理、少し美味しくなかったです。」,-8.791090965270996,0.0042760539799928665
46,美味しい,neutral-negative,boss,少しも,上司に、接待で使った店の料理がどれくらい美味しかったか聞かれ、大輔は答えます。「料理、少しも美味しくなかったです。」,-10.707676529884338,0.0006290432065725327
46,美味しい,neutral-negative,boss,全然,上司に、接待で使った店の料理がどれくらい美味しかったか聞かれ、大輔は答えます。「料理、全然美味しくなかったです。」,-5.503951072692871,0.11445371806621552
46,美味しい,neutral-negative,boss,相当,上司に、接待で使った店の料理がどれくらい美味しかったか聞かれ、大輔は答えます。「料理、相当美味しくなかったです。」,-8.657088279724121,0.004889222327619791
46,美味しい,neutral-negative,boss,超,上司に、接待で使った店の料理がどれくらい美味しかったか聞かれ、大輔は答えます。「料理、超美味しくなかったです。」,-11.752406597137451,0.00022128905402496457
46,美味しい,neutral-negative,boss,非常に,上司に、接待で使った店の料理がどれくらい美味しかったか聞かれ、大輔は答えます。「料理、非常に美味しくなかったです。」,-8.154765129089355,0.008079714141786098
46,美味しい,neutral-negative,boss,微妙に,上司に、接待で使った店の料理がどれくらい美味しかったか聞かれ、大輔は答えます。「料理、微妙に美味しくなかったです。」,-11.47171051800251,0.0002929982729256153
46,美味しい,neutral-negative,boss,普通に,上司に、接待で使った店の料理がどれくらい美味しかったか聞かれ、大輔は答えます。「料理、普通に美味しくなかったです。」,-9.921244621276855,0.0013810953823849559
46,美味しい,neutral-negative,boss,本当に,上司に、接待で使った店の料理がどれくらい美味しかったか聞かれ、大輔は答えます。「料理、本当に美味しくなかったです。」,-5.803069114685059,0.08486421406269073
46,美味しい,neutral-negative,boss,全く,上司に、接待で使った店の料理がどれくらい美味しかったか聞かれ、大輔は答えます。「料理、全く美味しくなかったです。」,-6.35599422454834,0.04881937801837921
47,美味しい,annoyed,boss,あまり,料理人の大輔は、時間をかけて仕上げた新メニューの試作を出しました。ところが料理長が味見のあとで大量の香辛料を足してしまい、元の風味が飛んでしまいました。苛立った大輔は言います。「これ、あまり美味しくなくなってしまった気がするんですけど。」,-9.223002195358276,0.0033708526752889156
47,美味しい,annoyed,boss,いまいち,料理人の大輔は、時間をかけて仕上げた新メニューの試作を出しました。ところが料理長が味見のあとで大量の香辛料を足してしまい、元の風味が飛んでしまいました。苛立った大輔は言います。「これ、いまいち美味しくなくなってしまった気がするんですけど。」,-10.596522092819214,0.0008535474189557135
47,美味しい,annoyed,boss,かなり,料理人の大輔は、時間をかけて仕上げた新メニューの試作を出しました。ところが料理長が味見のあとで大量の香辛料を足してしまい、元の風味が飛んでしまいました。苛立った大輔は言います。「これ、かなり美味しくなくなってしまった気がするんですけど。」,-6.374762296676636,0.058172084391117096
47,美味しい,annoyed,boss,すごく,料理人の大輔は、時間をかけて仕上げた新メニューの試作を出しました。ところが料理長が味見のあとで大量の香辛料を足してしまい、元の風味が飛んでしまいました。苛立った大輔は言います。「これ、すごく美味しくなくなってしまった気がするんですけど。」,-7.473150968551636,0.01939503289759159
47,美味しい,annoyed,boss,そこまで,料理人の大輔は、時間をかけて仕上げた新メニューの試作を出しました。ところが料理長が味見のあとで大量の香辛料を足してしまい、元の風味が飛んでしまいました。苛立った大輔は言います。「これ、そこまで美味しくなくなってしまった気がするんですけど。」,-13.231863737106323,6.119463068898767e-05
47,美味しい,annoyed,boss,それほど,料理人の大輔は、時間をかけて仕上げた新メニューの試作を出しました。ところが料理長が味見のあとで大量の香辛料を足してしまい、元の風味が飛んでしまいました。苛立った大輔は言います。「これ、それほど美味しくなくなってしまった気がするんですけど。」,-13.10025668144226,6.980227044550702e-05
47,美味しい,annoyed,boss,そんなに,料理人の大輔は、時間をかけて仕上げた新メニューの試作を出しました。ところが料理長が味見のあとで大量の香辛料を足してしまい、元の風味が飛んでしまいました。苛立った大輔は言います。「これ、そんなに美味しくなくなってしまった気がするんですけど。」,-12.19064211845398,0.00017334452422801405
47,美味しい,annoyed,boss,たいして,料理人の大輔は、時間をかけて仕上げた新メニューの試作を出しました。ところが料理長が味見のあとで大量の香辛料を足してしまい、元の風味が飛んでしまいました。苛立った大輔は言います。「これ、たいして美味しくなくなってしまった気がするんですけど。」,-13.163364112377167,6.553334242198616e-05
47,美味しい,annoyed,boss,だいぶ,料理人の大輔は、時間をかけて仕上げた新メニューの試作を出しました。ところが料理長が味見のあとで大量の香辛料を足してしまい、元の風味が飛んでしまいました。苛立った大輔は言います。「これ、だいぶ美味しくなくなってしまった気がするんですけど。」,-10.568189059908036,0.0008780774660408497
47,美味しい,annoyed,boss,ちっとも,料理人の大輔は、時間をかけて仕上げた新メニューの試作を出しました。ところが料理長が味見のあとで大量の香辛料を足してしまい、元の風味が飛んでしまいました。苛立った大輔は言います。「これ、ちっとも美味しくなくなってしまった気がするんですけど。」,-17.742265939712524,6.727764230163302e-07
47,美味しい,annoyed,boss,ちょっと,料理人の大輔は、時間をかけて仕上げた新メニューの試作を出しました。ところが料理長が味見のあとで大量の香辛料を足してしまい、元の風味が飛んでしまいました。苛立った大輔は言います。「これ、ちょっと美味しくなくなってしまった気がするんですけど。」,-3.829295039176941,0.7416467070579529
47,美味しい,annoyed,boss,とても,料理人の大輔は、時間をかけて仕上げた新メニューの試作を出しました。ところが料理長が味見のあとで大量の香辛料を足してしまい、元の風味が飛んでしまいました。苛立った大輔は言います。「これ、とても美味しくなくなってしまった気がするんですけど。」,-7.912390470504761,0.012500609271228313
47,美味しい,annoyed,boss,なかなか,料理人の大輔は、時間をかけて仕上げた新メニューの試作を出しました。ところが料理長が味見のあとで大量の香辛料を足してしまい、元の風味が飛んでしまいました。苛立った大輔は言います。「これ、なかなか美味しくなくなってしまった気がするんですけど。」,-9.784498929977417,0.001922581810504198
47,美味しい,annoyed,boss,（なし）,料理人の大輔は、時間をかけて仕上げた新メニューの試作を出しました。ところが料理長が味見のあとで大量の香辛料を足してしまい、元の風味が飛んでしまいました。苛立った大輔は言います。「これ、（なし）美味しくなくなってしまった気がするんですけど。」,-31.0083589553833,1.1654146614761829e-12
47,美味しい,annoyed,boss,ひどく,料理人の大輔は、時間をかけて仕上げた新メニューの試作を出しました。ところが料理長が味見のあとで大量の香辛料を足してしまい、元の風味が飛んでしまいました。苛立った大輔は言います。「これ、ひどく美味しくなくなってしまった気がするんですけど。」,-14.610624969005585,1.541433812235482e-05
47,美味しい,annoyed,boss,まあまあ,料理人の大輔は、時間をかけて仕上げた新メニューの試作を出しました。ところが料理長が味見のあとで大量の香辛料を足してしまい、元の風味が飛んでしまいました。苛立った大輔は言います。「これ、まあまあ美味しくなくなってしまった気がするんですけど。」,-13.06418752670288,7.236591773107648e-05
47,美味しい,annoyed,boss,マジで,料理人の大輔は、時間をかけて仕上げた新メニューの試作を出しました。ところが料理長が味見のあとで大量の香辛料を足してしまい、元の風味が飛んでしまいました。苛立った大輔は言います。「これ、マジで美味しくなくなってしまった気がするんですけど。」,-11.623420730233192,0.0003056689747609198
47,美味しい,annoyed,boss,めっちゃ,料理人の大輔は、時間をかけて仕上げた新メニューの試作を出しました。ところが料理長が味見のあとで大量の香辛料を足してしまい、元の風味が飛んでしまいました。苛立った大輔は言います。「これ、めっちゃ美味しくなくなってしまった気がするんですけど。」,-11.575592257082462,0.0003206439723726362
47,美味しい,annoyed,boss,やや,料理人の大輔は、時間をかけて仕上げた新メニューの試作を出しました。ところが料理長が味見のあとで大量の香辛料を足してしまい、元の風味が飛んでしまいました。苛立った大輔は言います。「これ、やや美味しくなくなってしまった気がするんですけど。」,-12.087399959564209,0.00019219738896936178
47,美味しい,annoyed,boss,結構,料理人の大輔は、時間をかけて仕上げた新メニューの試作を出しました。ところが料理長が味見のあとで大量の香辛料を足してしまい、元の風味が飛んでしまいました。苛立った大輔は言います。「これ、結構美味しくなくなってしまった気がするんですけど。」,-7.715918302536011,0.015214511193335056
47,美味しい,annoyed,boss,若干,料理人の大輔は、時間をかけて仕上げた新メニューの試作を出しました。ところが料理長が味見のあとで大量の香辛料を足してしまい、元の風味が飛んでしまいました。苛立った大輔は言います。「これ、若干美味しくなくなってしまった気がするんですけど。」,-10.059561491012573,0.0014602482551708817
47,美味しい,annoyed,boss,少し,料理人の大輔は、時間をかけて仕上げた新メニューの試作を出しました。ところが料理長が味見のあとで大量の香辛料を足してしまい、元の風味が飛んでしまいました。苛立った大輔は言います。「これ、少し美味しくなくなってしまった気がするんですけど。」,-5.8272082805633545,0.1005806252360344
47,美味しい,annoyed,boss,少しも,料理人の大輔は、時間をかけて仕上げた新メニューの試作を出しました。ところが料理長が味見のあとで大量の香辛料を足してしまい、元の風味が飛んでしまいました。苛立った大輔は言います。「これ、少しも美味しくなくなってしまった気がするんですけど。」,-12.315633773803711,0.00015297731442842633
47,美味しい,annoyed,boss,全然,料理人の大輔は、時間をかけて仕上げた新メニューの試作を出しました。ところが料理長が味見のあとで大量の香辛料を足してしまい、元の風味が飛んでしまいました。苛立った大輔は言います。「これ、全然美味しくなくなってしまった気がするんですけど。」,-9.530318021774292,0.00247898674570024
47,美味しい,annoyed,boss,相当,料理人の大輔は、時間をかけて仕上げた新メニューの試作を出しました。ところが料理長が味見のあとで大量の香辛料を足してしまい、元の風味が飛んでしまいました。苛立った大輔は言います。「これ、相当美味しくなくなってしまった気がするんですけど。」,-9.176417112350464,0.0035315994173288345
47,美味しい,annoyed,boss,超,料理人の大輔は、時間をかけて仕上げた新メニューの試作を出しました。ところが料理長が味見のあとで大量の香辛料を足してしまい、元の風味が飛んでしまいました。苛立った大輔は言います。「これ、超美味しくなくなってしまった気がするんですけど。」,-10.774275541305542,0.0007145461859181523
47,美味しい,annoyed,boss,非常に,料理人の大輔は、時間をかけて仕上げた新メニューの試作を出しました。ところが料理長が味見のあとで大量の香辛料を足してしまい、元の風味が飛んでしまいました。苛立った大輔は言います。「これ、非常に美味しくなくなってしまった気がするんですけど。」,-9.63052248954773,0.0022426212672144175
47,美味しい,annoyed,boss,微妙に,料理人の大輔は、時間をかけて仕上げた新メニューの試作を出しました。ところが料理長が味見のあとで大量の香辛料を足してしまい、元の風味が飛んでしまいました。苛立った大輔は言います。「これ、微妙に美味しくなくなってしまった気がするんですけど。」,-9.463954515755177,0.002649082336574793
47,美味しい,annoyed,boss,普通に,料理人の大輔は、時間をかけて仕上げた新メニューの試作を出しました。ところが料理長が味見のあとで大量の香辛料を足してしまい、元の風味が飛んでしまいました。苛立った大輔は言います。「これ、普通に美味しくなくなってしまった気がするんですけど。」,-10.734190702438354,0.0007437705062329769
47,美味しい,annoyed,boss,本当に,料理人の大輔は、時間をかけて仕上げた新メニューの試作を出しました。ところが料理長が味見のあとで大量の香辛料を足してしまい、元の風味が飛んでしまいました。苛立った大輔は言います。「これ、本当に美味しくなくなってしまった気がするんですけど。」,-7.09021258354187,0.02844451367855072
47,美味しい,annoyed,boss,全く,料理人の大輔は、時間をかけて仕上げた新メニューの試作を出しました。ところが料理長が味見のあとで大量の香辛料を足してしまい、元の風味が飛んでしまいました。苛立った大輔は言います。「これ、全く美味しくなくなってしまった気がするんですけど。」,-9.86709475517273,0.0017701656324788928
48,美味しい,encouraging,boss,あまり,上司が家族と作ったお菓子を職場に持ってきましたが、焼きすぎでした。気にしている様子の上司を、大輔が励まします。「これ、あまり美味しいですよ。香ばしくて私はこのくらいが好きです。」,-11.686630249023438,0.0009571205591782928
48,美味しい,encouraging,boss,いまいち,上司が家族と作ったお菓子を職場に持ってきましたが、焼きすぎでした。気にしている様子の上司を、大輔が励まします。「これ、いまいち美味しいですよ。香ばしくて私はこのくらいが好きです。」,-13.800196647644043,0.00011562624422367662
48,美味しい,encouraging,boss,かなり,上司が家族と作ったお菓子を職場に持ってきましたが、焼きすぎでした。気にしている様子の上司を、大輔が励まします。「これ、かなり美味しいですよ。香ばしくて私はこのくらいが好きです。」,-7.937427520751953,0.04066536948084831
48,美味しい,encouraging,boss,すごく,上司が家族と作ったお菓子を職場に持ってきましたが、焼きすぎでした。気にしている様子の上司を、大輔が励まします。「これ、すごく美味しいですよ。香ばしくて私はこのくらいが好きです。」,-7.3170166015625,0.07562506198883057
48,美味しい,encouraging,boss,そこまで,上司が家族と作ったお菓子を職場に持ってきましたが、焼きすぎでした。気にしている様子の上司を、大輔が励まします。「これ、そこまで美味しいですよ。香ばしくて私はこのくらいが好きです。」,-15.31264877319336,2.5480434487690218e-05
48,美味しい,encouraging,boss,それほど,上司が家族と作ったお菓子を職場に持ってきましたが、焼きすぎでした。気にしている様子の上司を、大輔が励まします。「これ、それほど美味しいですよ。香ばしくて私はこのくらいが好きです。」,-13.179916381835938,0.00021500112779904157
48,美味しい,encouraging,boss,そんなに,上司が家族と作ったお菓子を職場に持ってきましたが、焼きすぎでした。気にしている様子の上司を、大輔が励まします。「これ、そんなに美味しいですよ。香ばしくて私はこのくらいが好きです。」,-12.618797302246094,0.00037681800313293934
48,美味しい,encouraging,boss,たいして,上司が家族と作ったお菓子を職場に持ってきましたが、焼きすぎでした。気にしている様子の上司を、大輔が励まします。「これ、たいして美味しいですよ。香ばしくて私はこのくらいが好きです。」,-14.715987205505371,4.627363887266256e-05
48,美味しい,encouraging,boss,だいぶ,上司が家族と作ったお菓子を職場に持ってきましたが、焼きすぎでした。気にしている様子の上司を、大輔が励まします。「これ、だいぶ美味しいですよ。香ばしくて私はこのくらいが好きです。」,-11.444674505619332,0.0012191206915304065
48,美味しい,encouraging,boss,ちっとも,上司が家族と作ったお菓子を職場に持ってきましたが、焼きすぎでした。気にしている様子の上司を、大輔が励まします。「これ、ちっとも美味しいですよ。香ばしくて私はこのくらいが好きです。」,-17.74635362625122,2.2349222490447573e-06
48,美味しい,encouraging,boss,ちょっと,上司が家族と作ったお菓子を職場に持ってきましたが、焼きすぎでした。気にしている様子の上司を、大輔が励まします。「これ、ちょっと美味しいですよ。香ばしくて私はこのくらいが好きです。」,-8.298606872558594,0.02833782508969307
48,美味しい,encouraging,boss,とても,上司が家族と作ったお菓子を職場に持ってきましたが、焼きすぎでした。気にしている様子の上司を、大輔が励まします。「これ、とても美味しいですよ。香ばしくて私はこのくらいが好きです。」,-5.986454010009766,0.2861025631427765
48,美味しい,encouraging,boss,なかなか,上司が家族と作ったお菓子を職場に持ってきましたが、焼きすぎでした。気にしている様子の上司を、大輔が励まします。「これ、なかなか美味しいですよ。香ばしくて私はこのくらいが好きです。」,-7.878513336181641,0.04313311725854874
48,美味しい,encouraging,boss,（なし）,上司が家族と作ったお菓子を職場に持ってきましたが、焼きすぎでした。気にしている様子の上司を、大輔が励まします。「これ、（なし）美味しいですよ。香ばしくて私はこのくらいが好きです。」,-28.660693645477295,4.0665339151590985e-11
48,美味しい,encouraging,boss,ひどく,上司が家族と作ったお菓子を職場に持ってきましたが、焼きすぎでした。気にしている様子の上司を、大輔が励まします。「これ、ひどく美味しいですよ。香ばしくて私はこのくらいが好きです。」,-16.66547203063965,6.58693170407787e-06
48,美味しい,encouraging,boss,まあまあ,上司が家族と作ったお菓子を職場に持ってきましたが、焼きすぎでした。気にしている様子の上司を、大輔が励まします。「これ、まあまあ美味しいですよ。香ばしくて私はこのくらいが好きです。」,-11.957103729248047,0.0007303003221750259
48,美味しい,encouraging,boss,マジで,上司が家族と作ったお菓子を職場に持ってきましたが、焼きすぎでした。気にしている様子の上司を、大輔が励まします。「これ、マジで美味しいですよ。香ばしくて私はこのくらいが好きです。」,-13.363909989595413,0.0001788683293852955
48,美味しい,encouraging,boss,めっちゃ,上司が家族と作ったお菓子を職場に持ってきましたが、焼きすぎでした。気にしている様子の上司を、大輔が励まします。「これ、めっちゃ美味しいですよ。香ばしくて私はこのくらいが好きです。」,-11.788367791101336,0.0008645346388220787
48,美味しい,encouraging,boss,やや,上司が家族と作ったお菓子を職場に持ってきましたが、焼きすぎでした。気にしている様子の上司を、大輔が励まします。「これ、やや美味しいですよ。香ばしくて私はこのくらいが好きです。」,-13.817775011062622,0.000113611517008394
48,美味しい,encouraging,boss,結構,上司が家族と作ったお菓子を職場に持ってきましたが、焼きすぎでした。気にしている様子の上司を、大輔が励まします。「これ、結構美味しいですよ。香ばしくて私はこのくらいが好きです。」,-8.307659149169922,0.028082460165023804
48,美味しい,encouraging,boss,若干,上司が家族と作ったお菓子を職場に持ってきましたが、焼きすぎでした。気にしている様子の上司を、大輔が励まします。「これ、若干美味しいですよ。香ばしくて私はこのくらいが好きです。」,-15.005111694335938,3.46552042174153e-05
48,美味しい,encouraging,boss,少し,上司が家族と作ったお菓子を職場に持ってきましたが、焼きすぎでした。気にしている様子の上司を、大輔が励まします。「これ、少し美味しいですよ。香ばしくて私はこのくらいが好きです。」,-11.076438903808594,0.001761851948685944
48,美味しい,encouraging,boss,少しも,上司が家族と作ったお菓子を職場に持ってきましたが、焼きすぎでした。気にしている様子の上司を、大輔が励まします。「これ、少しも美味しいですよ。香ばしくて私はこのくらいが好きです。」,-15.075574398040771,3.229733556509018e-05
48,美味しい,encouraging,boss,全然,上司が家族と作ったお菓子を職場に持ってきましたが、焼きすぎでした。気にしている様子の上司を、大輔が励まします。「これ、全然美味しいですよ。香ばしくて私はこのくらいが好きです。」,-10.759330749511719,0.0024192887358367443
48,美味しい,encouraging,boss,相当,上司が家族と作ったお菓子を職場に持ってきましたが、焼きすぎでした。気にしている様子の上司を、大輔が励まします。「これ、相当美味しいですよ。香ばしくて私はこのくらいが好きです。」,-8.85992431640625,0.016165511682629585
48,美味しい,encouraging,boss,超,上司が家族と作ったお菓子を職場に持ってきましたが、焼きすぎでした。気にしている様子の上司を、大輔が励まします。「これ、超美味しいですよ。香ばしくて私はこのくらいが好きです。」,-8.782100677490234,0.017473818734288216
48,美味しい,encouraging,boss,非常に,上司が家族と作ったお菓子を職場に持ってきましたが、焼きすぎでした。気にしている様子の上司を、大輔が励まします。「これ、非常に美味しいですよ。香ばしくて私はこのくらいが好きです。」,-9.369453430175781,0.00971189048141241
48,美味しい,encouraging,boss,微妙に,上司が家族と作ったお菓子を職場に持ってきましたが、焼きすぎでした。気にしている様子の上司を、大輔が励まします。「これ、微妙に美味しいですよ。香ばしくて私はこのくらいが好きです。」,-13.222980573773384,0.00020593882072716951
48,美味しい,encouraging,boss,普通に,上司が家族と作ったお菓子を職場に持ってきましたが、焼きすぎでした。気にしている様子の上司を、大輔が励まします。「これ、普通に美味しいですよ。香ばしくて私はこのくらいが好きです。」,-10.477912902832031,0.0032055748160928488
48,美味しい,encouraging,boss,本当に,上司が家族と作ったお菓子を職場に持ってきましたが、焼きすぎでした。気にしている様子の上司を、大輔が励まします。「これ、本当に美味しいですよ。香ばしくて私はこのくらいが好きです。」,-5.5516356229782104,0.44193756580352783
48,美味しい,encouraging,boss,全く,上司が家族と作ったお菓子を職場に持ってきましたが、焼きすぎでした。気にしている様子の上司を、大輔が励まします。「これ、全く美味しいですよ。香ばしくて私はこのくらいが好きです。」,-13.014892578125,0.0002535768726374954
49,美味しい,warning,stranger,あまり,新しく開いた店の前で、店員が試作の菓子を配って感想を聞いています。大輔は力になりたいと思い、遠慮がちに指摘します。「甘みが強くて、あまり美味しく感じない方もいるかもしれません。控えられてはいかがでしょうか？」,-4.480191886425018,0.6647724509239197
49,美味しい,warning,stranger,いまいち,新しく開いた店の前で、店員が試作の菓子を配って感想を聞いています。大輔は力になりたいと思い、遠慮がちに指摘します。「甘みが強くて、いまいち美味しく感じない方もいるかもしれません。控えられてはいかがでしょうか？」,-12.187431275844574,0.0002988555934280157
49,美味しい,warning,stranger,かなり,新しく開いた店の前で、店員が試作の菓子を配って感想を聞いています。大輔は力になりたいと思い、遠慮がちに指摘します。「甘みが強くて、かなり美味しく感じない方もいるかもしれません。控えられてはいかがでしょうか？」,-10.523366689682007,0.0015781758120283484
49,美味しい,warning,stranger,すごく,新しく開いた店の前で、店員が試作の菓子を配って感想を聞いています。大輔は力になりたいと思い、遠慮がちに指摘します。「甘みが強くて、すごく美味しく感じない方もいるかもしれません。控えられてはいかがでしょうか？」,-11.165143728256226,0.0008306826348416507
49,美味しい,warning,stranger,そこまで,新しく開いた店の前で、店員が試作の菓子を配って感想を聞いています。大輔は力になりたいと思い、遠慮がちに指摘します。「甘みが強くて、そこまで美味しく感じない方もいるかもしれません。控えられてはいかがでしょうか？」,-8.57153868675232,0.011112798936665058
49,美味しい,warning,stranger,それほど,新しく開いた店の前で、店員が試作の菓子を配って感想を聞いています。大輔は力になりたいと思い、遠慮がちに指摘します。「甘みが強くて、それほど美味しく感じない方もいるかもしれません。控えられてはいかがでしょうか？」,-8.089341878890991,0.017998607829213142
49,美味しい,warning,stranger,そんなに,新しく開いた店の前で、店員が試作の菓子を配って感想を聞いています。大輔は力になりたいと思い、遠慮がちに指摘します。「甘みが強くて、そんなに美味しく感じない方もいるかもしれません。控えられてはいかがでしょうか？」,-8.799237966537476,0.008849830366671085
49,美味しい,warning,stranger,たいして,新しく開いた店の前で、店員が試作の菓子を配って感想を聞いています。大輔は力になりたいと思い、遠慮がちに指摘します。「甘みが強くて、たいして美味しく感じない方もいるかもしれません。控えられてはいかがでしょうか？」,-14.25185513496399,3.792218922171742e-05
49,美味しい,warning,stranger,だいぶ,新しく開いた店の前で、店員が試作の菓子を配って感想を聞いています。大輔は力になりたいと思い、遠慮がちに指摘します。「甘みが強くて、だいぶ美味しく感じない方もいるかもしれません。控えられてはいかがでしょうか？」,-13.303740989649668,9.787104499991983e-05
49,美味しい,warning,stranger,ちっとも,新しく開いた店の前で、店員が試作の菓子を配って感想を聞いています。大輔は力になりたいと思い、遠慮がちに指摘します。「甘みが強くて、ちっとも美味しく感じない方もいるかもしれません。控えられてはいかがでしょうか？」,-17.3379325568676,1.7323167185168131e-06
49,美味しい,warning,stranger,ちょっと,新しく開いた店の前で、店員が試作の菓子を配って感想を聞いています。大輔は力になりたいと思い、遠慮がちに指摘します。「甘みが強くて、ちょっと美味しく感じない方もいるかもしれません。控えられてはいかがでしょうか？」,-8.08329176902771,0.018107831478118896
49,美味しい,warning,stranger,とても,新しく開いた店の前で、店員が試作の菓子を配って感想を聞いています。大輔は力になりたいと思い、遠慮がちに指摘します。「甘みが強くて、とても美味しく感じない方もいるかもしれません。控えられてはいかがでしょうか？」,-6.83286452293396,0.06322954595088959
49,美味しい,warning,stranger,なかなか,新しく開いた店の前で、店員が試作の菓子を配って感想を聞いています。大輔は力になりたいと思い、遠慮がちに指摘します。「甘みが強くて、なかなか美味しく感じない方もいるかもしれません。控えられてはいかがでしょうか？」,-5.7872560024261475,0.17989623546600342
49,美味しい,warning,stranger,（なし）,新しく開いた店の前で、店員が試作の菓子を配って感想を聞いています。大輔は力になりたいと思い、遠慮がちに指摘します。「甘みが強くて、（なし）美味しく感じない方もいるかもしれません。控えられてはいかがでしょうか？」,-27.27851438522339,8.346170976558653e-11
49,美味しい,warning,stranger,ひどく,新しく開いた店の前で、店員が試作の菓子を配って感想を聞いています。大輔は力になりたいと思い、遠慮がちに指摘します。「甘みが強くて、ひどく美味しく感じない方もいるかもしれません。控えられてはいかがでしょうか？」,-15.757930964231491,8.410336704400834e-06
49,美味しい,warning,stranger,まあまあ,新しく開いた店の前で、店員が試作の菓子を配って感想を聞いています。大輔は力になりたいと思い、遠慮がちに指摘します。「甘みが強くて、まあまあ美味しく感じない方もいるかもしれません。控えられてはいかがでしょうか？」,-14.453588128089905,3.0994313419796526e-05
49,美味しい,warning,stranger,マジで,新しく開いた店の前で、店員が試作の菓子を配って感想を聞いています。大輔は力になりたいと思い、遠慮がちに指摘します。「甘みが強くて、マジで美味しく感じない方もいるかもしれません。控えられてはいかがでしょうか？」,-16.392367839813232,4.459443061932689e-06
49,美味しい,warning,stranger,めっちゃ,新しく開いた店の前で、店員が試作の菓子を配って感想を聞いています。大輔は力になりたいと思い、遠慮がちに指摘します。「甘みが強くて、めっちゃ美味しく感じない方もいるかもしれません。控えられてはいかがでしょうか？」,-12.130634546279907,0.00031632097670808434
49,美味しい,warning,stranger,やや,新しく開いた店の前で、店員が試作の菓子を配って感想を聞いています。大輔は力になりたいと思い、遠慮がちに指摘します。「甘みが強くて、やや美味しく感じない方もいるかもしれません。控えられてはいかがでしょうか？」,-13.995235443115234,4.9016492994269356e-05
49,美味しい,warning,stranger,結構,新しく開いた店の前で、店員が試作の菓子を配って感想を聞いています。大輔は力になりたいと思い、遠慮がちに指摘します。「甘みが強くて、結構美味しく感じない方もいるかもしれません。控えられてはいかがでしょうか？」,-12.05880856513977,0.00033987691858783364
49,美味しい,warning,stranger,若干,新しく開いた店の前で、店員が試作の菓子を配って感想を聞いています。大輔は力になりたいと思い、遠慮がちに指摘します。「甘みが強くて、若干美味しく感じない方もいるかもしれません。控えられてはいかがでしょうか？」,-11.464872121810913,0.0006155520095489919
49,美味しい,warning,stranger,少し,新しく開いた店の前で、店員が試作の菓子を配って感想を聞いています。大輔は力になりたいと思い、遠慮がちに指摘します。「甘みが強くて、少し美味しく感じない方もいるかもしれません。控えられてはいかがでしょうか？」,-8.494722127914429,0.012000090442597866
49,美味しい,warning,stranger,少しも,新しく開いた店の前で、店員が試作の菓子を配って感想を聞いています。大輔は力になりたいと思い、遠慮がちに指摘します。「甘みが強くて、少しも美味しく感じない方もいるかもしれません。控えられてはいかがでしょうか？」,-11.292237401008606,0.0007315418915823102
49,美味しい,warning,stranger,全然,新しく開いた店の前で、店員が試作の菓子を配って感想を聞いています。大輔は力になりたいと思い、遠慮がちに指摘します。「甘みが強くて、全然美味しく感じない方もいるかもしれません。控えられてはいかがでしょうか？」,-8.986081838607788,0.007341583259403706
49,美味しい,warning,stranger,相当,新しく開いた店の前で、店員が試作の菓子を配って感想を聞いています。大輔は力になりたいと思い、遠慮がちに指摘します。「甘みが強くて、相当美味しく感じない方もいるかもしれません。控えられてはいかがでしょうか？」,-11.753262758255005,0.0004613372148014605
49,美味しい,warning,stranger,超,新しく開いた店の前で、店員が試作の菓子を配って感想を聞いています。大輔は力になりたいと思い、遠慮がちに指摘します。「甘みが強くて、超美味しく感じない方もいるかもしれません。控えられてはいかがでしょうか？」,-14.147305727005005,4.2101601138710976e-05
49,美味しい,warning,stranger,非常に,新しく開いた店の前で、店員が試作の菓子を配って感想を聞いています。大輔は力になりたいと思い、遠慮がちに指摘します。「甘みが強くて、非常に美味しく感じない方もいるかもしれません。控えられてはいかがでしょうか？」,-10.735170125961304,0.001276939525268972
49,美味しい,warning,stranger,微妙に,新しく開いた店の前で、店員が試作の菓子を配って感想を聞いています。大輔は力になりたいと思い、遠慮がちに指摘します。「甘みが強くて、微妙に美味しく感じない方もいるかもしれません。控えられてはいかがでしょうか？」,-12.842978060245514,0.00015515317500103265
49,美味しい,warning,stranger,普通に,新しく開いた店の前で、店員が試作の菓子を配って感想を聞いています。大輔は力になりたいと思い、遠慮がちに指摘します。「甘みが強くて、普通に美味しく感じない方もいるかもしれません。控えられてはいかがでしょうか？」,-12.221570253372192,0.00028882522019557655
49,美味しい,warning,stranger,本当に,新しく開いた店の前で、店員が試作の菓子を配って感想を聞いています。大輔は力になりたいと思い、遠慮がちに指摘します。「甘みが強くて、本当に美味しく感じない方もいるかもしれません。控えられてはいかがでしょうか？」,-9.805635213851929,0.0032349098473787308
49,美味しい,warning,stranger,全く,新しく開いた店の前で、店員が試作の菓子を配って感想を聞いています。大輔は力になりたいと思い、遠慮がちに指摘します。「甘みが強くて、全く美味しく感じない方もいるかもしれません。控えられてはいかがでしょうか？」,-9.140641927719116,0.0062902094796299934
50,美味しい,non-committal,stranger,あまり,相席になった客に、どのメニューがいいか聞かれます。自分の意見を押し付けたくない大輔は、慎重に答えます。「そちらは、あまり美味しくないかもしれませんけど、安くて量も多いですよ。」,-5.451015770435333,0.681276798248291
50,美味しい,non-committal,stranger,いまいち,相席になった客に、どのメニューがいいか聞かれます。自分の意見を押し付けたくない大輔は、慎重に答えます。「そちらは、いまいち美味しくないかもしれませんけど、安くて量も多いですよ。」,-12.995487809181213,0.00036041339626535773
50,美味しい,non-committal,stranger,かなり,相席になった客に、どのメニューがいいか聞かれます。自分の意見を押し付けたくない大輔は、慎重に答えます。「そちらは、かなり美味しくないかもしれませんけど、安くて量も多いですよ。」,-11.000538349151611,0.002649700967594981
50,美味しい,non-committal,stranger,すごく,相席になった客に、どのメニューがいいか聞かれます。自分の意見を押し付けたくない大輔は、慎重に答えます。「そちらは、すごく美味しくないかもしれませんけど、安くて量も多いですよ。」,-10.176872730255127,0.006038238760083914
50,美味しい,non-committal,stranger,そこまで,相席になった客に、どのメニューがいいか聞かれます。自分の意見を押し付けたくない大輔は、慎重に答えます。「そちらは、そこまで美味しくないかもしれませんけど、安くて量も多いですよ。」,-9.02246904373169,0.019154086709022522
50,美味しい,non-committal,stranger,それほど,相席になった客に、どのメニューがいいか聞かれます。自分の意見を押し付けたくない大輔は、慎重に答えます。「そちらは、それほど美味しくないかもしれませんけど、安くて量も多いですよ。」,-8.843056201934814,0.02291814424097538
50,美味しい,non-committal,stranger,そんなに,相席になった客に、どのメニューがいいか聞かれます。自分の意見を押し付けたくない大輔は、慎重に答えます。「そちらは、そんなに美味しくないかもしれませんけど、安くて量も多いですよ。」,-7.613937616348267,0.07833912968635559
50,美味しい,non-committal,stranger,たいして,相席になった客に、どのメニューがいいか聞かれます。自分の意見を押し付けたくない大輔は、慎重に答えます。「そちらは、たいして美味しくないかもしれませんけど、安くて量も多いですよ。」,-14.751976102590561,6.222540832823142e-05
50,美味しい,non-committal,stranger,だいぶ,相席になった客に、どのメニューがいいか聞かれます。自分の意見を押し付けたくない大輔は、慎重に答えます。「そちらは、だいぶ美味しくないかもしれませんけど、安くて量も多いですよ。」,-14.572700504679233,7.44433855288662e-05
50,美味しい,non-committal,stranger,ちっとも,相席になった客に、どのメニューがいいか聞かれます。自分の意見を押し付けたくない大輔は、慎重に答えます。「そちらは、ちっとも美味しくないかもしれませんけど、安くて量も多いですよ。」,-18.253213793039322,1.8767199208014063e-06
50,美味しい,non-committal,stranger,ちょっと,相席になった客に、どのメニューがいいか聞かれます。自分の意見を押し付けたくない大輔は、慎重に答えます。「そちらは、ちょっと美味しくないかもしれませんけど、安くて量も多いですよ。」,-8.103760004043579,0.04800114408135414
50,美味しい,non-committal,stranger,とても,相席になった客に、どのメニューがいいか聞かれます。自分の意見を押し付けたくない大輔は、慎重に答えます。「そちらは、とても美味しくないかもしれませんけど、安くて量も多いですよ。」,-8.157940149307251,0.04546963423490524
50,美味しい,non-committal,stranger,なかなか,相席になった客に、どのメニューがいいか聞かれます。自分の意見を押し付けたくない大輔は、慎重に答えます。「そちらは、なかなか美味しくないかもしれませんけど、安くて量も多いですよ。」,-7.999298334121704,0.05328668653964996
50,美味しい,non-committal,stranger,（なし）,相席になった客に、どのメニューがいいか聞かれます。自分の意見を押し付けたくない大輔は、慎重に答えます。「そちらは、（なし）美味しくないかもしれませんけど、安くて量も多いですよ。」,-29.134958267211914,3.527913378098546e-11
50,美味しい,non-committal,stranger,ひどく,相席になった客に、どのメニューがいいか聞かれます。自分の意見を押し付けたくない大輔は、慎重に答えます。「そちらは、ひどく美味しくないかもしれませんけど、安くて量も多いですよ。」,-18.77541196346283,1.113299163080228e-06
50,美味しい,non-committal,stranger,まあまあ,相席になった客に、どのメニューがいいか聞かれます。自分の意見を押し付けたくない大輔は、慎重に答えます。「そちらは、まあまあ美味しくないかもしれませんけど、安くて量も多いですよ。」,-14.859368324279785,5.588925341726281e-05
50,美味しい,non-committal,stranger,マジで,相席になった客に、どのメニューがいいか聞かれます。自分の意見を押し付けたくない大輔は、慎重に答えます。「そちらは、マジで美味しくないかもしれませんけど、安くて量も多いですよ。」,-15.80440679192543,2.172214590245858e-05
50,美味しい,non-committal,stranger,めっちゃ,相席になった客に、どのメニューがいいか聞かれます。自分の意見を押し付けたくない大輔は、慎重に答えます。「そちらは、めっちゃ美味しくないかもしれませんけど、安くて量も多いですよ。」,-13.8882643468678,0.00014759555051568896
50,美味しい,non-committal,stranger,やや,相席になった客に、どのメニューがいいか聞かれます。自分の意見を押し付けたくない大輔は、慎重に答えます。「そちらは、やや美味しくないかもしれませんけど、安くて量も多いですよ。」,-14.557153820991516,7.560978701803833e-05
50,美味しい,non-committal,stranger,結構,相席になった客に、どのメニューがいいか聞かれます。自分の意見を押し付けたくない大輔は、慎重に答えます。「そちらは、結構美味しくないかもしれませんけど、安くて量も多いですよ。」,-12.19221544265747,0.0008047445444390178
50,美味しい,non-committal,stranger,若干,相席になった客に、どのメニューがいいか聞かれます。自分の意見を押し付けたくない大輔は、慎重に答えます。「そちらは、若干美味しくないかもしれませんけど、安くて量も多いですよ。」,-11.081966876983643,0.002442490542307496
50,美味しい,non-committal,stranger,少し,相席になった客に、どのメニューがいいか聞かれます。自分の意見を押し付けたくない大輔は、慎重に答えます。「そちらは、少し美味しくないかもしれませんけど、安くて量も多いですよ。」,-9.645294666290283,0.01027476042509079
50,美味しい,non-committal,stranger,少しも,相席になった客に、どのメニューがいいか聞かれます。自分の意見を押し付けたくない大輔は、慎重に答えます。「そちらは、少しも美味しくないかもしれませんけど、安くて量も多いですよ。」,-15.189796209335327,4.01628713007085e-05
50,美味しい,non-committal,stranger,全然,相席になった客に、どのメニューがいいか聞かれます。自分の意見を押し付けたくない大輔は、慎重に答えます。「そちらは、全然美味しくないかもしれませんけど、安くて量も多いですよ。」,-9.105713367462158,0.017624178901314735
50,美味しい,non-committal,stranger,相当,相席になった客に、どのメニューがいいか聞かれます。自分の意見を押し付けたくない大輔は、慎重に答えます。「そちらは、相当美味しくないかもしれませんけど、安くて量も多いですよ。」,-11.621460437774658,0.001424078131094575
50,美味しい,non-committal,stranger,超,相席になった客に、どのメニューがいいか聞かれます。自分の意見を押し付けたくない大輔は、慎重に答えます。「そちらは、超美味しくないかもしれませんけど、安くて量も多いですよ。」,-13.768349170684814,0.0001663993753027171
50,美味しい,non-committal,stranger,非常に,相席になった客に、どのメニューがいいか聞かれます。自分の意見を押し付けたくない大輔は、慎重に答えます。「そちらは、非常に美味しくないかもしれませんけど、安くて量も多いですよ。」,-11.90525484085083,0.0010722189908847213
50,美味しい,non-committal,stranger,微妙に,相席になった客に、どのメニューがいいか聞かれます。自分の意見を押し付けたくない大輔は、慎重に答えます。「そちらは、微妙に美味しくないかもしれませんけど、安くて量も多いですよ。」,-13.720641568303108,0.00017453044711146504
50,美味しい,non-committal,stranger,普通に,相席になった客に、どのメニューがいいか聞かれます。自分の意見を押し付けたくない大輔は、慎重に答えます。「そちらは、普通に美味しくないかもしれませんけど、安くて量も多いですよ。」,-12.25681734085083,0.0007544002728536725
50,美味しい,non-committal,stranger,本当に,相席になった客に、どのメニューがいいか聞かれます。自分の意見を押し付けたくない大輔は、慎重に答えます。「そちらは、本当に美味しくないかもしれませんけど、安くて量も多いですよ。」,-10.261341571807861,0.0055491435341537
50,美味しい,non-committal,stranger,全く,相席になった客に、どのメニューがいいか聞かれます。自分の意見を押し付けたくない大輔は、慎重に答えます。「そちらは、全く美味しくないかもしれませんけど、安くて量も多いですよ。」,-11.422077655792236,0.0017382996156811714
51,美味しい,acknowledge,stranger,あまり,店員に絶対美味しいと勧められたメニューを、大輔は半信半疑で頼みました。しかし、一口食べると店員の言った通りに美味しいです。勧めてもらったことについて感謝します。「これ、あまり美味しいですね。勧めていただいてありがとうございます。」,-10.727196216583252,0.0007273253286257386
51,美味しい,acknowledge,stranger,いまいち,店員に絶対美味しいと勧められたメニューを、大輔は半信半疑で頼みました。しかし、一口食べると店員の言った通りに美味しいです。勧めてもらったことについて感謝します。「これ、いまいち美味しいですね。勧めていただいてありがとうございます。」,-12.932066559791565,8.019833330763504e-05
51,美味しい,acknowledge,stranger,かなり,店員に絶対美味しいと勧められたメニューを、大輔は半信半疑で頼みました。しかし、一口食べると店員の言った通りに美味しいです。勧めてもらったことについて感謝します。「これ、かなり美味しいですね。勧めていただいてありがとうございます。」,-6.601295709609985,0.045038554817438126
51,美味しい,acknowledge,stranger,すごく,店員に絶対美味しいと勧められたメニューを、大輔は半信半疑で頼みました。しかし、一口食べると店員の言った通りに美味しいです。勧めてもらったことについて感謝します。「これ、すごく美味しいですね。勧めていただいてありがとうございます。」,-6.444355249404907,0.05269177630543709
51,美味しい,acknowledge,stranger,そこまで,店員に絶対美味しいと勧められたメニューを、大輔は半信半疑で頼みました。しかし、一口食べると店員の言った通りに美味しいです。勧めてもらったことについて感謝します。「これ、そこまで美味しいですね。勧めていただいてありがとうございます。」,-13.981579303741455,2.8078124159947038e-05
51,美味しい,acknowledge,stranger,それほど,店員に絶対美味しいと勧められたメニューを、大輔は半信半疑で頼みました。しかし、一口食べると店員の言った通りに美味しいです。勧めてもらったことについて感謝します。「これ、それほど美味しいですね。勧めていただいてありがとうございます。」,-12.386200428009033,0.00013843068154528737
51,美味しい,acknowledge,stranger,そんなに,店員に絶対美味しいと勧められたメニューを、大輔は半信半疑で頼みました。しかし、一口食べると店員の言った通りに美味しいです。勧めてもらったことについて感謝します。「これ、そんなに美味しいですね。勧めていただいてありがとうございます。」,-12.161999225616455,0.00017322145868092775
51,美味しい,acknowledge,stranger,たいして,店員に絶対美味しいと勧められたメニューを、大輔は半信半疑で頼みました。しかし、一口食べると店員の言った通りに美味しいです。勧めてもらったことについて感謝します。「これ、たいして美味しいですね。勧めていただいてありがとうございます。」,-13.276198267936707,5.6847446103347465e-05
51,美味しい,acknowledge,stranger,だいぶ,店員に絶対美味しいと勧められたメニューを、大輔は半信半疑で頼みました。しかし、一口食べると店員の言った通りに美味しいです。勧めてもらったことについて感謝します。「これ、だいぶ美味しいですね。勧めていただいてありがとうございます。」,-10.174747026525438,0.0012637290637940168
51,美味しい,acknowledge,stranger,ちっとも,店員に絶対美味しいと勧められたメニューを、大輔は半信半疑で頼みました。しかし、一口食べると店員の言った通りに美味しいです。勧めてもらったことについて感謝します。「これ、ちっとも美味しいですね。勧めていただいてありがとうございます。」,-17.04739224910736,1.3088878176858998e-06
51,美味しい,acknowledge,stranger,ちょっと,店員に絶対美味しいと勧められたメニューを、大輔は半信半疑で頼みました。しかし、一口食べると店員の言った通りに美味しいです。勧めてもらったことについて感謝します。「これ、ちょっと美味しいですね。勧めていただいてありがとうございます。」,-8.258877277374268,0.008584322407841682
51,美味しい,acknowledge,stranger,とても,店員に絶対美味しいと勧められたメニューを、大輔は半信半疑で頼みました。しかし、一口食べると店員の言った通りに美味しいです。勧めてもらったことについて感謝します。「これ、とても美味しいですね。勧めていただいてありがとうございます。」,-5.178879022598267,0.18678076565265656
51,美味しい,acknowledge,stranger,なかなか,店員に絶対美味しいと勧められたメニューを、大輔は半信半疑で頼みました。しかし、一口食べると店員の言った通りに美味しいです。勧めてもらったことについて感謝します。「これ、なかなか美味しいですね。勧めていただいてありがとうございます。」,-6.62833046913147,0.043837256729602814
51,美味しい,acknowledge,stranger,（なし）,店員に絶対美味しいと勧められたメニューを、大輔は半信半疑で頼みました。しかし、一口食べると店員の言った通りに美味しいです。勧めてもらったことについて感謝します。「これ、（なし）美味しいですね。勧めていただいてありがとうございます。」,-27.41544771194458,4.1125689659304854e-11
51,美味しい,acknowledge,stranger,ひどく,店員に絶対美味しいと勧められたメニューを、大輔は半信半疑で頼みました。しかし、一口食べると店員の言った通りに美味しいです。勧めてもらったことについて感謝します。「これ、ひどく美味しいですね。勧めていただいてありがとうございます。」,-16.58802330493927,2.0720644897664897e-06
51,美味しい,acknowledge,stranger,まあまあ,店員に絶対美味しいと勧められたメニューを、大輔は半信半疑で頼みました。しかし、一口食べると店員の言った通りに美味しいです。勧めてもらったことについて感謝します。「これ、まあまあ美味しいですね。勧めていただいてありがとうございます。」,-10.963145136833191,0.0005744564696215093
51,美味しい,acknowledge,stranger,マジで,店員に絶対美味しいと勧められたメニューを、大輔は半信半疑で頼みました。しかし、一口食べると店員の言った通りに美味しいです。勧めてもらったことについて感謝します。「これ、マジで美味しいですね。勧めていただいてありがとうございます。」,-11.785291641950607,0.0002524663577787578
51,美味しい,acknowledge,stranger,めっちゃ,店員に絶対美味しいと勧められたメニューを、大輔は半信半疑で頼みました。しかし、一口食べると店員の言った通りに美味しいです。勧めてもらったことについて感謝します。「これ、めっちゃ美味しいですね。勧めていただいてありがとうございます。」,-12.012152628973126,0.00020122363639529794
51,美味しい,acknowledge,stranger,やや,店員に絶対美味しいと勧められたメニューを、大輔は半信半疑で頼みました。しかし、一口食べると店員の言った通りに美味しいです。勧めてもらったことについて感謝します。「これ、やや美味しいですね。勧めていただいてありがとうございます。」,-13.412417650222778,4.9608006520429626e-05
51,美味しい,acknowledge,stranger,結構,店員に絶対美味しいと勧められたメニューを、大輔は半信半疑で頼みました。しかし、一口食べると店員の言った通りに美味しいです。勧めてもらったことについて感謝します。「これ、結構美味しいですね。勧めていただいてありがとうございます。」,-8.567295551300049,0.006306111812591553
51,美味しい,acknowledge,stranger,若干,店員に絶対美味しいと勧められたメニューを、大輔は半信半疑で頼みました。しかし、一口食べると店員の言った通りに美味しいです。勧めてもらったことについて感謝します。「これ、若干美味しいですね。勧めていただいてありがとうございます。」,-14.248322010040283,2.1504196411115117e-05
51,美味しい,acknowledge,stranger,少し,店員に絶対美味しいと勧められたメニューを、大輔は半信半疑で頼みました。しかし、一口食べると店員の言った通りに美味しいです。勧めてもらったことについて感謝します。「これ、少し美味しいですね。勧めていただいてありがとうございます。」,-10.94056749343872,0.0005875742645002902
51,美味しい,acknowledge,stranger,少しも,店員に絶対美味しいと勧められたメニューを、大輔は半信半疑で頼みました。しかし、一口食べると店員の言った通りに美味しいです。勧めてもらったことについて感謝します。「これ、少しも美味しいですね。勧めていただいてありがとうございます。」,-14.775482892990112,1.2693455573753454e-05
51,美味しい,acknowledge,stranger,全然,店員に絶対美味しいと勧められたメニューを、大輔は半信半疑で頼みました。しかし、一口食べると店員の言った通りに美味しいです。勧めてもらったことについて感謝します。「これ、全然美味しいですね。勧めていただいてありがとうございます。」,-9.187530994415283,0.003391538979485631
51,美味しい,acknowledge,stranger,相当,店員に絶対美味しいと勧められたメニューを、大輔は半信半疑で頼みました。しかし、一口食べると店員の言った通りに美味しいです。勧めてもらったことについて感謝します。「これ、相当美味しいですね。勧めていただいてありがとうございます。」,-7.726986408233643,0.014611778780817986
51,美味しい,acknowledge,stranger,超,店員に絶対美味しいと勧められたメニューを、大輔は半信半疑で頼みました。しかし、一口食べると店員の言った通りに美味しいです。勧めてもらったことについて感謝します。「これ、超美味しいですね。勧めていただいてありがとうございます。」,-6.68457818031311,0.04143957793712616
51,美味しい,acknowledge,stranger,非常に,店員に絶対美味しいと勧められたメニューを、大輔は半信半疑で頼みました。しかし、一口食べると店員の言った通りに美味しいです。勧めてもらったことについて感謝します。「これ、非常に美味しいですね。勧めていただいてありがとうございます。」,-7.9641804695129395,0.011526328511536121
51,美味しい,acknowledge,stranger,微妙に,店員に絶対美味しいと勧められたメニューを、大輔は半信半疑で頼みました。しかし、一口食べると店員の言った通りに美味しいです。勧めてもらったことについて感謝します。「これ、微妙に美味しいですね。勧めていただいてありがとうございます。」,-12.833876922726631,8.847261051414534e-05
51,美味しい,acknowledge,stranger,普通に,店員に絶対美味しいと勧められたメニューを、大輔は半信半疑で頼みました。しかし、一口食べると店員の言った通りに美味しいです。勧めてもらったことについて感謝します。「これ、普通に美味しいですね。勧めていただいてありがとうございます。」,-9.564388751983643,0.0023266421630978584
51,美味しい,acknowledge,stranger,本当に,店員に絶対美味しいと勧められたメニューを、大輔は半信半疑で頼みました。しかし、一口食べると店員の言った通りに美味しいです。勧めてもらったことについて感謝します。「これ、本当に美味しいですね。勧めていただいてありがとうございます。」,-4.048649072647095,0.578342080116272
51,美味しい,acknowledge,stranger,全く,店員に絶対美味しいと勧められたメニューを、大輔は半信半疑で頼みました。しかし、一口食べると店員の言った通りに美味しいです。勧めてもらったことについて感謝します。「これ、全く美味しいですね。勧めていただいてありがとうございます。」,-10.554893970489502,0.0008640892920084298
52,美味しい,neutral-positive,stranger,あまり,店の前で、入るか迷っている客に、料理がどれくらい美味しかったか聞かれ、大輔は答えます。「料理、あまり美味しかったです。」,-8.654266357421875,0.0019117699703201652
52,美味しい,neutral-positive,stranger,いまいち,店の前で、入るか迷っている客に、料理がどれくらい美味しかったか聞かれ、大輔は答えます。「料理、いまいち美味しかったです。」,-12.298363447189331,4.9983227654593065e-05
52,美味しい,neutral-positive,stranger,かなり,店の前で、入るか迷っている客に、料理がどれくらい美味しかったか聞かれ、大輔は答えます。「料理、かなり美味しかったです。」,-5.111087799072266,0.06610260158777237
52,美味しい,neutral-positive,stranger,すごく,店の前で、入るか迷っている客に、料理がどれくらい美味しかったか聞かれ、大輔は答えます。「料理、すごく美味しかったです。」,-4.770790100097656,0.09289833903312683
52,美味しい,neutral-positive,stranger,そこまで,店の前で、入るか迷っている客に、料理がどれくらい美味しかったか聞かれ、大輔は答えます。「料理、そこまで美味しかったです。」,-12.42810869216919,4.390125832287595e-05
52,美味しい,neutral-positive,stranger,それほど,店の前で、入るか迷っている客に、料理がどれくらい美味しかったか聞かれ、大輔は答えます。「料理、それほど美味しかったです。」,-10.036411762237549,0.00047992978943511844
52,美味しい,neutral-positive,stranger,そんなに,店の前で、入るか迷っている客に、料理がどれくらい美味しかったか聞かれ、大輔は答えます。「料理、そんなに美味しかったです。」,-9.904556274414062,0.0005475725047290325
52,美味しい,neutral-positive,stranger,たいして,店の前で、入るか迷っている客に、料理がどれくらい美味しかったか聞かれ、大輔は答えます。「料理、たいして美味しかったです。」,-11.345500707626343,0.00012961262837052345
52,美味しい,neutral-positive,stranger,だいぶ,店の前で、入るか迷っている客に、料理がどれくらい美味しかったか聞かれ、大輔は答えます。「料理、だいぶ美味しかったです。」,-8.299338458571583,0.0027263332158327103
52,美味しい,neutral-positive,stranger,ちっとも,店の前で、入るか迷っている客に、料理がどれくらい美味しかったか聞かれ、大輔は答えます。「料理、ちっとも美味しかったです。」,-16.092434406280518,1.124813479691511e-06
52,美味しい,neutral-positive,stranger,ちょっと,店の前で、入るか迷っている客に、料理がどれくらい美味しかったか聞かれ、大輔は答えます。「料理、ちょっと美味しかったです。」,-7.805610656738281,0.004466857761144638
52,美味しい,neutral-positive,stranger,とても,店の前で、入るか迷っている客に、料理がどれくらい美味しかったか聞かれ、大輔は答えます。「料理、とても美味しかったです。」,-3.3729058504104614,0.3759251832962036
52,美味しい,neutral-positive,stranger,なかなか,店の前で、入るか迷っている客に、料理がどれくらい美味しかったか聞かれ、大輔は答えます。「料理、なかなか美味しかったです。」,-7.451557159423828,0.006364519242197275
52,美味しい,neutral-positive,stranger,（なし）,店の前で、入るか迷っている客に、料理がどれくらい美味しかったか聞かれ、大輔は答えます。「料理、（なし）美味しかったです。」,-27.84465265274048,8.854356484122583e-12
52,美味しい,neutral-positive,stranger,ひどく,店の前で、入るか迷っている客に、料理がどれくらい美味しかったか聞かれ、大輔は答えます。「料理、ひどく美味しかったです。」,-14.339768171310425,6.490131454484072e-06
52,美味しい,neutral-positive,stranger,まあまあ,店の前で、入るか迷っている客に、料理がどれくらい美味しかったか聞かれ、大輔は答えます。「料理、まあまあ美味しかったです。」,-7.929576575756073,0.003946067299693823
52,美味しい,neutral-positive,stranger,マジで,店の前で、入るか迷っている客に、料理がどれくらい美味しかったか聞かれ、大輔は答えます。「料理、マジで美味しかったです。」,-11.024962916970253,0.00017858912178780884
52,美味しい,neutral-positive,stranger,めっちゃ,店の前で、入るか迷っている客に、料理がどれくらい美味しかったか聞かれ、大輔は答えます。「料理、めっちゃ美味しかったです。」,-10.410091433674097,0.00033028627512976527
52,美味しい,neutral-positive,stranger,やや,店の前で、入るか迷っている客に、料理がどれくらい美味しかったか聞かれ、大輔は答えます。「料理、やや美味しかったです。」,-10.472419142723083,0.00031032878905534744
52,美味しい,neutral-positive,stranger,結構,店の前で、入るか迷っている客に、料理がどれくらい美味しかったか聞かれ、大輔は答えます。「料理、結構美味しかったです。」,-6.988273620605469,0.010115028358995914
52,美味しい,neutral-positive,stranger,若干,店の前で、入るか迷っている客に、料理がどれくらい美味しかったか聞かれ、大輔は答えます。「料理、若干美味しかったです。」,-12.06415605545044,6.31741713732481e-05
52,美味しい,neutral-positive,stranger,少し,店の前で、入るか迷っている客に、料理がどれくらい美味しかったか聞かれ、大輔は答えます。「料理、少し美味しかったです。」,-8.8511962890625,0.001570037566125393
52,美味しい,neutral-positive,stranger,少しも,店の前で、入るか迷っている客に、料理がどれくらい美味しかったか聞かれ、大輔は答えます。「料理、少しも美味しかったです。」,-12.232927083969116,5.336333197192289e-05
52,美味しい,neutral-positive,stranger,全然,店の前で、入るか迷っている客に、料理がどれくらい美味しかったか聞かれ、大輔は答えます。「料理、全然美味しかったです。」,-8.387550354003906,0.0024961400777101517
52,美味しい,neutral-positive,stranger,相当,店の前で、入るか迷っている客に、料理がどれくらい美味しかったか聞かれ、大輔は答えます。「料理、相当美味しかったです。」,-6.076930999755859,0.025162754580378532
52,美味しい,neutral-positive,stranger,超,店の前で、入るか迷っている客に、料理がどれくらい美味しかったか聞かれ、大輔は答えます。「料理、超美味しかったです。」,-8.077163696289062,0.0034046161454170942
52,美味しい,neutral-positive,stranger,非常に,店の前で、入るか迷っている客に、料理がどれくらい美味しかったか聞かれ、大輔は答えます。「料理、非常に美味しかったです。」,-5.830894470214844,0.03218181058764458
52,美味しい,neutral-positive,stranger,微妙に,店の前で、入るか迷っている客に、料理がどれくらい美味しかったか聞かれ、大輔は答えます。「料理、微妙に美味しかったです。」,-10.376534223556519,0.00034155772300437093
52,美味しい,neutral-positive,stranger,普通に,店の前で、入るか迷っている客に、料理がどれくらい美味しかったか聞かれ、大輔は答えます。「料理、普通に美味しかったです。」,-7.154727935791016,0.008564004674553871
52,美味しい,neutral-positive,stranger,本当に,店の前で、入るか迷っている客に、料理がどれくらい美味しかったか聞かれ、大輔は答えます。「料理、本当に美味しかったです。」,-3.4192315340042114,0.35890743136405945
52,美味しい,neutral-positive,stranger,全く,店の前で、入るか迷っている客に、料理がどれくらい美味しかったか聞かれ、大輔は答えます。「料理、全く美味しかったです。」,-9.62994384765625,0.0007206166628748178
53,美味しい,neutral-negative,stranger,あまり,店の前で、入るか迷っている客に、料理がどれくらい美味しかったか聞かれ、大輔は答えます。「料理、あまり美味しくなかったです。」,-3.680789589881897,0.40173155069351196
53,美味しい,neutral-negative,stranger,いまいち,店の前で、入るか迷っている客に、料理がどれくらい美味しかったか聞かれ、大輔は答えます。「料理、いまいち美味しくなかったです。」,-11.492238521575928,0.00016272958600893617
53,美味しい,neutral-negative,stranger,かなり,店の前で、入るか迷っている客に、料理がどれくらい美味しかったか聞かれ、大輔は答えます。「料理、かなり美味しくなかったです。」,-7.717040777206421,0.007096008863300085
53,美味しい,neutral-negative,stranger,すごく,店の前で、入るか迷っている客に、料理がどれくらい美味しかったか聞かれ、大輔は答えます。「料理、すごく美味しくなかったです。」,-7.0231359004974365,0.014202775433659554
53,美味しい,neutral-negative,stranger,そこまで,店の前で、入るか迷っている客に、料理がどれくらい美味しかったか聞かれ、大輔は答えます。「料理、そこまで美味しくなかったです。」,-8.690471410751343,0.002680764300748706
53,美味しい,neutral-negative,stranger,それほど,店の前で、入るか迷っている客に、料理がどれくらい美味しかったか聞かれ、大輔は答えます。「料理、それほど美味しくなかったです。」,-6.824458837509155,0.017324374988675117
53,美味しい,neutral-negative,stranger,そんなに,店の前で、入るか迷っている客に、料理がどれくらい美味しかったか聞かれ、大輔は答えます。「料理、そんなに美味しくなかったです。」,-5.477161169052124,0.06664714217185974
53,美味しい,neutral-negative,stranger,たいして,店の前で、入るか迷っている客に、料理がどれくらい美味しかったか聞かれ、大輔は答えます。「料理、たいして美味しくなかったです。」,-10.736336469650269,0.00034653785405680537
53,美味しい,neutral-negative,stranger,だいぶ,店の前で、入るか迷っている客に、料理がどれくらい美味しかったか聞かれ、大輔は答えます。「料理、だいぶ美味しくなかったです。」,-10.415013402234763,0.0004778589354828
53,美味しい,neutral-negative,stranger,ちっとも,店の前で、入るか迷っている客に、料理がどれくらい美味しかったか聞かれ、大輔は答えます。「料理、ちっとも美味しくなかったです。」,-14.888830572366714,5.449365289678099e-06
53,美味しい,neutral-negative,stranger,ちょっと,店の前で、入るか迷っている客に、料理がどれくらい美味しかったか聞かれ、大輔は答えます。「料理、ちょっと美味しくなかったです。」,-6.099647283554077,0.03576343506574631
53,美味しい,neutral-negative,stranger,とても,店の前で、入るか迷っている客に、料理がどれくらい美味しかったか聞かれ、大輔は答えます。「料理、とても美味しくなかったです。」,-4.732539892196655,0.14033514261245728
53,美味しい,neutral-negative,stranger,なかなか,店の前で、入るか迷っている客に、料理がどれくらい美味しかったか聞かれ、大輔は答えます。「料理、なかなか美味しくなかったです。」,-5.95970892906189,0.04113520681858063
53,美味しい,neutral-negative,stranger,（なし）,店の前で、入るか迷っている客に、料理がどれくらい美味しかったか聞かれ、大輔は答えます。「料理、（なし）美味しくなかったです。」,-29.147629737854004,3.498068805105059e-12
53,美味しい,neutral-negative,stranger,ひどく,店の前で、入るか迷っている客に、料理がどれくらい美味しかったか聞かれ、大輔は答えます。「料理、ひどく美味しくなかったです。」,-15.18470549583435,4.0536738197261e-06
53,美味しい,neutral-negative,stranger,まあまあ,店の前で、入るか迷っている客に、料理がどれくらい美味しかったか聞かれ、大輔は答えます。「料理、まあまあ美味しくなかったです。」,-10.406993508338928,0.0004817064618691802
53,美味しい,neutral-negative,stranger,マジで,店の前で、入るか迷っている客に、料理がどれくらい美味しかったか聞かれ、大輔は答えます。「料理、マジで美味しくなかったです。」,-11.817764237523079,0.00011751489364542067
53,美味しい,neutral-negative,stranger,めっちゃ,店の前で、入るか迷っている客に、料理がどれくらい美味しかったか聞かれ、大輔は答えます。「料理、めっちゃ美味しくなかったです。」,-10.905770990997553,0.00029252716922201216
53,美味しい,neutral-negative,stranger,やや,店の前で、入るか迷っている客に、料理がどれくらい美味しかったか聞かれ、大輔は答えます。「料理、やや美味しくなかったです。」,-12.447425365447998,6.26086475676857e-05
53,美味しい,neutral-negative,stranger,結構,店の前で、入るか迷っている客に、料理がどれくらい美味しかったか聞かれ、大輔は答えます。「料理、結構美味しくなかったです。」,-9.197223424911499,0.001615024171769619
53,美味しい,neutral-negative,stranger,若干,店の前で、入るか迷っている客に、料理がどれくらい美味しかったか聞かれ、大輔は答えます。「料理、若干美味しくなかったです。」,-10.976638078689575,0.0002725142694544047
53,美味しい,neutral-negative,stranger,少し,店の前で、入るか迷っている客に、料理がどれくらい美味しかったか聞かれ、大輔は答えます。「料理、少し美味しくなかったです。」,-7.963641881942749,0.005545192863792181
53,美味しい,neutral-negative,stranger,少しも,店の前で、入るか迷っている客に、料理がどれくらい美味しかったか聞かれ、大輔は答えます。「料理、少しも美味しくなかったです。」,-10.494101285934448,0.00044152175541967154
53,美味しい,neutral-negative,stranger,全然,店の前で、入るか迷っている客に、料理がどれくらい美味しかったか聞かれ、大輔は答えます。「料理、全然美味しくなかったです。」,-4.70455527305603,0.14431782066822052
53,美味しい,neutral-negative,stranger,相当,店の前で、入るか迷っている客に、料理がどれくらい美味しかったか聞かれ、大輔は答えます。「料理、相当美味しくなかったです。」,-7.887641668319702,0.005983057431876659
53,美味しい,neutral-negative,stranger,超,店の前で、入るか迷っている客に、料理がどれくらい美味しかったか聞かれ、大輔は答えます。「料理、超美味しくなかったです。」,-11.043856859207153,0.00025479827309027314
53,美味しい,neutral-negative,stranger,非常に,店の前で、入るか迷っている客に、料理がどれくらい美味しかったか聞かれ、大輔は答えます。「料理、非常に美味しくなかったです。」,-8.040000677108765,0.005137531086802483
53,美味しい,neutral-negative,stranger,微妙に,店の前で、入るか迷っている客に、料理がどれくらい美味しかったか聞かれ、大輔は答えます。「料理、微妙に美味しくなかったです。」,-11.052359342575073,0.0002526409225538373
53,美味しい,neutral-negative,stranger,普通に,店の前で、入るか迷っている客に、料理がどれくらい美味しかったか聞かれ、大輔は答えます。「料理、普通に美味しくなかったです。」,-9.425544500350952,0.001285347156226635
53,美味しい,neutral-negative,stranger,本当に,店の前で、入るか迷っている客に、料理がどれくらい美味しかったか聞かれ、大輔は答えます。「料理、本当に美味しくなかったです。」,-5.4794652462005615,0.06649376451969147
53,美味しい,neutral-negative,stranger,全く,店の前で、入るか迷っている客に、料理がどれくらい美味しかったか聞かれ、大輔は答えます。「料理、全く美味しくなかったです。」,-5.999427556991577,0.03953339532017708
54,美味しい,annoyed,stranger,あまり,大輔が注文した料理は、頼んでいないソースが大量にかかった状態で運ばれてきました。休憩時間も限られている中、苛立った大輔は店員を呼び止めて言います。「これ、頼んでいない味付けであまり美味しくなくなってしまったんですけど。作り直していただけますか？」,-7.513909816741943,0.021058151498436928
54,美味しい,annoyed,stranger,いまいち,大輔が注文した料理は、頼んでいないソースが大量にかかった状態で運ばれてきました。休憩時間も限られている中、苛立った大輔は店員を呼び止めて言います。「これ、頼んでいない味付けでいまいち美味しくなくなってしまったんですけど。作り直していただけますか？」,-11.285625040531158,0.00048460174002684653
54,美味しい,annoyed,stranger,かなり,大輔が注文した料理は、頼んでいないソースが大量にかかった状態で運ばれてきました。休憩時間も限られている中、苛立った大輔は店員を呼び止めて言います。「これ、頼んでいない味付けでかなり美味しくなくなってしまったんですけど。作り直していただけますか？」,-5.76281476020813,0.12131409347057343
54,美味しい,annoyed,stranger,すごく,大輔が注文した料理は、頼んでいないソースが大量にかかった状態で運ばれてきました。休憩時間も限られている中、苛立った大輔は店員を呼び止めて言います。「これ、頼んでいない味付けですごく美味しくなくなってしまったんですけど。作り直していただけますか？」,-7.051988124847412,0.0334218330681324
54,美味しい,annoyed,stranger,そこまで,大輔が注文した料理は、頼んでいないソースが大量にかかった状態で運ばれてきました。休憩時間も限られている中、苛立った大輔は店員を呼び止めて言います。「これ、頼んでいない味付けでそこまで美味しくなくなってしまったんですけど。作り直していただけますか？」,-12.5155348777771,0.00014165825268719345
54,美味しい,annoyed,stranger,それほど,大輔が注文した料理は、頼んでいないソースが大量にかかった状態で運ばれてきました。休憩時間も限られている中、苛立った大輔は店員を呼び止めて言います。「これ、頼んでいない味付けでそれほど美味しくなくなってしまったんですけど。作り直していただけますか？」,-12.841302394866943,0.00010227342863800004
54,美味しい,annoyed,stranger,そんなに,大輔が注文した料理は、頼んでいないソースが大量にかかった状態で運ばれてきました。休憩時間も限られている中、苛立った大輔は店員を呼び止めて言います。「これ、頼んでいない味付けでそんなに美味しくなくなってしまったんですけど。作り直していただけますか？」,-11.2672438621521,0.0004935915931127965
54,美味しい,annoyed,stranger,たいして,大輔が注文した料理は、頼んでいないソースが大量にかかった状態で運ばれてきました。休憩時間も限られている中、苛立った大輔は店員を呼び止めて言います。「これ、頼んでいない味付けでたいして美味しくなくなってしまったんですけど。作り直していただけますか？」,-16.541372656822205,2.5283843569923192e-06
54,美味しい,annoyed,stranger,だいぶ,大輔が注文した料理は、頼んでいないソースが大量にかかった状態で運ばれてきました。休憩時間も限られている中、苛立った大輔は店員を呼び止めて言います。「これ、頼んでいない味付けでだいぶ美味しくなくなってしまったんですけど。作り直していただけますか？」,-11.700802762905369,0.0003199452767148614
54,美味しい,annoyed,stranger,ちっとも,大輔が注文した料理は、頼んでいないソースが大量にかかった状態で運ばれてきました。休憩時間も限られている中、苛立った大輔は店員を呼び止めて言います。「これ、頼んでいない味付けでちっとも美味しくなくなってしまったんですけど。作り直していただけますか？」,-18.013856410980225,5.798974029858073e-07
54,美味しい,annoyed,stranger,ちょっと,大輔が注文した料理は、頼んでいないソースが大量にかかった状態で運ばれてきました。休憩時間も限られている中、苛立った大輔は店員を呼び止めて言います。「これ、頼んでいない味付けでちょっと美味しくなくなってしまったんですけど。作り直していただけますか？」,-4.369195222854614,0.4888240098953247
54,美味しい,annoyed,stranger,とても,大輔が注文した料理は、頼んでいないソースが大量にかかった状態で運ばれてきました。休憩時間も限られている中、苛立った大輔は店員を呼び止めて言います。「これ、頼んでいない味付けでとても美味しくなくなってしまったんですけど。作り直していただけますか？」,-6.088540315628052,0.08758917450904846
54,美味しい,annoyed,stranger,なかなか,大輔が注文した料理は、頼んでいないソースが大量にかかった状態で運ばれてきました。休憩時間も限られている中、苛立った大輔は店員を呼び止めて言います。「これ、頼んでいない味付けでなかなか美味しくなくなってしまったんですけど。作り直していただけますか？」,-7.575257778167725,0.01980510540306568
54,美味しい,annoyed,stranger,（なし）,大輔が注文した料理は、頼んでいないソースが大量にかかった状態で運ばれてきました。休憩時間も限られている中、苛立った大輔は店員を呼び止めて言います。「これ、頼んでいない味付けで（なし）美味しくなくなってしまったんですけど。作り直していただけますか？」,-29.11501979827881,8.753394710458995e-12
54,美味しい,annoyed,stranger,ひどく,大輔が注文した料理は、頼んでいないソースが大量にかかった状態で運ばれてきました。休憩時間も限られている中、苛立った大輔は店員を呼び止めて言います。「これ、頼んでいない味付けでひどく美味しくなくなってしまったんですけど。作り直していただけますか？」,-15.651110053062439,6.158560609037522e-06
54,美味しい,annoyed,stranger,まあまあ,大輔が注文した料理は、頼んでいないソースが大量にかかった状態で運ばれてきました。休憩時間も限られている中、苛立った大輔は店員を呼び止めて言います。「これ、頼んでいない味付けでまあまあ美味しくなくなってしまったんですけど。作り直していただけますか？」,-12.826563023030758,0.00010379210289102048
54,美味しい,annoyed,stranger,マジで,大輔が注文した料理は、頼んでいないソースが大量にかかった状態で運ばれてきました。休憩時間も限られている中、苛立った大輔は店員を呼び止めて言います。「これ、頼んでいない味付けでマジで美味しくなくなってしまったんですけど。作り直していただけますか？」,-13.411237090826035,5.78420476813335e-05
54,美味しい,annoyed,stranger,めっちゃ,大輔が注文した料理は、頼んでいないソースが大量にかかった状態で運ばれてきました。休憩時間も限られている中、苛立った大輔は店員を呼び止めて言います。「これ、頼んでいない味付けでめっちゃ美味しくなくなってしまったんですけど。作り直していただけますか？」,-13.597652342170477,4.8004767450038344e-05
54,美味しい,annoyed,stranger,やや,大輔が注文した料理は、頼んでいないソースが大量にかかった状態で運ばれてきました。休憩時間も限られている中、苛立った大輔は店員を呼び止めて言います。「これ、頼んでいない味付けでやや美味しくなくなってしまったんですけど。作り直していただけますか？」,-14.658788681030273,1.6612642866675742e-05
54,美味しい,annoyed,stranger,結構,大輔が注文した料理は、頼んでいないソースが大量にかかった状態で運ばれてきました。休憩時間も限られている中、苛立った大輔は店員を呼び止めて言います。「これ、頼んでいない味付けで結構美味しくなくなってしまったんですけど。作り直していただけますか？」,-7.418115139007568,0.0231751911342144
54,美味しい,annoyed,stranger,若干,大輔が注文した料理は、頼んでいないソースが大量にかかった状態で運ばれてきました。休憩時間も限られている中、苛立った大輔は店員を呼び止めて言います。「これ、頼んでいない味付けで若干美味しくなくなってしまったんですけど。作り直していただけますか？」,-8.587937831878662,0.007194085046648979
54,美味しい,annoyed,stranger,少し,大輔が注文した料理は、頼んでいないソースが大量にかかった状態で運ばれてきました。休憩時間も限られている中、苛立った大輔は店員を呼び止めて言います。「これ、頼んでいない味付けで少し美味しくなくなってしまったんですけど。作り直していただけますか？」,-5.769932985305786,0.1204536184668541
54,美味しい,annoyed,stranger,少しも,大輔が注文した料理は、頼んでいないソースが大量にかかった状態で運ばれてきました。休憩時間も限られている中、苛立った大輔は店員を呼び止めて言います。「これ、頼んでいない味付けで少しも美味しくなくなってしまったんですけど。作り直していただけますか？」,-15.320430755615234,8.572179467591923e-06
54,美味しい,annoyed,stranger,全然,大輔が注文した料理は、頼んでいないソースが大量にかかった状態で運ばれてきました。休憩時間も限られている中、苛立った大輔は店員を呼び止めて言います。「これ、頼んでいない味付けで全然美味しくなくなってしまったんですけど。作り直していただけますか？」,-7.419652462005615,0.02313959039747715
54,美味しい,annoyed,stranger,相当,大輔が注文した料理は、頼んでいないソースが大量にかかった状態で運ばれてきました。休憩時間も限られている中、苛立った大輔は店員を呼び止めて言います。「これ、頼んでいない味付けで相当美味しくなくなってしまったんですけど。作り直していただけますか？」,-8.839261531829834,0.005595347844064236
54,美味しい,annoyed,stranger,超,大輔が注文した料理は、頼んでいないソースが大量にかかった状態で運ばれてきました。休憩時間も限られている中、苛立った大輔は店員を呼び止めて言います。「これ、頼んでいない味付けで超美味しくなくなってしまったんですけど。作り直していただけますか？」,-10.207684993743896,0.0014240600867196918
54,美味しい,annoyed,stranger,非常に,大輔が注文した料理は、頼んでいないソースが大量にかかった状態で運ばれてきました。休憩時間も限られている中、苛立った大輔は店員を呼び止めて言います。「これ、頼んでいない味付けで非常に美味しくなくなってしまったんですけど。作り直していただけますか？」,-8.257699489593506,0.010009128600358963
54,美味しい,annoyed,stranger,微妙に,大輔が注文した料理は、頼んでいないソースが大量にかかった状態で運ばれてきました。休憩時間も限られている中、苛立った大輔は店員を呼び止めて言います。「これ、頼んでいない味付けで微妙に美味しくなくなってしまったんですけど。作り直していただけますか？」,-12.088653299957514,0.00021708723215851933
54,美味しい,annoyed,stranger,普通に,大輔が注文した料理は、頼んでいないソースが大量にかかった状態で運ばれてきました。休憩時間も限られている中、苛立った大輔は店員を呼び止めて言います。「これ、頼んでいない味付けで普通に美味しくなくなってしまったんですけど。作り直していただけますか？」,-10.226003170013428,0.0013982114614918828
54,美味しい,annoyed,stranger,本当に,大輔が注文した料理は、頼んでいないソースが大量にかかった状態で運ばれてきました。休憩時間も限られている中、苛立った大輔は店員を呼び止めて言います。「これ、頼んでいない味付けで本当に美味しくなくなってしまったんですけど。作り直していただけますか？」,-7.250993251800537,0.027390720322728157
54,美味しい,annoyed,stranger,全く,大輔が注文した料理は、頼んでいないソースが大量にかかった状態で運ばれてきました。休憩時間も限られている中、苛立った大輔は店員を呼び止めて言います。「これ、頼んでいない味付けで全く美味しくなくなってしまったんですけど。作り直していただけますか？」,-8.735921382904053,0.006204505451023579
55,美味しい,encouraging,stranger,あまり,店員が、注文した料理の味付けを間違えたことを何度も謝ってきます。大輔はその店員を励まします。「これもあまり美味しいですよ。気にしないでください。」,-10.909977436065674,0.0012292774626985192
55,美味しい,encouraging,stranger,いまいち,店員が、注文した料理の味付けを間違えたことを何度も謝ってきます。大輔はその店員を励まします。「これもいまいち美味しいですよ。気にしないでください。」,-12.864212274551392,0.0001741551823215559
55,美味しい,encouraging,stranger,かなり,店員が、注文した料理の味付けを間違えたことを何度も謝ってきます。大輔はその店員を励まします。「これもかなり美味しいですよ。気にしないでください。」,-6.503727436065674,0.10075341165065765
55,美味しい,encouraging,stranger,すごく,店員が、注文した料理の味付けを間違えたことを何度も謝ってきます。大輔はその店員を励まします。「これもすごく美味しいですよ。気にしないでください。」,-6.890011310577393,0.06846976280212402
55,美味しい,encouraging,stranger,そこまで,店員が、注文した料理の味付けを間違えたことを何度も謝ってきます。大輔はその店員を励まします。「これもそこまで美味しいですよ。気にしないでください。」,-13.716912269592285,7.4235831561964e-05
55,美味しい,encouraging,stranger,それほど,店員が、注文した料理の味付けを間違えたことを何度も謝ってきます。大輔はその店員を励まします。「これもそれほど美味しいですよ。気にしないでください。」,-12.092812538146973,0.00037666124990209937
55,美味しい,encouraging,stranger,そんなに,店員が、注文した料理の味付けを間違えたことを何度も謝ってきます。大輔はその店員を励まします。「これもそんなに美味しいですよ。気にしないでください。」,-12.120923042297363,0.0003662205417640507
55,美味しい,encouraging,stranger,たいして,店員が、注文した料理の味付けを間違えたことを何度も謝ってきます。大輔はその店員を励まします。「これもたいして美味しいですよ。気にしないでください。」,-13.90973961353302,6.121668411651626e-05
55,美味しい,encouraging,stranger,だいぶ,店員が、注文した料理の味付けを間違えたことを何度も謝ってきます。大輔はその店員を励まします。「これもだいぶ美味しいですよ。気にしないでください。」,-11.304674424114637,0.0008283904753625393
55,美味しい,encouraging,stranger,ちっとも,店員が、注文した料理の味付けを間違えたことを何度も謝ってきます。大輔はその店員を励まします。「これもちっとも美味しいですよ。気にしないでください。」,-15.204623699188232,1.676903775660321e-05
55,美味しい,encouraging,stranger,ちょっと,店員が、注文した料理の味付けを間違えたことを何度も謝ってきます。大輔はその店員を励まします。「これもちょっと美味しいですよ。気にしないでください。」,-7.804680347442627,0.027432354167103767
55,美味しい,encouraging,stranger,とても,店員が、注文した料理の味付けを間違えたことを何度も謝ってきます。大輔はその店員を励まします。「これもとても美味しいですよ。気にしないでください。」,-5.073254227638245,0.42121753096580505
55,美味しい,encouraging,stranger,なかなか,店員が、注文した料理の味付けを間違えたことを何度も謝ってきます。大輔はその店員を励まします。「これもなかなか美味しいですよ。気にしないでください。」,-8.171642780303955,0.019006123766303062
55,美味しい,encouraging,stranger,（なし）,店員が、注文した料理の味付けを間違えたことを何度も謝ってきます。大輔はその店員を励まします。「これも（なし）美味しいですよ。気にしないでください。」,-28.408069133758545,3.0926063793179637e-11
55,美味しい,encouraging,stranger,ひどく,店員が、注文した料理の味付けを間違えたことを何度も謝ってきます。大輔はその店員を励まします。「これもひどく美味しいですよ。気にしないでください。」,-14.725600183010101,2.707359817577526e-05
55,美味しい,encouraging,stranger,まあまあ,店員が、注文した料理の味付けを間違えたことを何度も謝ってきます。大輔はその店員を励まします。「これもまあまあ美味しいですよ。気にしないでください。」,-9.867254637181759,0.003487374633550644
55,美味しい,encouraging,stranger,マジで,店員が、注文した料理の味付けを間違えたことを何度も謝ってきます。大輔はその店員を励まします。「これもマジで美味しいですよ。気にしないでください。」,-11.149348348379135,0.0009675920009613037
55,美味しい,encouraging,stranger,めっちゃ,店員が、注文した料理の味付けを間違えたことを何度も謝ってきます。大輔はその店員を励まします。「これもめっちゃ美味しいですよ。気にしないでください。」,-11.383771196007729,0.0007653918000869453
55,美味しい,encouraging,stranger,やや,店員が、注文した料理の味付けを間違えたことを何度も謝ってきます。大輔はその店員を励まします。「これもやや美味しいですよ。気にしないでください。」,-13.0827317237854,0.00013996985217090696
55,美味しい,encouraging,stranger,結構,店員が、注文した料理の味付けを間違えたことを何度も謝ってきます。大輔はその店員を励まします。「これも結構美味しいですよ。気にしないでください。」,-7.710861682891846,0.030130615457892418
55,美味しい,encouraging,stranger,若干,店員が、注文した料理の味付けを間違えたことを何度も謝ってきます。大輔はその店員を励まします。「これも若干美味しいですよ。気にしないでください。」,-13.753060340881348,7.160027598729357e-05
55,美味しい,encouraging,stranger,少し,店員が、注文した料理の味付けを間違えたことを何度も謝ってきます。大輔はその店員を励まします。「これも少し美味しいですよ。気にしないでください。」,-8.859241962432861,0.009555931203067303
55,美味しい,encouraging,stranger,少しも,店員が、注文した料理の味付けを間違えたことを何度も謝ってきます。大輔はその店員を励まします。「これも少しも美味しいですよ。気にしないでください。」,-12.675877809524536,0.00021024662419222295
55,美味しい,encouraging,stranger,全然,店員が、注文した料理の味付けを間違えたことを何度も謝ってきます。大輔はその店員を励まします。「これも全然美味しいですよ。気にしないでください。」,-9.01068925857544,0.008212970569729805
55,美味しい,encouraging,stranger,相当,店員が、注文した料理の味付けを間違えたことを何度も謝ってきます。大輔はその店員を励まします。「これも相当美味しいですよ。気にしないでください。」,-7.670925617218018,0.0313582643866539
55,美味しい,encouraging,stranger,超,店員が、注文した料理の味付けを間違えたことを何度も謝ってきます。大輔はその店員を励まします。「これも超美味しいですよ。気にしないでください。」,-8.967525959014893,0.00857523176819086
55,美味しい,encouraging,stranger,非常に,店員が、注文した料理の味付けを間違えたことを何度も謝ってきます。大輔はその店員を励まします。「これも非常に美味しいですよ。気にしないでください。」,-7.070957660675049,0.0571366548538208
55,美味しい,encouraging,stranger,微妙に,店員が、注文した料理の味付けを間違えたことを何度も謝ってきます。大輔はその店員を励まします。「これも微妙に美味しいですよ。気にしないでください。」,-11.553203999996185,0.0006461006123572588
55,美味しい,encouraging,stranger,普通に,店員が、注文した料理の味付けを間違えたことを何度も謝ってきます。大輔はその店員を励まします。「これも普通に美味しいですよ。気にしないでください。」,-8.261528491973877,0.01737227290868759
55,美味しい,encouraging,stranger,本当に,店員が、注文した料理の味付けを間違えたことを何度も謝ってきます。大輔はその店員を励まします。「これも本当に美味しいですよ。気にしないでください。」,-5.874176502227783,0.18909074366092682
55,美味しい,encouraging,stranger,全く,店員が、注文した料理の味付けを間違えたことを何度も謝ってきます。大輔はその店員を励まします。「これも全く美味しいですよ。気にしないでください。」,-10.307350635528564,0.002245781011879444
56,綺麗,warning,friend,あまり,友人が部室の飾り付けを終えて大輔に見せてきます。大輔は力になりたいと思い、遠慮がちに指摘します。「そこの配色だけ、あまり綺麗じゃない気がするから、色を変えたらどう？」,-5.858374357223511,0.11407396197319031
56,綺麗,warning,friend,いまいち,友人が部室の飾り付けを終えて大輔に見せてきます。大輔は力になりたいと思い、遠慮がちに指摘します。「そこの配色だけ、いまいち綺麗じゃない気がするから、色を変えたらどう？」,-10.912380933761597,0.0007282145088538527
56,綺麗,warning,friend,かなり,友人が部室の飾り付けを終えて大輔に見せてきます。大輔は力になりたいと思い、遠慮がちに指摘します。「そこの配色だけ、かなり綺麗じゃない気がするから、色を変えたらどう？」,-9.019964933395386,0.0048319804482162
56,綺麗,warning,friend,すごく,友人が部室の飾り付けを終えて大輔に見せてきます。大輔は力になりたいと思い、遠慮がちに指摘します。「そこの配色だけ、すごく綺麗じゃない気がするから、色を変えたらどう？」,-7.342417478561401,0.02586275525391102
56,綺麗,warning,friend,そこまで,友人が部室の飾り付けを終えて大輔に見せてきます。大輔は力になりたいと思い、遠慮がちに指摘します。「そこの配色だけ、そこまで綺麗じゃない気がするから、色を変えたらどう？」,-9.132941007614136,0.004315790254622698
56,綺麗,warning,friend,それほど,友人が部室の飾り付けを終えて大輔に見せてきます。大輔は力になりたいと思い、遠慮がちに指摘します。「そこの配色だけ、それほど綺麗じゃない気がするから、色を変えたらどう？」,-8.942423582077026,0.005221568048000336
56,綺麗,warning,friend,そんなに,友人が部室の飾り付けを終えて大輔に見せてきます。大輔は力になりたいと思い、遠慮がちに指摘します。「そこの配色だけ、そんなに綺麗じゃない気がするから、色を変えたらどう？」,-6.609949827194214,0.05379989370703697
56,綺麗,warning,friend,たいして,友人が部室の飾り付けを終えて大輔に見せてきます。大輔は力になりたいと思い、遠慮がちに指摘します。「そこの配色だけ、たいして綺麗じゃない気がするから、色を変えたらどう？」,-13.328100085258484,6.503181793959811e-05
56,綺麗,warning,friend,だいぶ,友人が部室の飾り付けを終えて大輔に見せてきます。大輔は力になりたいと思い、遠慮がちに指摘します。「そこの配色だけ、だいぶ綺麗じゃない気がするから、色を変えたらどう？」,-11.702886013314128,0.0003303296980448067
56,綺麗,warning,friend,ちっとも,友人が部室の飾り付けを終えて大輔に見せてきます。大輔は力になりたいと思い、遠慮がちに指摘します。「そこの配色だけ、ちっとも綺麗じゃない気がするから、色を変えたらどう？」,-17.416342675685883,1.0904986993409693e-06
56,綺麗,warning,friend,ちょっと,友人が部室の飾り付けを終えて大輔に見せてきます。大輔は力になりたいと思い、遠慮がちに指摘します。「そこの配色だけ、ちょっと綺麗じゃない気がするから、色を変えたらどう？」,-4.708658933639526,0.3601650595664978
56,綺麗,warning,friend,とても,友人が部室の飾り付けを終えて大輔に見せてきます。大輔は力になりたいと思い、遠慮がちに指摘します。「そこの配色だけ、とても綺麗じゃない気がするから、色を変えたらどう？」,-6.387919187545776,0.06717506796121597
56,綺麗,warning,friend,なかなか,友人が部室の飾り付けを終えて大輔に見せてきます。大輔は力になりたいと思い、遠慮がちに指摘します。「そこの配色だけ、なかなか綺麗じゃない気がするから、色を変えたらどう？」,-6.686503171920776,0.04983503371477127
56,綺麗,warning,friend,（なし）,友人が部室の飾り付けを終えて大輔に見せてきます。大輔は力になりたいと思い、遠慮がちに指摘します。「そこの配色だけ、（なし）綺麗じゃない気がするから、色を変えたらどう？」,-30.41464614868164,2.4690716051573025e-12
56,綺麗,warning,friend,ひどく,友人が部室の飾り付けを終えて大輔に見せてきます。大輔は力になりたいと思い、遠慮がちに指摘します。「そこの配色だけ、ひどく綺麗じゃない気がするから、色を変えたらどう？」,-15.989607393741608,4.542007445706986e-06
56,綺麗,warning,friend,まあまあ,友人が部室の飾り付けを終えて大輔に見せてきます。大輔は力になりたいと思い、遠慮がちに指摘します。「そこの配色だけ、まあまあ綺麗じゃない気がするから、色を変えたらどう？」,-13.742457628250122,4.297074337955564e-05
56,綺麗,warning,friend,マジで,友人が部室の飾り付けを終えて大輔に見せてきます。大輔は力になりたいと思い、遠慮がちに指摘します。「そこの配色だけ、マジで綺麗じゃない気がするから、色を変えたらどう？」,-13.145706564188004,7.804384222254157e-05
56,綺麗,warning,friend,めっちゃ,友人が部室の飾り付けを終えて大輔に見せてきます。大輔は力になりたいと思い、遠慮がちに指摘します。「そこの配色だけ、めっちゃ綺麗じゃない気がするから、色を変えたらどう？」,-12.166450921446085,0.0002077896788250655
56,綺麗,warning,friend,やや,友人が部室の飾り付けを終えて大輔に見せてきます。大輔は力になりたいと思い、遠慮がちに指摘します。「そこの配色だけ、やや綺麗じゃない気がするから、色を変えたらどう？」,-14.95625615119934,1.2765177416440565e-05
56,綺麗,warning,friend,結構,友人が部室の飾り付けを終えて大輔に見せてきます。大輔は力になりたいと思い、遠慮がちに指摘します。「そこの配色だけ、結構綺麗じゃない気がするから、色を変えたらどう？」,-9.109263181686401,0.004419197794049978
56,綺麗,warning,friend,若干,友人が部室の飾り付けを終えて大輔に見せてきます。大輔は力になりたいと思い、遠慮がちに指摘します。「そこの配色だけ、若干綺麗じゃない気がするから、色を変えたらどう？」,-10.815637826919556,0.0008021850371733308
56,綺麗,warning,friend,少し,友人が部室の飾り付けを終えて大輔に見せてきます。大輔は力になりたいと思い、遠慮がちに指摘します。「そこの配色だけ、少し綺麗じゃない気がするから、色を変えたらどう？」,-7.829859495162964,0.01588478684425354
56,綺麗,warning,friend,少しも,友人が部室の飾り付けを終えて大輔に見せてきます。大輔は力になりたいと思い、遠慮がちに指摘します。「そこの配色だけ、少しも綺麗じゃない気がするから、色を変えたらどう？」,-11.843675971031189,0.00028694808133877814
56,綺麗,warning,friend,全然,友人が部室の飾り付けを終えて大輔に見せてきます。大輔は力になりたいと思い、遠慮がちに指摘します。「そこの配色だけ、全然綺麗じゃない気がするから、色を変えたらどう？」,-5.145373106002808,0.23272283375263214
56,綺麗,warning,friend,相当,友人が部室の飾り付けを終えて大輔に見せてきます。大輔は力になりたいと思い、遠慮がちに指摘します。「そこの配色だけ、相当綺麗じゃない気がするから、色を変えたらどう？」,-9.86709475517273,0.002071196911856532
56,綺麗,warning,friend,超,友人が部室の飾り付けを終えて大輔に見せてきます。大輔は力になりたいと思い、遠慮がちに指摘します。「そこの配色だけ、超綺麗じゃない気がするから、色を変えたらどう？」,-10.723715543746948,0.0008794186869636178
56,綺麗,warning,friend,非常に,友人が部室の飾り付けを終えて大輔に見せてきます。大輔は力になりたいと思い、遠慮がちに指摘します。「そこの配色だけ、非常に綺麗じゃない気がするから、色を変えたらどう？」,-10.17275881767273,0.001525714062154293
56,綺麗,warning,friend,微妙に,友人が部室の飾り付けを終えて大輔に見せてきます。大輔は力になりたいと思い、遠慮がちに指摘します。「そこの配色だけ、微妙に綺麗じゃない気がするから、色を変えたらどう？」,-10.30700558423996,0.001334044965915382
56,綺麗,warning,friend,普通に,友人が部室の飾り付けを終えて大輔に見せてきます。大輔は力になりたいと思い、遠慮がちに指摘します。「そこの配色だけ、普通に綺麗じゃない気がするから、色を変えたらどう？」,-10.34375262260437,0.0012859127018600702
56,綺麗,warning,friend,本当に,友人が部室の飾り付けを終えて大輔に見せてきます。大輔は力になりたいと思い、遠慮がちに指摘します。「そこの配色だけ、本当に綺麗じゃない気がするから、色を変えたらどう？」,-6.9627673625946045,0.037805479019880295
56,綺麗,warning,friend,全く,友人が部室の飾り付けを終えて大輔に見せてきます。大輔は力になりたいと思い、遠慮がちに指摘します。「そこの配色だけ、全く綺麗じゃない気がするから、色を変えたらどう？」,-7.939841032028198,0.0142303965985775
57,綺麗,non-committal,friend,あまり,友人にデートで行く場所について相談されます。自分の意見を押し付けたくない大輔は、慎重に答えます。「そこ、景色はあまり綺麗じゃないかもしれないけど、料理は美味しいよ。」,-8.636412382125854,0.30086058378219604
57,綺麗,non-committal,friend,いまいち,友人にデートで行く場所について相談されます。自分の意見を押し付けたくない大輔は、慎重に答えます。「そこ、景色はいまいち綺麗じゃないかもしれないけど、料理は美味しいよ。」,-13.975504279136658,0.0014442001702263951
57,綺麗,non-committal,friend,かなり,友人にデートで行く場所について相談されます。自分の意見を押し付けたくない大輔は、慎重に答えます。「そこ、景色はかなり綺麗じゃないかもしれないけど、料理は美味しいよ。」,-13.856577396392822,0.0016265849117189646
57,綺麗,non-committal,friend,すごく,友人にデートで行く場所について相談されます。自分の意見を押し付けたくない大輔は、慎重に答えます。「そこ、景色はすごく綺麗じゃないかもしれないけど、料理は美味しいよ。」,-11.389414310455322,0.019175738096237183
57,綺麗,non-committal,friend,そこまで,友人にデートで行く場所について相談されます。自分の意見を押し付けたくない大輔は、慎重に答えます。「そこ、景色はそこまで綺麗じゃないかもしれないけど、料理は美味しいよ。」,-9.95278811454773,0.08066229522228241
57,綺麗,non-committal,friend,それほど,友人にデートで行く場所について相談されます。自分の意見を押し付けたくない大輔は、慎重に答えます。「そこ、景色はそれほど綺麗じゃないかもしれないけど、料理は美味しいよ。」,-10.409044981002808,0.051111746579408646
57,綺麗,non-committal,friend,そんなに,友人にデートで行く場所について相談されます。自分の意見を押し付けたくない大輔は、慎重に答えます。「そこ、景色はそんなに綺麗じゃないかもしれないけど、料理は美味しいよ。」,-8.833666563034058,0.24700109660625458
57,綺麗,non-committal,friend,たいして,友人にデートで行く場所について相談されます。自分の意見を押し付けたくない大輔は、慎重に答えます。「そこ、景色はたいして綺麗じゃないかもしれないけど、料理は美味しいよ。」,-13.87708443403244,0.0015935668488964438
57,綺麗,non-committal,friend,だいぶ,友人にデートで行く場所について相談されます。自分の意見を押し付けたくない大輔は、慎重に答えます。「そこ、景色はだいぶ綺麗じゃないかもしれないけど、料理は美味しいよ。」,-11.943339073099196,0.011020093224942684
57,綺麗,non-committal,friend,ちっとも,友人にデートで行く場所について相談されます。自分の意見を押し付けたくない大輔は、慎重に答えます。「そこ、景色はちっとも綺麗じゃないかもしれないけど、料理は美味しいよ。」,-15.913063704967499,0.00020804426458198577
57,綺麗,non-committal,friend,ちょっと,友人にデートで行く場所について相談されます。自分の意見を押し付けたくない大輔は、慎重に答えます。「そこ、景色はちょっと綺麗じゃないかもしれないけど、料理は美味しいよ。」,-10.62332034111023,0.041253626346588135
57,綺麗,non-committal,friend,とても,友人にデートで行く場所について相談されます。自分の意見を押し付けたくない大輔は、慎重に答えます。「そこ、景色はとても綺麗じゃないかもしれないけど、料理は美味しいよ。」,-10.439348936080933,0.04958609491586685
57,綺麗,non-committal,friend,なかなか,友人にデートで行く場所について相談されます。自分の意見を押し付けたくない大輔は、慎重に答えます。「そこ、景色はなかなか綺麗じゃないかもしれないけど、料理は美味しいよ。」,-11.275316715240479,0.021493343636393547
57,綺麗,non-committal,friend,（なし）,友人にデートで行く場所について相談されます。自分の意見を押し付けたくない大輔は、慎重に答えます。「そこ、景色は（なし）綺麗じゃないかもしれないけど、料理は美味しいよ。」,-29.346734523773193,3.0477978474330314e-10
57,綺麗,non-committal,friend,ひどく,友人にデートで行く場所について相談されます。自分の意見を押し付けたくない大輔は、慎重に答えます。「そこ、景色はひどく綺麗じゃないかもしれないけど、料理は美味しいよ。」,-15.185713529586792,0.0004305662296246737
57,綺麗,non-committal,friend,まあまあ,友人にデートで行く場所について相談されます。自分の意見を押し付けたくない大輔は、慎重に答えます。「そこ、景色はまあまあ綺麗じゃないかもしれないけど、料理は美味しいよ。」,-12.75763463973999,0.004881362896412611
57,綺麗,non-committal,friend,マジで,友人にデートで行く場所について相談されます。自分の意見を押し付けたくない大輔は、慎重に答えます。「そこ、景色はマジで綺麗じゃないかもしれないけど、料理は美味しいよ。」,-13.84050914645195,0.0016529310960322618
57,綺麗,non-committal,friend,めっちゃ,友人にデートで行く場所について相談されます。自分の意見を押し付けたくない大輔は、慎重に答えます。「そこ、景色はめっちゃ綺麗じゃないかもしれないけど、料理は美味しいよ。」,-13.013050250709057,0.003781079314649105
57,綺麗,non-committal,friend,やや,友人にデートで行く場所について相談されます。自分の意見を押し付けたくない大輔は、慎重に答えます。「そこ、景色はやや綺麗じゃないかもしれないけど、料理は美味しいよ。」,-12.829676151275635,0.004542074631899595
57,綺麗,non-committal,friend,結構,友人にデートで行く場所について相談されます。自分の意見を押し付けたくない大輔は、慎重に答えます。「そこ、景色は結構綺麗じゃないかもしれないけど、料理は美味しいよ。」,-14.80190134048462,0.000632015522569418
57,綺麗,non-committal,friend,若干,友人にデートで行く場所について相談されます。自分の意見を押し付けたくない大輔は、慎重に答えます。「そこ、景色は若干綺麗じゃないかもしれないけど、料理は美味しいよ。」,-13.349234104156494,0.0027015507221221924
57,綺麗,non-committal,friend,少し,友人にデートで行く場所について相談されます。自分の意見を押し付けたくない大輔は、慎重に答えます。「そこ、景色は少し綺麗じゃないかもしれないけど、料理は美味しいよ。」,-12.406885623931885,0.006932180840522051
57,綺麗,non-committal,friend,少しも,友人にデートで行く場所について相談されます。自分の意見を押し付けたくない大輔は、慎重に答えます。「そこ、景色は少しも綺麗じゃないかもしれないけど、料理は美味しいよ。」,-15.155641078948975,0.00044371094554662704
57,綺麗,non-committal,friend,全然,友人にデートで行く場所について相談されます。自分の意見を押し付けたくない大輔は、慎重に答えます。「そこ、景色は全然綺麗じゃないかもしれないけど、料理は美味しいよ。」,-9.503775358200073,0.1263788342475891
57,綺麗,non-committal,friend,相当,友人にデートで行く場所について相談されます。自分の意見を押し付けたくない大輔は、慎重に答えます。「そこ、景色は相当綺麗じゃないかもしれないけど、料理は美味しいよ。」,-13.471323490142822,0.0023910594172775745
57,綺麗,non-committal,friend,超,友人にデートで行く場所について相談されます。自分の意見を押し付けたくない大輔は、慎重に答えます。「そこ、景色は超綺麗じゃないかもしれないけど、料理は美味しいよ。」,-15.41912317276001,0.00034093510475941
57,綺麗,non-committal,friend,非常に,友人にデートで行く場所について相談されます。自分の意見を押し付けたくない大輔は、慎重に答えます。「そこ、景色は非常に綺麗じゃないかもしれないけど、料理は美味しいよ。」,-14.772860050201416,0.0006506392383016646
57,綺麗,non-committal,friend,微妙に,友人にデートで行く場所について相談されます。自分の意見を押し付けたくない大輔は、慎重に答えます。「そこ、景色は微妙に綺麗じゃないかもしれないけど、料理は美味しいよ。」,-13.00638461112976,0.0038063651882112026
57,綺麗,non-committal,friend,普通に,友人にデートで行く場所について相談されます。自分の意見を押し付けたくない大輔は、慎重に答えます。「そこ、景色は普通に綺麗じゃないかもしれないけど、料理は美味しいよ。」,-14.283533573150635,0.0010613339254632592
57,綺麗,non-committal,friend,本当に,友人にデートで行く場所について相談されます。自分の意見を押し付けたくない大輔は、慎重に答えます。「そこ、景色は本当に綺麗じゃないかもしれないけど、料理は美味しいよ。」,-11.99169397354126,0.010499903932213783
57,綺麗,non-committal,friend,全く,友人にデートで行く場所について相談されます。自分の意見を押し付けたくない大輔は、慎重に答えます。「そこ、景色は全く綺麗じゃないかもしれないけど、料理は美味しいよ。」,-13.73522424697876,0.0018364527495577931
58,綺麗,acknowledge,friend,あまり,古いからと大輔が敬遠していた庭園に、友人が絶対綺麗だと言って連れて行きます。大輔は半信半疑でした。しかし、友人の言った通りに綺麗です。連れてきてもらったことについて感謝します。「景色、あまり綺麗だね。連れてきてくれてありがとう。」,-10.833461284637451,0.002487779362127185
58,綺麗,acknowledge,friend,いまいち,古いからと大輔が敬遠していた庭園に、友人が絶対綺麗だと言って連れて行きます。大輔は半信半疑でした。しかし、友人の言った通りに綺麗です。連れてきてもらったことについて感謝します。「景色、いまいち綺麗だね。連れてきてくれてありがとう。」,-16.208824396133423,1.1516534868860617e-05
58,綺麗,acknowledge,friend,かなり,古いからと大輔が敬遠していた庭園に、友人が絶対綺麗だと言って連れて行きます。大輔は半信半疑でした。しかし、友人の言った通りに綺麗です。連れてきてもらったことについて感謝します。「景色、かなり綺麗だね。連れてきてくれてありがとう。」,-9.25474500656128,0.012062564492225647
58,綺麗,acknowledge,friend,すごく,古いからと大輔が敬遠していた庭園に、友人が絶対綺麗だと言って連れて行きます。大輔は半信半疑でした。しかし、友人の言った通りに綺麗です。連れてきてもらったことについて感謝します。「景色、すごく綺麗だね。連れてきてくれてありがとう。」,-7.5566630363464355,0.06590334326028824
58,綺麗,acknowledge,friend,そこまで,古いからと大輔が敬遠していた庭園に、友人が絶対綺麗だと言って連れて行きます。大輔は半信半疑でした。しかし、友人の言った通りに綺麗です。連れてきてもらったことについて感謝します。「景色、そこまで綺麗だね。連れてきてくれてありがとう。」,-13.010432720184326,0.0002820753725245595
58,綺麗,acknowledge,friend,それほど,古いからと大輔が敬遠していた庭園に、友人が絶対綺麗だと言って連れて行きます。大輔は半信半疑でした。しかし、友人の言った通りに綺麗です。連れてきてもらったことについて感謝します。「景色、それほど綺麗だね。連れてきてくれてありがとう。」,-12.129283428192139,0.0006808374309912324
58,綺麗,acknowledge,friend,そんなに,古いからと大輔が敬遠していた庭園に、友人が絶対綺麗だと言って連れて行きます。大輔は半信半疑でした。しかし、友人の言った通りに綺麗です。連れてきてもらったことについて感謝します。「景色、そんなに綺麗だね。連れてきてくれてありがとう。」,-11.424388408660889,0.0013777660205960274
58,綺麗,acknowledge,friend,たいして,古いからと大輔が敬遠していた庭園に、友人が絶対綺麗だと言って連れて行きます。大輔は半信半疑でした。しかし、友人の言った通りに綺麗です。連れてきてもらったことについて感謝します。「景色、たいして綺麗だね。連れてきてくれてありがとう。」,-15.361559629440308,2.68709882220719e-05
58,綺麗,acknowledge,friend,だいぶ,古いからと大輔が敬遠していた庭園に、友人が絶対綺麗だと言って連れて行きます。大輔は半信半疑でした。しかし、友人の言った通りに綺麗です。連れてきてもらったことについて感謝します。「景色、だいぶ綺麗だね。連れてきてくれてありがとう。」,-10.90772204240784,0.0023097279481589794
58,綺麗,acknowledge,friend,ちっとも,古いからと大輔が敬遠していた庭園に、友人が絶対綺麗だと言って連れて行きます。大輔は半信半疑でした。しかし、友人の言った通りに綺麗です。連れてきてもらったことについて感謝します。「景色、ちっとも綺麗だね。連れてきてくれてありがとう。」,-20.53337025642395,1.5247371720761294e-07
58,綺麗,acknowledge,friend,ちょっと,古いからと大輔が敬遠していた庭園に、友人が絶対綺麗だと言って連れて行きます。大輔は半信半疑でした。しかし、友人の言った通りに綺麗です。連れてきてもらったことについて感謝します。「景色、ちょっと綺麗だね。連れてきてくれてありがとう。」,-10.288707256317139,0.004289390053600073
58,綺麗,acknowledge,friend,とても,古いからと大輔が敬遠していた庭園に、友人が絶対綺麗だと言って連れて行きます。大輔は半信半疑でした。しかし、友人の言った通りに綺麗です。連れてきてもらったことについて感謝します。「景色、とても綺麗だね。連れてきてくれてありがとう。」,-5.945762038230896,0.3299991488456726
58,綺麗,acknowledge,friend,なかなか,古いからと大輔が敬遠していた庭園に、友人が絶対綺麗だと言って連れて行きます。大輔は半信半疑でした。しかし、友人の言った通りに綺麗です。連れてきてもらったことについて感謝します。「景色、なかなか綺麗だね。連れてきてくれてありがとう。」,-9.888015270233154,0.0064034475944936275
58,綺麗,acknowledge,friend,（なし）,古いからと大輔が敬遠していた庭園に、友人が絶対綺麗だと言って連れて行きます。大輔は半信半疑でした。しかし、友人の言った通りに綺麗です。連れてきてもらったことについて感謝します。「景色、（なし）綺麗だね。連れてきてくれてありがとう。」,-27.44567584991455,1.5178175383212533e-10
58,綺麗,acknowledge,friend,ひどく,古いからと大輔が敬遠していた庭園に、友人が絶対綺麗だと言って連れて行きます。大輔は半信半疑でした。しかし、友人の言った通りに綺麗です。連れてきてもらったことについて感謝します。「景色、ひどく綺麗だね。連れてきてくれてありがとう。」,-17.747605681419373,2.471936340953107e-06
58,綺麗,acknowledge,friend,まあまあ,古いからと大輔が敬遠していた庭園に、友人が絶対綺麗だと言って連れて行きます。大輔は半信半疑でした。しかし、友人の言った通りに綺麗です。連れてきてもらったことについて感謝します。「景色、まあまあ綺麗だね。連れてきてくれてありがとう。」,-13.682478189468384,0.00014404561079572886
58,綺麗,acknowledge,friend,マジで,古いからと大輔が敬遠していた庭園に、友人が絶対綺麗だと言って連れて行きます。大輔は半信半疑でした。しかし、友人の言った通りに綺麗です。連れてきてもらったことについて感謝します。「景色、マジで綺麗だね。連れてきてくれてありがとう。」,-13.75666457414627,0.00013374615809880197
58,綺麗,acknowledge,friend,めっちゃ,古いからと大輔が敬遠していた庭園に、友人が絶対綺麗だと言って連れて行きます。大輔は半信半疑でした。しかし、友人の言った通りに綺麗です。連れてきてもらったことについて感謝します。「景色、めっちゃ綺麗だね。連れてきてくれてありがとう。」,-13.740353222936392,0.0001359454181510955
58,綺麗,acknowledge,friend,やや,古いからと大輔が敬遠していた庭園に、友人が絶対綺麗だと言って連れて行きます。大輔は半信半疑でした。しかし、友人の言った通りに綺麗です。連れてきてもらったことについて感謝します。「景色、やや綺麗だね。連れてきてくれてありがとう。」,-13.921146869659424,0.00011346127575961873
58,綺麗,acknowledge,friend,結構,古いからと大輔が敬遠していた庭園に、友人が絶対綺麗だと言って連れて行きます。大輔は半信半疑でした。しかし、友人の言った通りに綺麗です。連れてきてもらったことについて感謝します。「景色、結構綺麗だね。連れてきてくれてありがとう。」,-10.962398052215576,0.0021868315525352955
58,綺麗,acknowledge,friend,若干,古いからと大輔が敬遠していた庭園に、友人が絶対綺麗だと言って連れて行きます。大輔は半信半疑でした。しかし、友人の言った通りに綺麗です。連れてきてもらったことについて感謝します。「景色、若干綺麗だね。連れてきてくれてありがとう。」,-15.887340068817139,1.5883286323514767e-05
58,綺麗,acknowledge,friend,少し,古いからと大輔が敬遠していた庭園に、友人が絶対綺麗だと言って連れて行きます。大輔は半信半疑でした。しかし、友人の言った通りに綺麗です。連れてきてもらったことについて感謝します。「景色、少し綺麗だね。連れてきてくれてありがとう。」,-11.906978130340576,0.0008503337157890201
58,綺麗,acknowledge,friend,少しも,古いからと大輔が敬遠していた庭園に、友人が絶対綺麗だと言って連れて行きます。大輔は半信半疑でした。しかし、友人の言った通りに綺麗です。連れてきてもらったことについて感謝します。「景色、少しも綺麗だね。連れてきてくれてありがとう。」,-15.065871477127075,3.61159945896361e-05
58,綺麗,acknowledge,friend,全然,古いからと大輔が敬遠していた庭園に、友人が絶対綺麗だと言って連れて行きます。大輔は半信半疑でした。しかし、友人の言った通りに綺麗です。連れてきてもらったことについて感謝します。「景色、全然綺麗だね。連れてきてくれてありがとう。」,-10.644900798797607,0.003004018682986498
58,綺麗,acknowledge,friend,相当,古いからと大輔が敬遠していた庭園に、友人が絶対綺麗だと言って連れて行きます。大輔は半信半疑でした。しかし、友人の言った通りに綺麗です。連れてきてもらったことについて感謝します。「景色、相当綺麗だね。連れてきてくれてありがとう。」,-10.164523601531982,0.0048565492033958435
58,綺麗,acknowledge,friend,超,古いからと大輔が敬遠していた庭園に、友人が絶対綺麗だと言って連れて行きます。大輔は半信半疑でした。しかし、友人の言った通りに綺麗です。連れてきてもらったことについて感謝します。「景色、超綺麗だね。連れてきてくれてありがとう。」,-9.06389570236206,0.014599043875932693
58,綺麗,acknowledge,friend,非常に,古いからと大輔が敬遠していた庭園に、友人が絶対綺麗だと言って連れて行きます。大輔は半信半疑でした。しかし、友人の言った通りに綺麗です。連れてきてもらったことについて感謝します。「景色、非常に綺麗だね。連れてきてくれてありがとう。」,-9.468398571014404,0.009742066264152527
58,綺麗,acknowledge,friend,微妙に,古いからと大輔が敬遠していた庭園に、友人が絶対綺麗だと言って連れて行きます。大輔は半信半疑でした。しかし、友人の言った通りに綺麗です。連れてきてもらったことについて感謝します。「景色、微妙に綺麗だね。連れてきてくれてありがとう。」,-13.986446738243103,0.00010628898598952219
58,綺麗,acknowledge,friend,普通に,古いからと大輔が敬遠していた庭園に、友人が絶対綺麗だと言って連れて行きます。大輔は半信半疑でした。しかし、友人の言った通りに綺麗です。連れてきてもらったことについて感謝します。「景色、普通に綺麗だね。連れてきてくれてありがとう。」,-11.734221935272217,0.0010106865083798766
58,綺麗,acknowledge,friend,本当に,古いからと大輔が敬遠していた庭園に、友人が絶対綺麗だと言って連れて行きます。大輔は半信半疑でした。しかし、友人の言った通りに綺麗です。連れてきてもらったことについて感謝します。「景色、本当に綺麗だね。連れてきてくれてありがとう。」,-5.459590315818787,0.5366047620773315
58,綺麗,acknowledge,friend,全く,古いからと大輔が敬遠していた庭園に、友人が絶対綺麗だと言って連れて行きます。大輔は半信半疑でした。しかし、友人の言った通りに綺麗です。連れてきてもらったことについて感謝します。「景色、全く綺麗だね。連れてきてくれてありがとう。」,-12.217807292938232,0.000623157771769911
59,綺麗,neutral-positive,friend,あまり,旅行から帰った大輔は、来月行こうか迷っている友人に、その場所がどれくらい綺麗だったか聞かれ、答えます。「あそこ、あまり綺麗だったよ。」,-8.973559498786926,0.001579862437210977
59,綺麗,neutral-positive,friend,いまいち,旅行から帰った大輔は、来月行こうか迷っている友人に、その場所がどれくらい綺麗だったか聞かれ、答えます。「あそこ、いまいち綺麗だったよ。」,-12.451735973358154,4.87602774228435e-05
59,綺麗,neutral-positive,friend,かなり,旅行から帰った大輔は、来月行こうか迷っている友人に、その場所がどれくらい綺麗だったか聞かれ、答えます。「あそこ、かなり綺麗だったよ。」,-5.391535639762878,0.0567900687456131
59,綺麗,neutral-positive,friend,すごく,旅行から帰った大輔は、来月行こうか迷っている友人に、その場所がどれくらい綺麗だったか聞かれ、答えます。「あそこ、すごく綺麗だったよ。」,-4.197466731071472,0.18743465840816498
59,綺麗,neutral-positive,friend,そこまで,旅行から帰った大輔は、来月行こうか迷っている友人に、その場所がどれくらい綺麗だったか聞かれ、答えます。「あそこ、そこまで綺麗だったよ。」,-10.98709785938263,0.00021093599207233638
59,綺麗,neutral-positive,friend,それほど,旅行から帰った大輔は、来月行こうか迷っている友人に、その場所がどれくらい綺麗だったか聞かれ、答えます。「あそこ、それほど綺麗だったよ。」,-9.45743477344513,0.0009738115477375686
59,綺麗,neutral-positive,friend,そんなに,旅行から帰った大輔は、来月行こうか迷っている友人に、その場所がどれくらい綺麗だったか聞かれ、答えます。「あそこ、そんなに綺麗だったよ。」,-8.086882710456848,0.0038344061467796564
59,綺麗,neutral-positive,friend,たいして,旅行から帰った大輔は、来月行こうか迷っている友人に、その場所がどれくらい綺麗だったか聞かれ、答えます。「あそこ、たいして綺麗だったよ。」,-11.320433616638184,0.00015114185225684196
59,綺麗,neutral-positive,friend,だいぶ,旅行から帰った大輔は、来月行こうか迷っている友人に、その場所がどれくらい綺麗だったか聞かれ、答えます。「あそこ、だいぶ綺麗だったよ。」,-8.097517775488086,0.0037938421592116356
59,綺麗,neutral-positive,friend,ちっとも,旅行から帰った大輔は、来月行こうか迷っている友人に、その場所がどれくらい綺麗だったか聞かれ、答えます。「あそこ、ちっとも綺麗だったよ。」,-14.434522867202759,6.71356337988982e-06
59,綺麗,neutral-positive,friend,ちょっと,旅行から帰った大輔は、来月行こうか迷っている友人に、その場所がどれくらい綺麗だったか聞かれ、答えます。「あそこ、ちょっと綺麗だったよ。」,-6.820731282234192,0.013601308688521385
59,綺麗,neutral-positive,friend,とても,旅行から帰った大輔は、来月行こうか迷っている友人に、その場所がどれくらい綺麗だったか聞かれ、答えます。「あそこ、とても綺麗だったよ。」,-4.326994776725769,0.16466322541236877
59,綺麗,neutral-positive,friend,なかなか,旅行から帰った大輔は、来月行こうか迷っている友人に、その場所がどれくらい綺麗だったか聞かれ、答えます。「あそこ、なかなか綺麗だったよ。」,-7.628386616706848,0.006064855493605137
59,綺麗,neutral-positive,friend,（なし）,旅行から帰った大輔は、来月行こうか迷っている友人に、その場所がどれくらい綺麗だったか聞かれ、答えます。「あそこ、（なし）綺麗だったよ。」,-28.59242343902588,4.767115955456314e-12
59,綺麗,neutral-positive,friend,ひどく,旅行から帰った大輔は、来月行こうか迷っている友人に、その場所がどれくらい綺麗だったか聞かれ、答えます。「あそこ、ひどく綺麗だったよ。」,-12.733992040157318,3.676920823636465e-05
59,綺麗,neutral-positive,friend,まあまあ,旅行から帰った大輔は、来月行こうか迷っている友人に、その場所がどれくらい綺麗だったか聞かれ、答えます。「あそこ、まあまあ綺麗だったよ。」,-7.895462691783905,0.004643343389034271
59,綺麗,neutral-positive,friend,マジで,旅行から帰った大輔は、来月行こうか迷っている友人に、その場所がどれくらい綺麗だったか聞かれ、答えます。「あそこ、マジで綺麗だったよ。」,-11.14574909210205,0.00017999036936089396
59,綺麗,neutral-positive,friend,めっちゃ,旅行から帰った大輔は、来月行こうか迷っている友人に、その場所がどれくらい綺麗だったか聞かれ、答えます。「あそこ、めっちゃ綺麗だったよ。」,-9.608637809753418,0.0008371595176868141
59,綺麗,neutral-positive,friend,やや,旅行から帰った大輔は、来月行こうか迷っている友人に、その場所がどれくらい綺麗だったか聞かれ、答えます。「あそこ、やや綺麗だったよ。」,-11.360985517501831,0.00014513534551952034
59,綺麗,neutral-positive,friend,結構,旅行から帰った大輔は、来月行こうか迷っている友人に、その場所がどれくらい綺麗だったか聞かれ、答えます。「あそこ、結構綺麗だったよ。」,-6.285979390144348,0.02321776933968067
59,綺麗,neutral-positive,friend,若干,旅行から帰った大輔は、来月行こうか迷っている友人に、その場所がどれくらい綺麗だったか聞かれ、答えます。「あそこ、若干綺麗だったよ。」,-12.251097798347473,5.959399277344346e-05
59,綺麗,neutral-positive,friend,少し,旅行から帰った大輔は、来月行こうか迷っている友人に、その場所がどれくらい綺麗だったか聞かれ、答えます。「あそこ、少し綺麗だったよ。」,-8.983092427253723,0.00156487338244915
59,綺麗,neutral-positive,friend,少しも,旅行から帰った大輔は、来月行こうか迷っている友人に、その場所がどれくらい綺麗だったか聞かれ、答えます。「あそこ、少しも綺麗だったよ。」,-13.231151580810547,2.2365080440067686e-05
59,綺麗,neutral-positive,friend,全然,旅行から帰った大輔は、来月行こうか迷っている友人に、その場所がどれくらい綺麗だったか聞かれ、答えます。「あそこ、全然綺麗だったよ。」,-7.709494709968567,0.0055923666805028915
59,綺麗,neutral-positive,friend,相当,旅行から帰った大輔は、来月行こうか迷っている友人に、その場所がどれくらい綺麗だったか聞かれ、答えます。「あそこ、相当綺麗だったよ。」,-6.107287526130676,0.027760379016399384
59,綺麗,neutral-positive,friend,超,旅行から帰った大輔は、来月行こうか迷っている友人に、その場所がどれくらい綺麗だったか聞かれ、答えます。「あそこ、超綺麗だったよ。」,-6.53834068775177,0.018039369955658913
59,綺麗,neutral-positive,friend,非常に,旅行から帰った大輔は、来月行こうか迷っている友人に、その場所がどれくらい綺麗だったか聞かれ、答えます。「あそこ、非常に綺麗だったよ。」,-7.292582631111145,0.008485125377774239
59,綺麗,neutral-positive,friend,微妙に,旅行から帰った大輔は、来月行こうか迷っている友人に、その場所がどれくらい綺麗だったか聞かれ、答えます。「あそこ、微妙に綺麗だったよ。」,-11.001338921487331,0.00020795328600797802
59,綺麗,neutral-positive,friend,普通に,旅行から帰った大輔は、来月行こうか迷っている友人に、その場所がどれくらい綺麗だったか聞かれ、答えます。「あそこ、普通に綺麗だったよ。」,-6.983538746833801,0.011557777412235737
59,綺麗,neutral-positive,friend,本当に,旅行から帰った大輔は、来月行こうか迷っている友人に、その場所がどれくらい綺麗だったか聞かれ、答えます。「あそこ、本当に綺麗だったよ。」,-3.3036259412765503,0.4581841230392456
59,綺麗,neutral-positive,friend,全く,旅行から帰った大輔は、来月行こうか迷っている友人に、その場所がどれくらい綺麗だったか聞かれ、答えます。「あそこ、全く綺麗だったよ。」,-10.59455406665802,0.00031234193011187017
60,綺麗,neutral-negative,friend,あまり,旅行から帰った大輔は、来月行こうか迷っている友人に、その場所がどれくらい綺麗だったか聞かれ、答えます。「あそこ、あまり綺麗じゃなかったよ。」,-5.207951545715332,0.14231951534748077
60,綺麗,neutral-negative,friend,いまいち,旅行から帰った大輔は、来月行こうか迷っている友人に、その場所がどれくらい綺麗だったか聞かれ、答えます。「あそこ、いまいち綺麗じゃなかったよ。」,-11.352108001708984,0.0003054155968129635
60,綺麗,neutral-negative,friend,かなり,旅行から帰った大輔は、来月行こうか迷っている友人に、その場所がどれくらい綺麗だったか聞かれ、答えます。「あそこ、かなり綺麗じゃなかったよ。」,-10.048596382141113,0.0011246027424931526
60,綺麗,neutral-negative,friend,すごく,旅行から帰った大輔は、来月行こうか迷っている友人に、その場所がどれくらい綺麗だったか聞かれ、答えます。「あそこ、すごく綺麗じゃなかったよ。」,-8.249810218811035,0.006795196793973446
60,綺麗,neutral-negative,friend,そこまで,旅行から帰った大輔は、来月行こうか迷っている友人に、その場所がどれくらい綺麗だったか聞かれ、答えます。「あそこ、そこまで綺麗じゃなかったよ。」,-7.624451637268066,0.012699651531875134
60,綺麗,neutral-negative,friend,それほど,旅行から帰った大輔は、来月行こうか迷っている友人に、その場所がどれくらい綺麗だったか聞かれ、答えます。「あそこ、それほど綺麗じゃなかったよ。」,-7.638829231262207,0.012518367730081081
60,綺麗,neutral-negative,friend,そんなに,旅行から帰った大輔は、来月行こうか迷っている友人に、その場所がどれくらい綺麗だったか聞かれ、答えます。「あそこ、そんなに綺麗じゃなかったよ。」,-4.585156440734863,0.26530224084854126
60,綺麗,neutral-negative,friend,たいして,旅行から帰った大輔は、来月行こうか迷っている友人に、その場所がどれくらい綺麗だったか聞かれ、答えます。「あそこ、たいして綺麗じゃなかったよ。」,-12.00586712360382,0.00015884269669186324
60,綺麗,neutral-negative,friend,だいぶ,旅行から帰った大輔は、来月行こうか迷っている友人に、その場所がどれくらい綺麗だったか聞かれ、答えます。「あそこ、だいぶ綺麗じゃなかったよ。」,-9.93254171218723,0.001262993086129427
60,綺麗,neutral-negative,friend,ちっとも,旅行から帰った大輔は、来月行こうか迷っている友人に、その場所がどれくらい綺麗だったか聞かれ、答えます。「あそこ、ちっとも綺麗じゃなかったよ。」,-13.794713616371155,2.6551002520136535e-05
60,綺麗,neutral-negative,friend,ちょっと,旅行から帰った大輔は、来月行こうか迷っている友人に、その場所がどれくらい綺麗だったか聞かれ、答えます。「あそこ、ちょっと綺麗じゃなかったよ。」,-6.877549171447754,0.02680201455950737
60,綺麗,neutral-negative,friend,とても,旅行から帰った大輔は、来月行こうか迷っている友人に、その場所がどれくらい綺麗だったか聞かれ、答えます。「あそこ、とても綺麗じゃなかったよ。」,-7.525097846984863,0.014026218093931675
60,綺麗,neutral-negative,friend,なかなか,旅行から帰った大輔は、来月行こうか迷っている友人に、その場所がどれくらい綺麗だったか聞かれ、答えます。「あそこ、なかなか綺麗じゃなかったよ。」,-7.779534339904785,0.010875274427235126
60,綺麗,neutral-negative,friend,（なし）,旅行から帰った大輔は、来月行こうか迷っている友人に、その場所がどれくらい綺麗だったか聞かれ、答えます。「あそこ、（なし）綺麗じゃなかったよ。」,-29.828542709350586,2.8885372826276123e-12
60,綺麗,neutral-negative,friend,ひどく,旅行から帰った大輔は、来月行こうか迷っている友人に、その場所がどれくらい綺麗だったか聞かれ、答えます。「あそこ、ひどく綺麗じゃなかったよ。」,-13.995513260364532,2.1720759832533076e-05
60,綺麗,neutral-negative,friend,まあまあ,旅行から帰った大輔は、来月行こうか迷っている友人に、その場所がどれくらい綺麗だったか聞かれ、答えます。「あそこ、まあまあ綺麗じゃなかったよ。」,-10.968282699584961,0.0004483161901589483
60,綺麗,neutral-negative,friend,マジで,旅行から帰った大輔は、来月行こうか迷っている友人に、その場所がどれくらい綺麗だったか聞かれ、答えます。「あそこ、マジで綺麗じゃなかったよ。」,-12.288287550210953,0.00011976055247941986
60,綺麗,neutral-negative,friend,めっちゃ,旅行から帰った大輔は、来月行こうか迷っている友人に、その場所がどれくらい綺麗だったか聞かれ、答えます。「あそこ、めっちゃ綺麗じゃなかったよ。」,-10.51301234215498,0.0007068153936415911
60,綺麗,neutral-negative,friend,やや,旅行から帰った大輔は、来月行こうか迷っている友人に、その場所がどれくらい綺麗だったか聞かれ、答えます。「あそこ、やや綺麗じゃなかったよ。」,-14.616180419921875,1.1676766007440165e-05
60,綺麗,neutral-negative,friend,結構,旅行から帰った大輔は、来月行こうか迷っている友人に、その場所がどれくらい綺麗だったか聞かれ、答えます。「あそこ、結構綺麗じゃなかったよ。」,-10.145661354064941,0.0010205735452473164
60,綺麗,neutral-negative,friend,若干,旅行から帰った大輔は、来月行こうか迷っている友人に、その場所がどれくらい綺麗だったか聞かれ、答えます。「あそこ、若干綺麗じゃなかったよ。」,-13.066361427307129,5.500477709574625e-05
60,綺麗,neutral-negative,friend,少し,旅行から帰った大輔は、来月行こうか迷っている友人に、その場所がどれくらい綺麗だったか聞かれ、答えます。「あそこ、少し綺麗じゃなかったよ。」,-10.011425971984863,0.0011671913089230657
60,綺麗,neutral-negative,friend,少しも,旅行から帰った大輔は、来月行こうか迷っている友人に、その場所がどれくらい綺麗だったか聞かれ、答えます。「あそこ、少しも綺麗じゃなかったよ。」,-11.345754146575928,0.0003073622065130621
60,綺麗,neutral-negative,friend,全然,旅行から帰った大輔は、来月行こうか迷っている友人に、その場所がどれくらい綺麗だったか聞かれ、答えます。「あそこ、全然綺麗じゃなかったよ。」,-4.0476120710372925,0.45414385199546814
60,綺麗,neutral-negative,friend,相当,旅行から帰った大輔は、来月行こうか迷っている友人に、その場所がどれくらい綺麗だったか聞かれ、答えます。「あそこ、相当綺麗じゃなかったよ。」,-9.394505500793457,0.0021630532573908567
60,綺麗,neutral-negative,friend,超,旅行から帰った大輔は、来月行こうか迷っている友人に、その場所がどれくらい綺麗だったか聞かれ、答えます。「あそこ、超綺麗じゃなかったよ。」,-10.393139839172363,0.0007968302234075963
60,綺麗,neutral-negative,friend,非常に,旅行から帰った大輔は、来月行こうか迷っている友人に、その場所がどれくらい綺麗だったか聞かれ、答えます。「あそこ、非常に綺麗じゃなかったよ。」,-11.809746742248535,0.00019325966422911733
60,綺麗,neutral-negative,friend,微妙に,旅行から帰った大輔は、来月行こうか迷っている友人に、その場所がどれくらい綺麗だったか聞かれ、答えます。「あそこ、微妙に綺麗じゃなかったよ。」,-12.334578096866608,0.00011434303451096639
60,綺麗,neutral-negative,friend,普通に,旅行から帰った大輔は、来月行こうか迷っている友人に、その場所がどれくらい綺麗だったか聞かれ、答えます。「あそこ、普通に綺麗じゃなかったよ。」,-9.571202278137207,0.0018127118237316608
60,綺麗,neutral-negative,friend,本当に,旅行から帰った大輔は、来月行こうか迷っている友人に、その場所がどれくらい綺麗だったか聞かれ、答えます。「あそこ、本当に綺麗じゃなかったよ。」,-6.684948921203613,0.03249470889568329
60,綺麗,neutral-negative,friend,全く,旅行から帰った大輔は、来月行こうか迷っている友人に、その場所がどれくらい綺麗だったか聞かれ、答えます。「あそこ、全く綺麗じゃなかったよ。」,-7.843056678771973,0.010205935686826706
61,綺麗,annoyed,friend,あまり,大輔が来客のために家具の配置まで整えた部屋に、友人が荷物を次々と置いていって台無しにされました。苛立った大輔は言います。「整えたばっかりなのに、あまり綺麗じゃなくなっちゃったんだけど！」,-8.039633750915527,0.037689853459596634
61,綺麗,annoyed,friend,いまいち,大輔が来客のために家具の配置まで整えた部屋に、友人が荷物を次々と置いていって台無しにされました。苛立った大輔は言います。「整えたばっかりなのに、いまいち綺麗じゃなくなっちゃったんだけど！」,-11.829596996307373,0.0008516559028066695
61,綺麗,annoyed,friend,かなり,大輔が来客のために家具の配置まで整えた部屋に、友人が荷物を次々と置いていって台無しにされました。苛立った大輔は言います。「整えたばっかりなのに、かなり綺麗じゃなくなっちゃったんだけど！」,-10.566645622253418,0.003011321648955345
61,綺麗,annoyed,friend,すごく,大輔が来客のために家具の配置まで整えた部屋に、友人が荷物を次々と置いていって台無しにされました。苛立った大輔は言います。「整えたばっかりなのに、すごく綺麗じゃなくなっちゃったんだけど！」,-9.389044761657715,0.009776484221220016
61,綺麗,annoyed,friend,そこまで,大輔が来客のために家具の配置まで整えた部屋に、友人が荷物を次々と置いていって台無しにされました。苛立った大輔は言います。「整えたばっかりなのに、そこまで綺麗じゃなくなっちゃったんだけど！」,-8.834296226501465,0.0170257780700922
61,綺麗,annoyed,friend,それほど,大輔が来客のために家具の配置まで整えた部屋に、友人が荷物を次々と置いていって台無しにされました。苛立った大輔は言います。「整えたばっかりなのに、それほど綺麗じゃなくなっちゃったんだけど！」,-10.3385648727417,0.003782782470807433
61,綺麗,annoyed,friend,そんなに,大輔が来客のために家具の配置まで整えた部屋に、友人が荷物を次々と置いていって台無しにされました。苛立った大輔は言います。「整えたばっかりなのに、そんなに綺麗じゃなくなっちゃったんだけど！」,-7.166937589645386,0.09020518511533737
61,綺麗,annoyed,friend,たいして,大輔が来客のために家具の配置まで整えた部屋に、友人が荷物を次々と置いていって台無しにされました。苛立った大輔は言います。「整えたばっかりなのに、たいして綺麗じゃなくなっちゃったんだけど！」,-13.59158843755722,0.00014623165770899504
61,綺麗,annoyed,friend,だいぶ,大輔が来客のために家具の配置まで整えた部屋に、友人が荷物を次々と置いていって台無しにされました。苛立った大輔は言います。「整えたばっかりなのに、だいぶ綺麗じゃなくなっちゃったんだけど！」,-11.49716440262273,0.0011875116033479571
61,綺麗,annoyed,friend,ちっとも,大輔が来客のために家具の配置まで整えた部屋に、友人が荷物を次々と置いていって台無しにされました。苛立った大輔は言います。「整えたばっかりなのに、ちっとも綺麗じゃなくなっちゃったんだけど！」,-17.582530081272125,2.7026940188079607e-06
61,綺麗,annoyed,friend,ちょっと,大輔が来客のために家具の配置まで整えた部屋に、友人が荷物を次々と置いていって台無しにされました。苛立った大輔は言います。「整えたばっかりなのに、ちょっと綺麗じゃなくなっちゃったんだけど！」,-5.934496641159058,0.3093668818473816
61,綺麗,annoyed,friend,とても,大輔が来客のために家具の配置まで整えた部屋に、友人が荷物を次々と置いていって台無しにされました。苛立った大輔は言います。「整えたばっかりなのに、とても綺麗じゃなくなっちゃったんだけど！」,-8.878046989440918,0.01629694737493992
61,綺麗,annoyed,friend,なかなか,大輔が来客のために家具の配置まで整えた部屋に、友人が荷物を次々と置いていって台無しにされました。苛立った大輔は言います。「整えたばっかりなのに、なかなか綺麗じゃなくなっちゃったんだけど！」,-9.195845603942871,0.011860092170536518
61,綺麗,annoyed,friend,（なし）,大輔が来客のために家具の配置まで整えた部屋に、友人が荷物を次々と置いていって台無しにされました。苛立った大輔は言います。「整えたばっかりなのに、（なし）綺麗じゃなくなっちゃったんだけど！」,-29.883950233459473,1.2284549245900056e-11
61,綺麗,annoyed,friend,ひどく,大輔が来客のために家具の配置まで整えた部屋に、友人が荷物を次々と置いていって台無しにされました。苛立った大輔は言います。「整えたばっかりなのに、ひどく綺麗じゃなくなっちゃったんだけど！」,-15.071170389652252,3.330172330606729e-05
61,綺麗,annoyed,friend,まあまあ,大輔が来客のために家具の配置まで整えた部屋に、友人が荷物を次々と置いていって台無しにされました。苛立った大輔は言います。「整えたばっかりなのに、まあまあ綺麗じゃなくなっちゃったんだけど！」,-13.885559320449829,0.00010898616164922714
61,綺麗,annoyed,friend,マジで,大輔が来客のために家具の配置まで整えた部屋に、友人が荷物を次々と置いていって台無しにされました。苛立った大輔は言います。「整えたばっかりなのに、マジで綺麗じゃなくなっちゃったんだけど！」,-12.464644849300385,0.0004513014864642173
61,綺麗,annoyed,friend,めっちゃ,大輔が来客のために家具の配置まで整えた部屋に、友人が荷物を次々と置いていって台無しにされました。苛立った大輔は言います。「整えたばっかりなのに、めっちゃ綺麗じゃなくなっちゃったんだけど！」,-11.617698058485985,0.0010526671539992094
61,綺麗,annoyed,friend,やや,大輔が来客のために家具の配置まで整えた部屋に、友人が荷物を次々と置いていって台無しにされました。苛立った大輔は言います。「整えたばっかりなのに、やや綺麗じゃなくなっちゃったんだけど！」,-15.872473239898682,1.4943961105018388e-05
61,綺麗,annoyed,friend,結構,大輔が来客のために家具の配置まで整えた部屋に、友人が荷物を次々と置いていって台無しにされました。苛立った大輔は言います。「整えたばっかりなのに、結構綺麗じゃなくなっちゃったんだけど！」,-9.736815452575684,0.006904747802764177
61,綺麗,annoyed,friend,若干,大輔が来客のために家具の配置まで整えた部屋に、友人が荷物を次々と置いていって台無しにされました。苛立った大輔は言います。「整えたばっかりなのに、若干綺麗じゃなくなっちゃったんだけど！」,-13.261683464050293,0.00020338414469733834
61,綺麗,annoyed,friend,少し,大輔が来客のために家具の配置まで整えた部屋に、友人が荷物を次々と置いていって台無しにされました。苛立った大輔は言います。「整えたばっかりなのに、少し綺麗じゃなくなっちゃったんだけど！」,-9.112189292907715,0.012894945219159126
61,綺麗,annoyed,friend,少しも,大輔が来客のために家具の配置まで整えた部屋に、友人が荷物を次々と置いていって台無しにされました。苛立った大輔は言います。「整えたばっかりなのに、少しも綺麗じゃなくなっちゃったんだけど！」,-11.631604433059692,0.0010381295578554273
61,綺麗,annoyed,friend,全然,大輔が来客のために家具の配置まで整えた部屋に、友人が荷物を次々と置いていって台無しにされました。苛立った大輔は言います。「整えたばっかりなのに、全然綺麗じゃなくなっちゃったんだけど！」,-5.75799822807312,0.36908474564552307
61,綺麗,annoyed,friend,相当,大輔が来客のために家具の配置まで整えた部屋に、友人が荷物を次々と置いていって台無しにされました。苛立った大輔は言います。「整えたばっかりなのに、相当綺麗じゃなくなっちゃったんだけど！」,-11.542922019958496,0.0011343987425789237
61,綺麗,annoyed,friend,超,大輔が来客のために家具の配置まで整えた部屋に、友人が荷物を次々と置いていって台無しにされました。苛立った大輔は言います。「整えたばっかりなのに、超綺麗じゃなくなっちゃったんだけど！」,-11.262286186218262,0.0015019113197922707
61,綺麗,annoyed,friend,非常に,大輔が来客のために家具の配置まで整えた部屋に、友人が荷物を次々と置いていって台無しにされました。苛立った大輔は言います。「整えたばっかりなのに、非常に綺麗じゃなくなっちゃったんだけど！」,-12.903410911560059,0.00029101333348080516
61,綺麗,annoyed,friend,微妙に,大輔が来客のために家具の配置まで整えた部屋に、友人が荷物を次々と置いていって台無しにされました。苛立った大輔は言います。「整えたばっかりなのに、微妙に綺麗じゃなくなっちゃったんだけど！」,-12.429632544517517,0.0004673824005294591
61,綺麗,annoyed,friend,普通に,大輔が来客のために家具の配置まで整えた部屋に、友人が荷物を次々と置いていって台無しにされました。苛立った大輔は言います。「整えたばっかりなのに、普通に綺麗じゃなくなっちゃったんだけど！」,-10.860278129577637,0.002245092298835516
61,綺麗,annoyed,friend,本当に,大輔が来客のために家具の配置まで整えた部屋に、友人が荷物を次々と置いていって台無しにされました。苛立った大輔は言います。「整えたばっかりなのに、本当に綺麗じゃなくなっちゃったんだけど！」,-7.204016447067261,0.08692172914743423
61,綺麗,annoyed,friend,全く,大輔が来客のために家具の配置まで整えた部屋に、友人が荷物を次々と置いていって台無しにされました。苛立った大輔は言います。「整えたばっかりなのに、全く綺麗じゃなくなっちゃったんだけど！」,-8.998469352722168,0.014447991736233234
62,綺麗,encouraging,friend,あまり,友人が描いてくれた絵の線が、歪んでいます。それを申し訳ないと言ってきた友人を、大輔が励まします。「絵、あまり綺麗に描けてるよ。線はあとで整えられるし。」,-11.250472068786621,0.002971300622448325
62,綺麗,encouraging,friend,いまいち,友人が描いてくれた絵の線が、歪んでいます。それを申し訳ないと言ってきた友人を、大輔が励まします。「絵、いまいち綺麗に描けてるよ。線はあとで整えられるし。」,-14.17987060546875,0.00015875410463195294
62,綺麗,encouraging,friend,かなり,友人が描いてくれた絵の線が、歪んでいます。それを申し訳ないと言ってきた友人を、大輔が励まします。「絵、かなり綺麗に描けてるよ。線はあとで整えられるし。」,-9.613520622253418,0.015270933508872986
62,綺麗,encouraging,friend,すごく,友人が描いてくれた絵の線が、歪んでいます。それを申し訳ないと言ってきた友人を、大輔が励まします。「絵、すごく綺麗に描けてるよ。線はあとで整えられるし。」,-7.805590391159058,0.09311927855014801
62,綺麗,encouraging,friend,そこまで,友人が描いてくれた絵の線が、歪んでいます。それを申し訳ないと言ってきた友人を、大輔が励まします。「絵、そこまで綺麗に描けてるよ。線はあとで整えられるし。」,-12.197299003601074,0.00115277583245188
62,綺麗,encouraging,friend,それほど,友人が描いてくれた絵の線が、歪んでいます。それを申し訳ないと言ってきた友人を、大輔が励まします。「絵、それほど綺麗に描けてるよ。線はあとで整えられるし。」,-13.062872886657715,0.0004850995901506394
62,綺麗,encouraging,friend,そんなに,友人が描いてくれた絵の線が、歪んでいます。それを申し訳ないと言ってきた友人を、大輔が励まします。「絵、そんなに綺麗に描けてるよ。線はあとで整えられるし。」,-9.708773612976074,0.013883461244404316
62,綺麗,encouraging,friend,たいして,友人が描いてくれた絵の線が、歪んでいます。それを申し訳ないと言ってきた友人を、大輔が励まします。「絵、たいして綺麗に描けてるよ。線はあとで整えられるし。」,-14.62771737575531,0.00010144432599190623
62,綺麗,encouraging,friend,だいぶ,友人が描いてくれた絵の線が、歪んでいます。それを申し訳ないと言ってきた友人を、大輔が励まします。「絵、だいぶ綺麗に描けてるよ。線はあとで整えられるし。」,-12.610126621904783,0.0007628799066878855
62,綺麗,encouraging,friend,ちっとも,友人が描いてくれた絵の線が、歪んでいます。それを申し訳ないと言ってきた友人を、大輔が励まします。「絵、ちっとも綺麗に描けてるよ。線はあとで整えられるし。」,-18.180973052978516,2.9044790608168114e-06
62,綺麗,encouraging,friend,ちょっと,友人が描いてくれた絵の線が、歪んでいます。それを申し訳ないと言ってきた友人を、大輔が励まします。「絵、ちょっと綺麗に描けてるよ。線はあとで整えられるし。」,-9.1889066696167,0.023349257186055183
62,綺麗,encouraging,friend,とても,友人が描いてくれた絵の線が、歪んでいます。それを申し訳ないと言ってきた友人を、大輔が励まします。「絵、とても綺麗に描けてるよ。線はあとで整えられるし。」,-6.849047422409058,0.24235999584197998
62,綺麗,encouraging,friend,なかなか,友人が描いてくれた絵の線が、歪んでいます。それを申し訳ないと言ってきた友人を、大輔が励まします。「絵、なかなか綺麗に描けてるよ。線はあとで整えられるし。」,-8.022650480270386,0.07494999468326569
62,綺麗,encouraging,friend,（なし）,友人が描いてくれた絵の線が、歪んでいます。それを申し訳ないと言ってきた友人を、大輔が励まします。「絵、（なし）綺麗に描けてるよ。線はあとで整えられるし。」,-30.78383493423462,9.765954538110133e-12
62,綺麗,encouraging,friend,ひどく,友人が描いてくれた絵の線が、歪んでいます。それを申し訳ないと言ってきた友人を、大輔が励まします。「絵、ひどく綺麗に描けてるよ。線はあとで整えられるし。」,-16.73621392250061,1.2317406799411401e-05
62,綺麗,encouraging,friend,まあまあ,友人が描いてくれた絵の線が、歪んでいます。それを申し訳ないと言ってきた友人を、大輔が励まします。「絵、まあまあ綺麗に描けてるよ。線はあとで整えられるし。」,-12.233114838600159,0.0011122184805572033
62,綺麗,encouraging,friend,マジで,友人が描いてくれた絵の線が、歪んでいます。それを申し訳ないと言ってきた友人を、大輔が励まします。「絵、マジで綺麗に描けてるよ。線はあとで整えられるし。」,-14.141741842031479,0.00016492410213686526
62,綺麗,encouraging,friend,めっちゃ,友人が描いてくれた絵の線が、歪んでいます。それを申し訳ないと言ってきた友人を、大輔が励まします。「絵、めっちゃ綺麗に描けてるよ。線はあとで整えられるし。」,-14.64456781744957,9.974926069844514e-05
62,綺麗,encouraging,friend,やや,友人が描いてくれた絵の線が、歪んでいます。それを申し訳ないと言ってきた友人を、大輔が励まします。「絵、やや綺麗に描けてるよ。線はあとで整えられるし。」,-15.948145627975464,2.708774081838783e-05
62,綺麗,encouraging,friend,結構,友人が描いてくれた絵の線が、歪んでいます。それを申し訳ないと言ってきた友人を、大輔が励まします。「絵、結構綺麗に描けてるよ。線はあとで整えられるし。」,-8.605292320251465,0.04185367003083229
62,綺麗,encouraging,friend,若干,友人が描いてくれた絵の線が、歪んでいます。それを申し訳ないと言ってきた友人を、大輔が励まします。「絵、若干綺麗に描けてるよ。線はあとで整えられるし。」,-15.614962577819824,3.7798316043335944e-05
62,綺麗,encouraging,friend,少し,友人が描いてくれた絵の線が、歪んでいます。それを申し訳ないと言ってきた友人を、大輔が励まします。「絵、少し綺麗に描けてるよ。線はあとで整えられるし。」,-10.751852989196777,0.004892086610198021
62,綺麗,encouraging,friend,少しも,友人が描いてくれた絵の線が、歪んでいます。それを申し訳ないと言ってきた友人を、大輔が励まします。「絵、少しも綺麗に描けてるよ。線はあとで整えられるし。」,-16.084296464920044,2.3639759092475288e-05
62,綺麗,encouraging,friend,全然,友人が描いてくれた絵の線が、歪んでいます。それを申し訳ないと言ってきた友人を、大輔が励まします。「絵、全然綺麗に描けてるよ。線はあとで整えられるし。」,-10.157832145690918,0.008860823698341846
62,綺麗,encouraging,friend,相当,友人が描いてくれた絵の線が、歪んでいます。それを申し訳ないと言ってきた友人を、大輔が励まします。「絵、相当綺麗に描けてるよ。線はあとで整えられるし。」,-10.009394645690918,0.010278735309839249
62,綺麗,encouraging,friend,超,友人が描いてくれた絵の線が、歪んでいます。それを申し訳ないと言ってきた友人を、大輔が励まします。「絵、超綺麗に描けてるよ。線はあとで整えられるし。」,-10.269072532653809,0.007927987724542618
62,綺麗,encouraging,friend,非常に,友人が描いてくれた絵の線が、歪んでいます。それを申し訳ないと言ってきた友人を、大輔が励まします。「絵、非常に綺麗に描けてるよ。線はあとで整えられるし。」,-9.643916130065918,0.014813749119639397
62,綺麗,encouraging,friend,微妙に,友人が描いてくれた絵の線が、歪んでいます。それを申し訳ないと言ってきた友人を、大輔が励まします。「絵、微妙に綺麗に描けてるよ。線はあとで整えられるし。」,-12.848015308380127,0.0006013711099512875
62,綺麗,encouraging,friend,普通に,友人が描いてくれた絵の線が、歪んでいます。それを申し訳ないと言ってきた友人を、大輔が励まします。「絵、普通に綺麗に描けてるよ。線はあとで整えられるし。」,-9.661116600036621,0.014561125077307224
62,綺麗,encouraging,friend,本当に,友人が描いてくれた絵の線が、歪んでいます。それを申し訳ないと言ってきた友人を、大輔が励まします。「絵、本当に綺麗に描けてるよ。線はあとで整えられるし。」,-6.286875486373901,0.4252155125141144
62,綺麗,encouraging,friend,全く,友人が描いてくれた絵の線が、歪んでいます。それを申し訳ないと言ってきた友人を、大輔が励まします。「絵、全く綺麗に描けてるよ。線はあとで整えられるし。」,-12.391684532165527,0.0009491269593127072
63,綺麗,warning,colleague,あまり,商品の撮影写真を選んだ同僚が、それを大輔に見せてきます。大輔は力になりたいと思い、遠慮がちに指摘します。「その一枚だけ、あまり綺麗じゃない気がするので、撮り直されてはどうですか？」,-4.912649393081665,0.2156922072172165
63,綺麗,warning,colleague,いまいち,商品の撮影写真を選んだ同僚が、それを大輔に見せてきます。大輔は力になりたいと思い、遠慮がちに指摘します。「その一枚だけ、いまいち綺麗じゃない気がするので、撮り直されてはどうですか？」,-10.52470076084137,0.0007880454650148749
63,綺麗,warning,colleague,かなり,商品の撮影写真を選んだ同僚が、それを大輔に見せてきます。大輔は力になりたいと思い、遠慮がちに指摘します。「その一枚だけ、かなり綺麗じゃない気がするので、撮り直されてはどうですか？」,-8.405863046646118,0.0065576923079788685
63,綺麗,warning,colleague,すごく,商品の撮影写真を選んだ同僚が、それを大輔に見せてきます。大輔は力になりたいと思い、遠慮がちに指摘します。「その一枚だけ、すごく綺麗じゃない気がするので、撮り直されてはどうですか？」,-6.625932931900024,0.038883455097675323
63,綺麗,warning,colleague,そこまで,商品の撮影写真を選んだ同僚が、それを大輔に見せてきます。大輔は力になりたいと思い、遠慮がちに指摘します。「その一枚だけ、そこまで綺麗じゃない気がするので、撮り直されてはどうですか？」,-7.946413278579712,0.010382155887782574
63,綺麗,warning,colleague,それほど,商品の撮影写真を選んだ同僚が、それを大輔に見せてきます。大輔は力になりたいと思い、遠慮がちに指摘します。「その一枚だけ、それほど綺麗じゃない気がするので、撮り直されてはどうですか？」,-7.939851999282837,0.010450500063598156
63,綺麗,warning,colleague,そんなに,商品の撮影写真を選んだ同僚が、それを大輔に見せてきます。大輔は力になりたいと思い、遠慮がちに指摘します。「その一枚だけ、そんなに綺麗じゃない気がするので、撮り直されてはどうですか？」,-5.9088804721832275,0.07964835315942764
63,綺麗,warning,colleague,たいして,商品の撮影写真を選んだ同僚が、それを大輔に見せてきます。大輔は力になりたいと思い、遠慮がちに指摘します。「その一枚だけ、たいして綺麗じゃない気がするので、撮り直されてはどうですか？」,-13.12801730632782,5.8337169321021065e-05
63,綺麗,warning,colleague,だいぶ,商品の撮影写真を選んだ同僚が、それを大輔に見せてきます。大輔は力になりたいと思い、遠慮がちに指摘します。「その一枚だけ、だいぶ綺麗じゃない気がするので、撮り直されてはどうですか？」,-12.699176072143018,8.957542740972713e-05
63,綺麗,warning,colleague,ちっとも,商品の撮影写真を選んだ同僚が、それを大輔に見せてきます。大輔は力になりたいと思い、遠慮がちに指摘します。「その一枚だけ、ちっとも綺麗じゃない気がするので、撮り直されてはどうですか？」,-16.73230853676796,1.5871620462348801e-06
63,綺麗,warning,colleague,ちょっと,商品の撮影写真を選んだ同僚が、それを大輔に見せてきます。大輔は力になりたいと思い、遠慮がちに指摘します。「その一枚だけ、ちょっと綺麗じゃない気がするので、撮り直されてはどうですか？」,-4.92763352394104,0.21248434484004974
63,綺麗,warning,colleague,とても,商品の撮影写真を選んだ同僚が、それを大輔に見せてきます。大輔は力になりたいと思い、遠慮がちに指摘します。「その一枚だけ、とても綺麗じゃない気がするので、撮り直されてはどうですか？」,-5.166136026382446,0.16739659011363983
63,綺麗,warning,colleague,なかなか,商品の撮影写真を選んだ同僚が、それを大輔に見せてきます。大輔は力になりたいと思い、遠慮がちに指摘します。「その一枚だけ、なかなか綺麗じゃない気がするので、撮り直されてはどうですか？」,-6.8212339878082275,0.031985025852918625
63,綺麗,warning,colleague,（なし）,商品の撮影写真を選んだ同僚が、それを大輔に見せてきます。大輔は力になりたいと思い、遠慮がちに指摘します。「その一枚だけ、（なし）綺麗じゃない気がするので、撮り直されてはどうですか？」,-29.708428382873535,3.6742167468239995e-12
63,綺麗,warning,colleague,ひどく,商品の撮影写真を選んだ同僚が、それを大輔に見せてきます。大輔は力になりたいと思い、遠慮がちに指摘します。「その一枚だけ、ひどく綺麗じゃない気がするので、撮り直されてはどうですか？」,-17.336955904960632,8.670148758938012e-07
63,綺麗,warning,colleague,まあまあ,商品の撮影写真を選んだ同僚が、それを大輔に見せてきます。大輔は力になりたいと思い、遠慮がちに指摘します。「その一枚だけ、まあまあ綺麗じゃない気がするので、撮り直されてはどうですか？」,-12.721581220626831,8.759074989939108e-05
63,綺麗,warning,colleague,マジで,商品の撮影写真を選んだ同僚が、それを大輔に見せてきます。大輔は力になりたいと思い、遠慮がちに指摘します。「その一枚だけ、マジで綺麗じゃない気がするので、撮り直されてはどうですか？」,-13.789981126785278,3.0092500310274772e-05
63,綺麗,warning,colleague,めっちゃ,商品の撮影写真を選んだ同僚が、それを大輔に見せてきます。大輔は力になりたいと思い、遠慮がちに指摘します。「その一枚だけ、めっちゃ綺麗じゃない気がするので、撮り直されてはどうですか？」,-11.854398518800735,0.0002084831357933581
63,綺麗,warning,colleague,やや,商品の撮影写真を選んだ同僚が、それを大輔に見せてきます。大輔は力になりたいと思い、遠慮がちに指摘します。「その一枚だけ、やや綺麗じゃない気がするので、撮り直されてはどうですか？」,-14.58885669708252,1.3536640835809521e-05
63,綺麗,warning,colleague,結構,商品の撮影写真を選んだ同僚が、それを大輔に見せてきます。大輔は力になりたいと思い、遠慮がちに指摘します。「その一枚だけ、結構綺麗じゃない気がするので、撮り直されてはどうですか？」,-8.608747720718384,0.005353519227355719
63,綺麗,warning,colleague,若干,商品の撮影写真を選んだ同僚が、それを大輔に見せてきます。大輔は力になりたいと思い、遠慮がちに指摘します。「その一枚だけ、若干綺麗じゃない気がするので、撮り直されてはどうですか？」,-10.00697922706604,0.0013224983122199774
63,綺麗,warning,colleague,少し,商品の撮影写真を選んだ同僚が、それを大輔に見せてきます。大輔は力になりたいと思い、遠慮がちに指摘します。「その一枚だけ、少し綺麗じゃない気がするので、撮り直されてはどうですか？」,-7.73744797706604,0.012794991955161095
63,綺麗,warning,colleague,少しも,商品の撮影写真を選んだ同僚が、それを大輔に見せてきます。大輔は力になりたいと思い、遠慮がちに指摘します。「その一枚だけ、少しも綺麗じゃない気がするので、撮り直されてはどうですか？」,-11.422715663909912,0.00032103198464028537
63,綺麗,warning,colleague,全然,商品の撮影写真を選んだ同僚が、それを大輔に見せてきます。大輔は力になりたいと思い、遠慮がちに指摘します。「その一枚だけ、全然綺麗じゃない気がするので、撮り直されてはどうですか？」,-5.283090829849243,0.14892025291919708
63,綺麗,warning,colleague,相当,商品の撮影写真を選んだ同僚が、それを大輔に見せてきます。大輔は力になりたいと思い、遠慮がちに指摘します。「その一枚だけ、相当綺麗じゃない気がするので、撮り直されてはどうですか？」,-8.96898102760315,0.0037341522984206676
63,綺麗,warning,colleague,超,商品の撮影写真を選んだ同僚が、それを大輔に見せてきます。大輔は力になりたいと思い、遠慮がちに指摘します。「その一枚だけ、超綺麗じゃない気がするので、撮り直されてはどうですか？」,-9.871774911880493,0.001513957162387669
63,綺麗,warning,colleague,非常に,商品の撮影写真を選んだ同僚が、それを大輔に見せてきます。大輔は力になりたいと思い、遠慮がちに指摘します。「その一枚だけ、非常に綺麗じゃない気がするので、撮り直されてはどうですか？」,-9.601614236831665,0.0019835487473756075
63,綺麗,warning,colleague,微妙に,商品の撮影写真を選んだ同僚が、それを大輔に見せてきます。大輔は力になりたいと思い、遠慮がちに指摘します。「その一枚だけ、微妙に綺麗じゃない気がするので、撮り直されてはどうですか？」,-10.807163953781128,0.0005941267008893192
63,綺麗,warning,colleague,普通に,商品の撮影写真を選んだ同僚が、それを大輔に見せてきます。大輔は力になりたいと思い、遠慮がちに指摘します。「その一枚だけ、普通に綺麗じゃない気がするので、撮り直されてはどうですか？」,-10.700494527816772,0.0006610054988414049
63,綺麗,warning,colleague,本当に,商品の撮影写真を選んだ同僚が、それを大輔に見せてきます。大輔は力になりたいと思い、遠慮がちに指摘します。「その一枚だけ、本当に綺麗じゃない気がするので、撮り直されてはどうですか？」,-6.6565001010894775,0.03771287947893143
63,綺麗,warning,colleague,全く,商品の撮影写真を選んだ同僚が、それを大輔に見せてきます。大輔は力になりたいと思い、遠慮がちに指摘します。「その一枚だけ、全く綺麗じゃない気がするので、撮り直されてはどうですか？」,-7.951486825942993,0.010329614393413067
64,綺麗,non-committal,colleague,あまり,買うアクセサリーについて同僚に意見を求められます。自分の意見を押し付けたくない大輔は、慎重に答えます。「そちらは、あまり綺麗じゃないかもしれないですけど、丈夫らしいですね。」,-5.533056259155273,0.35743722319602966
64,綺麗,non-committal,colleague,いまいち,買うアクセサリーについて同僚に意見を求められます。自分の意見を押し付けたくない大輔は、慎重に答えます。「そちらは、いまいち綺麗じゃないかもしれないですけど、丈夫らしいですね。」,-13.470094084739685,0.00012769921158906072
64,綺麗,non-committal,colleague,かなり,買うアクセサリーについて同僚に意見を求められます。自分の意見を押し付けたくない大輔は、慎重に答えます。「そちらは、かなり綺麗じゃないかもしれないですけど、丈夫らしいですね。」,-9.333692789077759,0.007991060614585876
64,綺麗,non-committal,colleague,すごく,買うアクセサリーについて同僚に意見を求められます。自分の意見を押し付けたくない大輔は、慎重に答えます。「そちらは、すごく綺麗じゃないかもしれないですけど、丈夫らしいですね。」,-8.372698068618774,0.020890993997454643
64,綺麗,non-committal,colleague,そこまで,買うアクセサリーについて同僚に意見を求められます。自分の意見を押し付けたくない大輔は、慎重に答えます。「そちらは、そこまで綺麗じゃないかもしれないですけど、丈夫らしいですね。」,-7.325654983520508,0.05952289700508118
64,綺麗,non-committal,colleague,それほど,買うアクセサリーについて同僚に意見を求められます。自分の意見を押し付けたくない大輔は、慎重に答えます。「そちらは、それほど綺麗じゃないかもしれないですけど、丈夫らしいですね。」,-7.662332534790039,0.04250762611627579
64,綺麗,non-committal,colleague,そんなに,買うアクセサリーについて同僚に意見を求められます。自分の意見を押し付けたくない大輔は、慎重に答えます。「そちらは、そんなに綺麗じゃないかもしれないですけど、丈夫らしいですね。」,-6.514959335327148,0.1338951140642166
64,綺麗,non-committal,colleague,たいして,買うアクセサリーについて同僚に意見を求められます。自分の意見を押し付けたくない大輔は、慎重に答えます。「そちらは、たいして綺麗じゃないかもしれないですけど、丈夫らしいですね。」,-14.417892098426819,4.9495352868689224e-05
64,綺麗,non-committal,colleague,だいぶ,買うアクセサリーについて同僚に意見を求められます。自分の意見を押し付けたくない大輔は、慎重に答えます。「そちらは、だいぶ綺麗じゃないかもしれないですけど、丈夫らしいですね。」,-14.081774030346423,6.926900096004829e-05
64,綺麗,non-committal,colleague,ちっとも,買うアクセサリーについて同僚に意見を求められます。自分の意見を押し付けたくない大輔は、慎重に答えます。「そちらは、ちっとも綺麗じゃないかもしれないですけど、丈夫らしいですね。」,-17.511700302362442,2.2435774553741794e-06
64,綺麗,non-committal,colleague,ちょっと,買うアクセサリーについて同僚に意見を求められます。自分の意見を押し付けたくない大輔は、慎重に答えます。「そちらは、ちょっと綺麗じゃないかもしれないですけど、丈夫らしいですね。」,-6.79216194152832,0.10147922486066818
64,綺麗,non-committal,colleague,とても,買うアクセサリーについて同僚に意見を求められます。自分の意見を押し付けたくない大輔は、慎重に答えます。「そちらは、とても綺麗じゃないかもしれないですけど、丈夫らしいですね。」,-6.507875442504883,0.13484697043895721
64,綺麗,non-committal,colleague,なかなか,買うアクセサリーについて同僚に意見を求められます。自分の意見を押し付けたくない大輔は、慎重に答えます。「そちらは、なかなか綺麗じゃないかもしれないですけど、丈夫らしいですね。」,-8.123808145523071,0.026794807985424995
64,綺麗,non-committal,colleague,（なし）,買うアクセサリーについて同僚に意見を求められます。自分の意見を押し付けたくない大輔は、慎重に答えます。「そちらは、（なし）綺麗じゃないかもしれないですけど、丈夫らしいですね。」,-29.160199642181396,1.959122447603434e-11
64,綺麗,non-committal,colleague,ひどく,買うアクセサリーについて同僚に意見を求められます。自分の意見を押し付けたくない大輔は、慎重に答えます。「そちらは、ひどく綺麗じゃないかもしれないですけど、丈夫らしいですね。」,-18.143014430999756,1.193340267491294e-06
64,綺麗,non-committal,colleague,まあまあ,買うアクセサリーについて同僚に意見を求められます。自分の意見を押し付けたくない大輔は、慎重に答えます。「そちらは、まあまあ綺麗じゃないかもしれないですけど、丈夫らしいですね。」,-14.431387662887573,4.883188375970349e-05
64,綺麗,non-committal,colleague,マジで,買うアクセサリーについて同僚に意見を求められます。自分の意見を押し付けたくない大輔は、慎重に答えます。「そちらは、マジで綺麗じゃないかもしれないですけど、丈夫らしいですね。」,-15.508322834968567,1.6633995983283967e-05
64,綺麗,non-committal,colleague,めっちゃ,買うアクセサリーについて同僚に意見を求められます。自分の意見を押し付けたくない大輔は、慎重に答えます。「そちらは、めっちゃ綺麗じゃないかもしれないですけど、丈夫らしいですね。」,-12.844744332134724,0.00023865682305768132
64,綺麗,non-committal,colleague,やや,買うアクセサリーについて同僚に意見を求められます。自分の意見を押し付けたくない大輔は、慎重に答えます。「そちらは、やや綺麗じゃないかもしれないですけど、丈夫らしいですね。」,-14.263874888420105,5.77368846279569e-05
64,綺麗,non-committal,colleague,結構,買うアクセサリーについて同僚に意見を求められます。自分の意見を押し付けたくない大輔は、慎重に答えます。「そちらは、結構綺麗じゃないかもしれないですけど、丈夫らしいですね。」,-9.62105393409729,0.005995218642055988
64,綺麗,non-committal,colleague,若干,買うアクセサリーについて同僚に意見を求められます。自分の意見を押し付けたくない大輔は、慎重に答えます。「そちらは、若干綺麗じゃないかもしれないですけど、丈夫らしいですね。」,-9.042787790298462,0.010689142160117626
64,綺麗,non-committal,colleague,少し,買うアクセサリーについて同僚に意見を求められます。自分の意見を押し付けたくない大輔は、慎重に答えます。「そちらは、少し綺麗じゃないかもしれないですけど、丈夫らしいですね。」,-8.577852487564087,0.01701616309583187
64,綺麗,non-committal,colleague,少しも,買うアクセサリーについて同僚に意見を求められます。自分の意見を押し付けたくない大輔は、慎重に答えます。「そちらは、少しも綺麗じゃないかもしれないですけど、丈夫らしいですね。」,-13.484671711921692,0.00012585113290697336
64,綺麗,non-committal,colleague,全然,買うアクセサリーについて同僚に意見を求められます。自分の意見を押し付けたくない大輔は、慎重に答えます。「そちらは、全然綺麗じゃないかもしれないですけど、丈夫らしいですね。」,-7.432039260864258,0.05351578816771507
64,綺麗,non-committal,colleague,相当,買うアクセサリーについて同僚に意見を求められます。自分の意見を押し付けたくない大輔は、慎重に答えます。「そちらは、相当綺麗じゃないかもしれないですけど、丈夫らしいですね。」,-9.712137460708618,0.005473284050822258
64,綺麗,non-committal,colleague,超,買うアクセサリーについて同僚に意見を求められます。自分の意見を押し付けたくない大輔は、慎重に答えます。「そちらは、超綺麗じゃないかもしれないですけど、丈夫らしいですね。」,-11.894533395767212,0.0006172278081066906
64,綺麗,non-committal,colleague,非常に,買うアクセサリーについて同僚に意見を求められます。自分の意見を押し付けたくない大輔は、慎重に答えます。「そちらは、非常に綺麗じゃないかもしれないですけど、丈夫らしいですね。」,-10.6322500705719,0.002180962124839425
64,綺麗,non-committal,colleague,微妙に,買うアクセサリーについて同僚に意見を求められます。自分の意見を押し付けたくない大輔は、慎重に答えます。「そちらは、微妙に綺麗じゃないかもしれないですけど、丈夫らしいですね。」,-11.437415674328804,0.0009749197633937001
64,綺麗,non-committal,colleague,普通に,買うアクセサリーについて同僚に意見を求められます。自分の意見を押し付けたくない大輔は、慎重に答えます。「そちらは、普通に綺麗じゃないかもしれないですけど、丈夫らしいですね。」,-11.267271280288696,0.0011557447724044323
64,綺麗,non-committal,colleague,本当に,買うアクセサリーについて同僚に意見を求められます。自分の意見を押し付けたくない大輔は、慎重に答えます。「そちらは、本当に綺麗じゃないかもしれないですけど、丈夫らしいですね。」,-8.784918069839478,0.013833568431437016
64,綺麗,non-committal,colleague,全く,買うアクセサリーについて同僚に意見を求められます。自分の意見を押し付けたくない大輔は、慎重に答えます。「そちらは、全く綺麗じゃないかもしれないですけど、丈夫らしいですね。」,-10.518198251724243,0.0024444449227303267
65,綺麗,acknowledge,colleague,あまり,同僚が絶対綺麗だと勧めてきた展望台に、大輔は半信半疑で行きました。しかし、同僚の言った通りに綺麗でした。翌日、大輔は教えてもらったことについて感謝します。「夜景、あまり綺麗でした。教えてくれてありがとうございます。」,-11.275144577026367,0.0005887133884243667
65,綺麗,acknowledge,colleague,いまいち,同僚が絶対綺麗だと勧めてきた展望台に、大輔は半信半疑で行きました。しかし、同僚の言った通りに綺麗でした。翌日、大輔は教えてもらったことについて感謝します。「夜景、いまいち綺麗でした。教えてくれてありがとうございます。」,-16.38789463043213,3.543767206792836e-06
65,綺麗,acknowledge,colleague,かなり,同僚が絶対綺麗だと勧めてきた展望台に、大輔は半信半疑で行きました。しかし、同僚の言った通りに綺麗でした。翌日、大輔は教えてもらったことについて感謝します。「夜景、かなり綺麗でした。教えてくれてありがとうございます。」,-8.601884841918945,0.008528758771717548
65,綺麗,acknowledge,colleague,すごく,同僚が絶対綺麗だと勧めてきた展望台に、大輔は半信半疑で行きました。しかし、同僚の言った通りに綺麗でした。翌日、大輔は教えてもらったことについて感謝します。「夜景、すごく綺麗でした。教えてくれてありがとうございます。」,-6.868474960327148,0.04827210307121277
65,綺麗,acknowledge,colleague,そこまで,同僚が絶対綺麗だと勧めてきた展望台に、大輔は半信半疑で行きました。しかし、同僚の言った通りに綺麗でした。翌日、大輔は教えてもらったことについて感謝します。「夜景、そこまで綺麗でした。教えてくれてありがとうございます。」,-14.616765975952148,2.0828412743867375e-05
65,綺麗,acknowledge,colleague,それほど,同僚が絶対綺麗だと勧めてきた展望台に、大輔は半信半疑で行きました。しかし、同僚の言った通りに綺麗でした。翌日、大輔は教えてもらったことについて感謝します。「夜景、それほど綺麗でした。教えてくれてありがとうございます。」,-13.157373428344727,8.963183790910989e-05
65,綺麗,acknowledge,colleague,そんなに,同僚が絶対綺麗だと勧めてきた展望台に、大輔は半信半疑で行きました。しかし、同僚の言った通りに綺麗でした。翌日、大輔は教えてもらったことについて感謝します。「夜景、そんなに綺麗でした。教えてくれてありがとうございます。」,-12.833005905151367,0.00012397477985359728
65,綺麗,acknowledge,colleague,たいして,同僚が絶対綺麗だと勧めてきた展望台に、大輔は半信半疑で行きました。しかし、同僚の言った通りに綺麗でした。翌日、大輔は教えてもらったことについて感謝します。「夜景、たいして綺麗でした。教えてくれてありがとうございます。」,-14.100981950759888,3.4886579669546336e-05
65,綺麗,acknowledge,colleague,だいぶ,同僚が絶対綺麗だと勧めてきた展望台に、大輔は半信半疑で行きました。しかし、同僚の言った通りに綺麗でした。翌日、大輔は教えてもらったことについて感謝します。「夜景、だいぶ綺麗でした。教えてくれてありがとうございます。」,-11.674098528455943,0.00039503921288996935
65,綺麗,acknowledge,colleague,ちっとも,同僚が絶対綺麗だと勧めてきた展望台に、大輔は半信半疑で行きました。しかし、同僚の言った通りに綺麗でした。翌日、大輔は教えてもらったことについて感謝します。「夜景、ちっとも綺麗でした。教えてくれてありがとうございます。」,-17.96011459827423,7.356274522862805e-07
65,綺麗,acknowledge,colleague,ちょっと,同僚が絶対綺麗だと勧めてきた展望台に、大輔は半信半疑で行きました。しかし、同僚の言った通りに綺麗でした。翌日、大輔は教えてもらったことについて感謝します。「夜景、ちょっと綺麗でした。教えてくれてありがとうございます。」,-10.887460708618164,0.0008675067219883204
65,綺麗,acknowledge,colleague,とても,同僚が絶対綺麗だと勧めてきた展望台に、大輔は半信半疑で行きました。しかし、同僚の言った通りに綺麗でした。翌日、大輔は教えてもらったことについて感謝します。「夜景、とても綺麗でした。教えてくれてありがとうございます。」,-4.649865984916687,0.44383934140205383
65,綺麗,acknowledge,colleague,なかなか,同僚が絶対綺麗だと勧めてきた展望台に、大輔は半信半疑で行きました。しかし、同僚の言った通りに綺麗でした。翌日、大輔は教えてもらったことについて感謝します。「夜景、なかなか綺麗でした。教えてくれてありがとうございます。」,-9.746362686157227,0.002715472597628832
65,綺麗,acknowledge,colleague,（なし）,同僚が絶対綺麗だと勧めてきた展望台に、大輔は半信半疑で行きました。しかし、同僚の言った通りに綺麗でした。翌日、大輔は教えてもらったことについて感謝します。「夜景、（なし）綺麗でした。教えてくれてありがとうございます。」,-26.93434238433838,9.315391513720073e-11
65,綺麗,acknowledge,colleague,ひどく,同僚が絶対綺麗だと勧めてきた展望台に、大輔は半信半疑で行きました。しかし、同僚の言った通りに綺麗でした。翌日、大輔は教えてもらったことについて感謝します。「夜景、ひどく綺麗でした。教えてくれてありがとうございます。」,-17.02091896533966,1.88167859960231e-06
65,綺麗,acknowledge,colleague,まあまあ,同僚が絶対綺麗だと勧めてきた展望台に、大輔は半信半疑で行きました。しかし、同僚の言った通りに綺麗でした。翌日、大輔は教えてもらったことについて感謝します。「夜景、まあまあ綺麗でした。教えてくれてありがとうございます。」,-11.686124086380005,0.0003903173783328384
65,綺麗,acknowledge,colleague,マジで,同僚が絶対綺麗だと勧めてきた展望台に、大輔は半信半疑で行きました。しかし、同僚の言った通りに綺麗でした。翌日、大輔は教えてもらったことについて感謝します。「夜景、マジで綺麗でした。教えてくれてありがとうございます。」,-12.49327239394188,0.0001741315791150555
65,綺麗,acknowledge,colleague,めっちゃ,同僚が絶対綺麗だと勧めてきた展望台に、大輔は半信半疑で行きました。しかし、同僚の言った通りに綺麗でした。翌日、大輔は教えてもらったことについて感謝します。「夜景、めっちゃ綺麗でした。教えてくれてありがとうございます。」,-12.794617302715778,0.00012882647570222616
65,綺麗,acknowledge,colleague,やや,同僚が絶対綺麗だと勧めてきた展望台に、大輔は半信半疑で行きました。しかし、同僚の言った通りに綺麗でした。翌日、大輔は教えてもらったことについて感謝します。「夜景、やや綺麗でした。教えてくれてありがとうございます。」,-12.276626825332642,0.00021625481895171106
65,綺麗,acknowledge,colleague,結構,同僚が絶対綺麗だと勧めてきた展望台に、大輔は半信半疑で行きました。しかし、同僚の言った通りに綺麗でした。翌日、大輔は教えてもらったことについて感謝します。「夜景、結構綺麗でした。教えてくれてありがとうございます。」,-10.829656600952148,0.0009191298158839345
65,綺麗,acknowledge,colleague,若干,同僚が絶対綺麗だと勧めてきた展望台に、大輔は半信半疑で行きました。しかし、同僚の言った通りに綺麗でした。翌日、大輔は教えてもらったことについて感謝します。「夜景、若干綺麗でした。教えてくれてありがとうございます。」,-15.64470100402832,7.451259079971351e-06
65,綺麗,acknowledge,colleague,少し,同僚が絶対綺麗だと勧めてきた展望台に、大輔は半信半疑で行きました。しかし、同僚の言った通りに綺麗でした。翌日、大輔は教えてもらったことについて感謝します。「夜景、少し綺麗でした。教えてくれてありがとうございます。」,-12.053491592407227,0.0002703162026591599
65,綺麗,acknowledge,colleague,少しも,同僚が絶対綺麗だと勧めてきた展望台に、大輔は半信半疑で行きました。しかし、同僚の言った通りに綺麗でした。翌日、大輔は教えてもらったことについて感謝します。「夜景、少しも綺麗でした。教えてくれてありがとうございます。」,-14.669527530670166,1.9757970221689902e-05
65,綺麗,acknowledge,colleague,全然,同僚が絶対綺麗だと勧めてきた展望台に、大輔は半信半疑で行きました。しかし、同僚の言った通りに綺麗でした。翌日、大輔は教えてもらったことについて感謝します。「夜景、全然綺麗でした。教えてくれてありがとうございます。」,-11.405515670776367,0.0005167547496967018
65,綺麗,acknowledge,colleague,相当,同僚が絶対綺麗だと勧めてきた展望台に、大輔は半信半疑で行きました。しかし、同僚の言った通りに綺麗でした。翌日、大輔は教えてもらったことについて感謝します。「夜景、相当綺麗でした。教えてくれてありがとうございます。」,-9.364713668823242,0.003977347165346146
65,綺麗,acknowledge,colleague,超,同僚が絶対綺麗だと勧めてきた展望台に、大輔は半信半疑で行きました。しかし、同僚の言った通りに綺麗でした。翌日、大輔は教えてもらったことについて感謝します。「夜景、超綺麗でした。教えてくれてありがとうございます。」,-8.65538215637207,0.008084483444690704
65,綺麗,acknowledge,colleague,非常に,同僚が絶対綺麗だと勧めてきた展望台に、大輔は半信半疑で行きました。しかし、同僚の言った通りに綺麗でした。翌日、大輔は教えてもらったことについて感謝します。「夜景、非常に綺麗でした。教えてくれてありがとうございます。」,-8.031744003295898,0.015083248727023602
65,綺麗,acknowledge,colleague,微妙に,同僚が絶対綺麗だと勧めてきた展望台に、大輔は半信半疑で行きました。しかし、同僚の言った通りに綺麗でした。翌日、大輔は教えてもらったことについて感謝します。「夜景、微妙に綺麗でした。教えてくれてありがとうございます。」,-13.827519103884697,4.5858683733968064e-05
65,綺麗,acknowledge,colleague,普通に,同僚が絶対綺麗だと勧めてきた展望台に、大輔は半信半疑で行きました。しかし、同僚の言った通りに綺麗でした。翌日、大輔は教えてもらったことについて感謝します。「夜景、普通に綺麗でした。教えてくれてありがとうございます。」,-11.673543930053711,0.0003952585393562913
65,綺麗,acknowledge,colleague,本当に,同僚が絶対綺麗だと勧めてきた展望台に、大輔は半信半疑で行きました。しかし、同僚の言った通りに綺麗でした。翌日、大輔は教えてもらったことについて感謝します。「夜景、本当に綺麗でした。教えてくれてありがとうございます。」,-4.605260729789734,0.46408507227897644
65,綺麗,acknowledge,colleague,全く,同僚が絶対綺麗だと勧めてきた展望台に、大輔は半信半疑で行きました。しかし、同僚の言った通りに綺麗でした。翌日、大輔は教えてもらったことについて感謝します。「夜景、全く綺麗でした。教えてくれてありがとうございます。」,-12.338888168334961,0.0002032010379480198
66,綺麗,neutral-positive,colleague,あまり,出張から戻った大輔は、同じ場所に行く同僚に、その施設がどれくらい綺麗だったか聞かれ、答えます。「あそこ、あまり綺麗でした。」,-8.575763821601868,0.0020218444988131523
66,綺麗,neutral-positive,colleague,いまいち,出張から戻った大輔は、同じ場所に行く同僚に、その施設がどれくらい綺麗だったか聞かれ、答えます。「あそこ、いまいち綺麗でした。」,-12.880549430847168,2.730253982008435e-05
66,綺麗,neutral-positive,colleague,かなり,出張から戻った大輔は、同じ場所に行く同僚に、その施設がどれくらい綺麗だったか聞かれ、答えます。「あそこ、かなり綺麗でした。」,-4.98105251789093,0.07360562682151794
66,綺麗,neutral-positive,colleague,すごく,出張から戻った大輔は、同じ場所に行く同僚に、その施設がどれくらい綺麗だったか聞かれ、答えます。「あそこ、すごく綺麗でした。」,-4.083156704902649,0.18066008388996124
66,綺麗,neutral-positive,colleague,そこまで,出張から戻った大輔は、同じ場所に行く同僚に、その施設がどれくらい綺麗だったか聞かれ、答えます。「あそこ、そこまで綺麗でした。」,-11.293098092079163,0.0001335439592367038
66,綺麗,neutral-positive,colleague,それほど,出張から戻った大輔は、同じ場所に行く同僚に、その施設がどれくらい綺麗だったか聞かれ、答えます。「あそこ、それほど綺麗でした。」,-9.32031261920929,0.0009602720965631306
66,綺麗,neutral-positive,colleague,そんなに,出張から戻った大輔は、同じ場所に行く同僚に、その施設がどれくらい綺麗だったか聞かれ、答えます。「あそこ、そんなに綺麗でした。」,-8.330352902412415,0.0025842131581157446
66,綺麗,neutral-positive,colleague,たいして,出張から戻った大輔は、同じ場所に行く同僚に、その施設がどれくらい綺麗だったか聞かれ、答えます。「あそこ、たいして綺麗でした。」,-10.977020740509033,0.00018318726506549865
66,綺麗,neutral-positive,colleague,だいぶ,出張から戻った大輔は、同じ場所に行く同僚に、その施設がどれくらい綺麗だったか聞かれ、答えます。「あそこ、だいぶ綺麗でした。」,-8.175863394106273,0.003015937050804496
66,綺麗,neutral-positive,colleague,ちっとも,出張から戻った大輔は、同じ場所に行く同僚に、その施設がどれくらい綺麗だったか聞かれ、答えます。「あそこ、ちっとも綺麗でした。」,-14.400244355201721,5.973210136289708e-06
66,綺麗,neutral-positive,colleague,ちょっと,出張から戻った大輔は、同じ場所に行く同僚に、その施設がどれくらい綺麗だったか聞かれ、答えます。「あそこ、ちょっと綺麗でした。」,-7.335826992988586,0.0069862715899944305
66,綺麗,neutral-positive,colleague,とても,出張から戻った大輔は、同じ場所に行く同僚に、その施設がどれくらい綺麗だったか聞かれ、答えます。「あそこ、とても綺麗でした。」,-3.6302642822265625,0.284152090549469
66,綺麗,neutral-positive,colleague,なかなか,出張から戻った大輔は、同じ場所に行く同僚に、その施設がどれくらい綺麗だったか聞かれ、答えます。「あそこ、なかなか綺麗でした。」,-7.880622982978821,0.0040517584420740604
66,綺麗,neutral-positive,colleague,（なし）,出張から戻った大輔は、同じ場所に行く同僚に、その施設がどれくらい綺麗だったか聞かれ、答えます。「あそこ、（なし）綺麗でした。」,-27.27505111694336,1.5302077313594786e-11
66,綺麗,neutral-positive,colleague,ひどく,出張から戻った大輔は、同じ場所に行く同僚に、その施設がどれくらい綺麗だったか聞かれ、答えます。「あそこ、ひどく綺麗でした。」,-12.007171168923378,6.538922752952203e-05
66,綺麗,neutral-positive,colleague,まあまあ,出張から戻った大輔は、同じ場所に行く同僚に、その施設がどれくらい綺麗だったか聞かれ、答えます。「あそこ、まあまあ綺麗でした。」,-8.240510523319244,0.00282713258638978
66,綺麗,neutral-positive,colleague,マジで,出張から戻った大輔は、同じ場所に行く同僚に、その施設がどれくらい綺麗だったか聞かれ、答えます。「あそこ、マジで綺麗でした。」,-10.94979514181614,0.00018824313883669674
66,綺麗,neutral-positive,colleague,めっちゃ,出張から戻った大輔は、同じ場所に行く同僚に、その施設がどれくらい綺麗だったか聞かれ、答えます。「あそこ、めっちゃ綺麗でした。」,-10.043558180332184,0.0004658999969251454
66,綺麗,neutral-positive,colleague,やや,出張から戻った大輔は、同じ場所に行く同僚に、その施設がどれくらい綺麗だったか聞かれ、答えます。「あそこ、やや綺麗でした。」,-11.350804448127747,0.00012605582014657557
66,綺麗,neutral-positive,colleague,結構,出張から戻った大輔は、同じ場所に行く同僚に、その施設がどれくらい綺麗だったか聞かれ、答えます。「あそこ、結構綺麗でした。」,-5.86697781085968,0.030349992215633392
66,綺麗,neutral-positive,colleague,若干,出張から戻った大輔は、同じ場所に行く同僚に、その施設がどれくらい綺麗だったか聞かれ、答えます。「あそこ、若干綺麗でした。」,-11.470313668251038,0.00011185630864929408
66,綺麗,neutral-positive,colleague,少し,出張から戻った大輔は、同じ場所に行く同僚に、その施設がどれくらい綺麗だったか聞かれ、答えます。「あそこ、少し綺麗でした。」,-8.60717785358429,0.001959317596629262
66,綺麗,neutral-positive,colleague,少しも,出張から戻った大輔は、同じ場所に行く同僚に、その施設がどれくらい綺麗だったか聞かれ、答えます。「あそこ、少しも綺麗でした。」,-12.476680278778076,4.088848072569817e-05
66,綺麗,neutral-positive,colleague,全然,出張から戻った大輔は、同じ場所に行く同僚に、その施設がどれくらい綺麗だったか聞かれ、答えます。「あそこ、全然綺麗でした。」,-7.879043698310852,0.004058162681758404
66,綺麗,neutral-positive,colleague,相当,出張から戻った大輔は、同じ場所に行く同僚に、その施設がどれくらい綺麗だったか聞かれ、答えます。「あそこ、相当綺麗でした。」,-5.935409665107727,0.028342554345726967
66,綺麗,neutral-positive,colleague,超,出張から戻った大輔は、同じ場所に行く同僚に、その施設がどれくらい綺麗だったか聞かれ、答えます。「あそこ、超綺麗でした。」,-7.317394375801086,0.007116241380572319
66,綺麗,neutral-positive,colleague,非常に,出張から戻った大輔は、同じ場所に行く同僚に、その施設がどれくらい綺麗だったか聞かれ、答えます。「あそこ、非常に綺麗でした。」,-6.136608242988586,0.023177124559879303
66,綺麗,neutral-positive,colleague,微妙に,出張から戻った大輔は、同じ場所に行く同僚に、その施設がどれくらい綺麗だったか聞かれ、答えます。「あそこ、微妙に綺麗でした。」,-11.095265157520771,0.00016275790403597057
66,綺麗,neutral-positive,colleague,普通に,出張から戻った大輔は、同じ場所に行く同僚に、その施設がどれくらい綺麗だったか聞かれ、答えます。「あそこ、普通に綺麗でした。」,-6.813522458076477,0.011778214015066624
66,綺麗,neutral-positive,colleague,本当に,出張から戻った大輔は、同じ場所に行く同僚に、その施設がどれくらい綺麗だったか聞かれ、答えます。「あそこ、本当に綺麗でした。」,-3.479633331298828,0.3303459882736206
66,綺麗,neutral-positive,colleague,全く,出張から戻った大輔は、同じ場所に行く同僚に、その施設がどれくらい綺麗だったか聞かれ、答えます。「あそこ、全く綺麗でした。」,-9.980876564979553,0.0004960378282703459
67,綺麗,neutral-negative,colleague,あまり,出張から戻った大輔は、同じ場所に行く同僚に、その施設がどれくらい綺麗だったか聞かれ、答えます。「あそこ、あまり綺麗じゃなかったです。」,-4.811012506484985,0.18315468728542328
67,綺麗,neutral-negative,colleague,いまいち,出張から戻った大輔は、同じ場所に行く同僚に、その施設がどれくらい綺麗だったか聞かれ、答えます。「あそこ、いまいち綺麗じゃなかったです。」,-12.189187049865723,0.0001144240886787884
67,綺麗,neutral-negative,colleague,かなり,出張から戻った大輔は、同じ場所に行く同僚に、その施設がどれくらい綺麗だったか聞かれ、答えます。「あそこ、かなり綺麗じゃなかったです。」,-9.552112817764282,0.0015987639781087637
67,綺麗,neutral-negative,colleague,すごく,出張から戻った大輔は、同じ場所に行く同僚に、その施設がどれくらい綺麗だったか聞かれ、答えます。「あそこ、すごく綺麗じゃなかったです。」,-8.020546197891235,0.007394950836896896
67,綺麗,neutral-negative,colleague,そこまで,出張から戻った大輔は、同じ場所に行く同僚に、その施設がどれくらい綺麗だったか聞かれ、答えます。「あそこ、そこまで綺麗じゃなかったです。」,-7.646660089492798,0.01074761152267456
67,綺麗,neutral-negative,colleague,それほど,出張から戻った大輔は、同じ場所に行く同僚に、その施設がどれくらい綺麗だったか聞かれ、答えます。「あそこ、それほど綺麗じゃなかったです。」,-7.528480768203735,0.012095855548977852
67,綺麗,neutral-negative,colleague,そんなに,出張から戻った大輔は、同じ場所に行く同僚に、その施設がどれくらい綺麗だったか聞かれ、答えます。「あそこ、そんなに綺麗じゃなかったです。」,-4.493114709854126,0.25169774889945984
67,綺麗,neutral-negative,colleague,たいして,出張から戻った大輔は、同じ場所に行く同僚に、その施設がどれくらい綺麗だったか聞かれ、答えます。「あそこ、たいして綺麗じゃなかったです。」,-11.540746569633484,0.00021884242596570402
67,綺麗,neutral-negative,colleague,だいぶ,出張から戻った大輔は、同じ場所に行く同僚に、その施設がどれくらい綺麗だったか聞かれ、答えます。「あそこ、だいぶ綺麗じゃなかったです。」,-10.616916016675532,0.000551246979739517
67,綺麗,neutral-negative,colleague,ちっとも,出張から戻った大輔は、同じ場所に行く同僚に、その施設がどれくらい綺麗だったか聞かれ、答えます。「あそこ、ちっとも綺麗じゃなかったです。」,-14.30379843711853,1.3808716175844893e-05
67,綺麗,neutral-negative,colleague,ちょっと,出張から戻った大輔は、同じ場所に行く同僚に、その施設がどれくらい綺麗だったか聞かれ、答えます。「あそこ、ちょっと綺麗じゃなかったです。」,-7.04309868812561,0.01965329423546791
67,綺麗,neutral-negative,colleague,とても,出張から戻った大輔は、同じ場所に行く同僚に、その施設がどれくらい綺麗だったか聞かれ、答えます。「あそこ、とても綺麗じゃなかったです。」,-6.764694452285767,0.02596239559352398
67,綺麗,neutral-negative,colleague,なかなか,出張から戻った大輔は、同じ場所に行く同僚に、その施設がどれくらい綺麗だったか聞かれ、答えます。「あそこ、なかなか綺麗じゃなかったです。」,-7.8428614139556885,0.00883288960903883
67,綺麗,neutral-negative,colleague,（なし）,出張から戻った大輔は、同じ場所に行く同僚に、その施設がどれくらい綺麗だったか聞かれ、答えます。「あそこ、（なし）綺麗じゃなかったです。」,-28.700862884521484,7.719475232648154e-12
67,綺麗,neutral-negative,colleague,ひどく,出張から戻った大輔は、同じ場所に行く同僚に、その施設がどれくらい綺麗だったか聞かれ、答えます。「あそこ、ひどく綺麗じゃなかったです。」,-13.350229918956757,3.5832974390359595e-05
67,綺麗,neutral-negative,colleague,まあまあ,出張から戻った大輔は、同じ場所に行く同僚に、その施設がどれくらい綺麗だったか聞かれ、答えます。「あそこ、まあまあ綺麗じゃなかったです。」,-11.366859436035156,0.0002604052715469152
67,綺麗,neutral-negative,colleague,マジで,出張から戻った大輔は、同じ場所に行く同僚に、その施設がどれくらい綺麗だったか聞かれ、答えます。「あそこ、マジで綺麗じゃなかったです。」,-12.070207118988037,0.00012888120545540005
67,綺麗,neutral-negative,colleague,めっちゃ,出張から戻った大輔は、同じ場所に行く同僚に、その施設がどれくらい綺麗だったか聞かれ、答えます。「あそこ、めっちゃ綺麗じゃなかったです。」,-10.998260483145714,0.0003764699213206768
67,綺麗,neutral-negative,colleague,やや,出張から戻った大輔は、同じ場所に行く同僚に、その施設がどれくらい綺麗だったか聞かれ、答えます。「あそこ、やや綺麗じゃなかったです。」,-15.005875587463379,6.842978564236546e-06
67,綺麗,neutral-negative,colleague,結構,出張から戻った大輔は、同じ場所に行く同僚に、その施設がどれくらい綺麗だったか聞かれ、答えます。「あそこ、結構綺麗じゃなかったです。」,-9.431514978408813,0.0018036793917417526
67,綺麗,neutral-negative,colleague,若干,出張から戻った大輔は、同じ場所に行く同僚に、その施設がどれくらい綺麗だったか聞かれ、答えます。「あそこ、若干綺麗じゃなかったです。」,-12.794487237930298,6.246533303055912e-05
67,綺麗,neutral-negative,colleague,少し,出張から戻った大輔は、同じ場所に行く同僚に、その施設がどれくらい綺麗だったか聞かれ、答えます。「あそこ、少し綺麗じゃなかったです。」,-9.783611536026001,0.0012683692621067166
67,綺麗,neutral-negative,colleague,少しも,出張から戻った大輔は、同じ場所に行く同僚に、その施設がどれくらい綺麗だったか聞かれ、答えます。「あそこ、少しも綺麗じゃなかったです。」,-11.083847403526306,0.0003455895057413727
67,綺麗,neutral-negative,colleague,全然,出張から戻った大輔は、同じ場所に行く同僚に、その施設がどれくらい綺麗だったか聞かれ、答えます。「あそこ、全然綺麗じゃなかったです。」,-3.992691159248352,0.41515517234802246
67,綺麗,neutral-negative,colleague,相当,出張から戻った大輔は、同じ場所に行く同僚に、その施設がどれくらい綺麗だったか聞かれ、答えます。「あそこ、相当綺麗じゃなかったです。」,-9.26095986366272,0.0021390970796346664
67,綺麗,neutral-negative,colleague,超,出張から戻った大輔は、同じ場所に行く同僚に、その施設がどれくらい綺麗だったか聞かれ、答えます。「あそこ、超綺麗じゃなかったです。」,-10.955620050430298,0.00039287004619836807
67,綺麗,neutral-negative,colleague,非常に,出張から戻った大輔は、同じ場所に行く同僚に、その施設がどれくらい綺麗だったか聞かれ、答えます。「あそこ、非常に綺麗じゃなかったです。」,-11.042381525039673,0.00036022087442688644
67,綺麗,neutral-negative,colleague,微妙に,出張から戻った大輔は、同じ場所に行く同僚に、その施設がどれくらい綺麗だったか聞かれ、答えます。「あそこ、微妙に綺麗じゃなかったです。」,-12.638158857822418,7.303508027689531e-05
67,綺麗,neutral-negative,colleague,普通に,出張から戻った大輔は、同じ場所に行く同僚に、その施設がどれくらい綺麗だったか聞かれ、答えます。「あそこ、普通に綺麗じゃなかったです。」,-9.345421075820923,0.001965845702216029
67,綺麗,neutral-negative,colleague,本当に,出張から戻った大輔は、同じ場所に行く同僚に、その施設がどれくらい綺麗だったか聞かれ、答えます。「あそこ、本当に綺麗じゃなかったです。」,-6.4897730350494385,0.03417760506272316
67,綺麗,neutral-negative,colleague,全く,出張から戻った大輔は、同じ場所に行く同僚に、その施設がどれくらい綺麗だったか聞かれ、答えます。「あそこ、全く綺麗じゃなかったです。」,-7.055496454238892,0.01941114105284214
68,綺麗,annoyed,colleague,あまり,来客のために大輔が整えた会議室に、同僚が資料や私物を積み上げていきました。来客まで時間もなく、苛立った大輔は言います。「これ、あまり綺麗じゃなくなっちゃったんですけど。時間がないので、どけてもらえますか？」,-8.796936511993408,0.029548823833465576
68,綺麗,annoyed,colleague,いまいち,来客のために大輔が整えた会議室に、同僚が資料や私物を積み上げていきました。来客まで時間もなく、苛立った大輔は言います。「これ、いまいち綺麗じゃなくなっちゃったんですけど。時間がないので、どけてもらえますか？」,-13.473158836364746,0.000275221565971151
68,綺麗,annoyed,colleague,かなり,来客のために大輔が整えた会議室に、同僚が資料や私物を積み上げていきました。来客まで時間もなく、苛立った大輔は言います。「これ、かなり綺麗じゃなくなっちゃったんですけど。時間がないので、どけてもらえますか？」,-8.90763521194458,0.026452356949448586
68,綺麗,annoyed,colleague,すごく,来客のために大輔が整えた会議室に、同僚が資料や私物を積み上げていきました。来客まで時間もなく、苛立った大輔は言います。「これ、すごく綺麗じゃなくなっちゃったんですけど。時間がないので、どけてもらえますか？」,-8.982990741729736,0.02453227899968624
68,綺麗,annoyed,colleague,そこまで,来客のために大輔が整えた会議室に、同僚が資料や私物を積み上げていきました。来客まで時間もなく、苛立った大輔は言います。「これ、そこまで綺麗じゃなくなっちゃったんですけど。時間がないので、どけてもらえますか？」,-12.224491119384766,0.0009593386785127223
68,綺麗,annoyed,colleague,それほど,来客のために大輔が整えた会議室に、同僚が資料や私物を積み上げていきました。来客まで時間もなく、苛立った大輔は言います。「これ、それほど綺麗じゃなくなっちゃったんですけど。時間がないので、どけてもらえますか？」,-13.064002990722656,0.00041435877210460603
68,綺麗,annoyed,colleague,そんなに,来客のために大輔が整えた会議室に、同僚が資料や私物を積み上げていきました。来客まで時間もなく、苛立った大輔は言います。「これ、そんなに綺麗じゃなくなっちゃったんですけど。時間がないので、どけてもらえますか？」,-10.331577777862549,0.006368746981024742
68,綺麗,annoyed,colleague,たいして,来客のために大輔が整えた会議室に、同僚が資料や私物を積み上げていきました。来客まで時間もなく、苛立った大輔は言います。「これ、たいして綺麗じゃなくなっちゃったんですけど。時間がないので、どけてもらえますか？」,-14.764059364795685,7.569225272163749e-05
68,綺麗,annoyed,colleague,だいぶ,来客のために大輔が整えた会議室に、同僚が資料や私物を積み上げていきました。来客まで時間もなく、苛立った大輔は言います。「これ、だいぶ綺麗じゃなくなっちゃったんですけど。時間がないので、どけてもらえますか？」,-12.797270360053517,0.0005410244921222329
68,綺麗,annoyed,colleague,ちっとも,来客のために大輔が整えた会議室に、同僚が資料や私物を積み上げていきました。来客まで時間もなく、苛立った大輔は言います。「これ、ちっとも綺麗じゃなくなっちゃったんですけど。時間がないので、どけてもらえますか？」,-18.388593435287476,2.018068926190608e-06
68,綺麗,annoyed,colleague,ちょっと,来客のために大輔が整えた会議室に、同僚が資料や私物を積み上げていきました。来客まで時間もなく、苛立った大輔は言います。「これ、ちょっと綺麗じゃなくなっちゃったんですけど。時間がないので、どけてもらえますか？」,-5.774624347686768,0.6068949103355408
68,綺麗,annoyed,colleague,とても,来客のために大輔が整えた会議室に、同僚が資料や私物を積み上げていきました。来客まで時間もなく、苛立った大輔は言います。「これ、とても綺麗じゃなくなっちゃったんですけど。時間がないので、どけてもらえますか？」,-8.91986894607544,0.026130719110369682
68,綺麗,annoyed,colleague,なかなか,来客のために大輔が整えた会議室に、同僚が資料や私物を積み上げていきました。来客まで時間もなく、苛立った大輔は言います。「これ、なかなか綺麗じゃなくなっちゃったんですけど。時間がないので、どけてもらえますか？」,-8.572479724884033,0.03698456659913063
68,綺麗,annoyed,colleague,（なし）,来客のために大輔が整えた会議室に、同僚が資料や私物を積み上げていきました。来客まで時間もなく、苛立った大輔は言います。「これ、（なし）綺麗じゃなくなっちゃったんですけど。時間がないので、どけてもらえますか？」,-30.265941619873047,1.4017459935844467e-11
68,綺麗,annoyed,colleague,ひどく,来客のために大輔が整えた会議室に、同僚が資料や私物を積み上げていきました。来客まで時間もなく、苛立った大輔は言います。「これ、ひどく綺麗じゃなくなっちゃったんですけど。時間がないので、どけてもらえますか？」,-18.939761877059937,1.1629649634414818e-06
68,綺麗,annoyed,colleague,まあまあ,来客のために大輔が整えた会議室に、同僚が資料や私物を積み上げていきました。来客まで時間もなく、苛立った大輔は言います。「これ、まあまあ綺麗じゃなくなっちゃったんですけど。時間がないので、どけてもらえますか？」,-13.847906827926636,0.00018920455477200449
68,綺麗,annoyed,colleague,マジで,来客のために大輔が整えた会議室に、同僚が資料や私物を積み上げていきました。来客まで時間もなく、苛立った大輔は言います。「これ、マジで綺麗じゃなくなっちゃったんですけど。時間がないので、どけてもらえますか？」,-14.945697665214539,6.311995821306482e-05
68,綺麗,annoyed,colleague,めっちゃ,来客のために大輔が整えた会議室に、同僚が資料や私物を積み上げていきました。来客まで時間もなく、苛立った大輔は言います。「これ、めっちゃ綺麗じゃなくなっちゃったんですけど。時間がないので、どけてもらえますか？」,-12.56946336850524,0.0006794417859055102
68,綺麗,annoyed,colleague,やや,来客のために大輔が整えた会議室に、同僚が資料や私物を積み上げていきました。来客まで時間もなく、苛立った大輔は言います。「これ、やや綺麗じゃなくなっちゃったんですけど。時間がないので、どけてもらえますか？」,-15.248477458953857,4.663059371523559e-05
68,綺麗,annoyed,colleague,結構,来客のために大輔が整えた会議室に、同僚が資料や私物を積み上げていきました。来客まで時間もなく、苛立った大輔は言います。「これ、結構綺麗じゃなくなっちゃったんですけど。時間がないので、どけてもらえますか？」,-8.47373628616333,0.040822941809892654
68,綺麗,annoyed,colleague,若干,来客のために大輔が整えた会議室に、同僚が資料や私物を積み上げていきました。来客まで時間もなく、苛立った大輔は言います。「これ、若干綺麗じゃなくなっちゃったんですけど。時間がないので、どけてもらえますか？」,-12.199260711669922,0.0009838511468842626
68,綺麗,annoyed,colleague,少し,来客のために大輔が整えた会議室に、同僚が資料や私物を積み上げていきました。来客まで時間もなく、苛立った大輔は言います。「これ、少し綺麗じゃなくなっちゃったんですけど。時間がないので、どけてもらえますか？」,-8.799343585968018,0.029477782547473907
68,綺麗,annoyed,colleague,少しも,来客のために大輔が整えた会議室に、同僚が資料や私物を積み上げていきました。来客まで時間もなく、苛立った大輔は言います。「これ、少しも綺麗じゃなくなっちゃったんですけど。時間がないので、どけてもらえますか？」,-15.177738666534424,5.00487039971631e-05
68,綺麗,annoyed,colleague,全然,来客のために大輔が整えた会議室に、同僚が資料や私物を積み上げていきました。来客まで時間もなく、苛立った大輔は言います。「これ、全然綺麗じゃなくなっちゃったんですけど。時間がないので、どけてもらえますか？」,-7.382847309112549,0.12152654677629471
68,綺麗,annoyed,colleague,相当,来客のために大輔が整えた会議室に、同僚が資料や私物を積み上げていきました。来客まで時間もなく、苛立った大輔は言います。「これ、相当綺麗じゃなくなっちゃったんですけど。時間がないので、どけてもらえますか？」,-11.211632251739502,0.0026415034662932158
68,綺麗,annoyed,colleague,超,来客のために大輔が整えた会議室に、同僚が資料や私物を積み上げていきました。来客まで時間もなく、苛立った大輔は言います。「これ、超綺麗じゃなくなっちゃったんですけど。時間がないので、どけてもらえますか？」,-11.149811267852783,0.0028099569026380777
68,綺麗,annoyed,colleague,非常に,来客のために大輔が整えた会議室に、同僚が資料や私物を積み上げていきました。来客まで時間もなく、苛立った大輔は言います。「これ、非常に綺麗じゃなくなっちゃったんですけど。時間がないので、どけてもらえますか？」,-12.122253894805908,0.0010626083239912987
68,綺麗,annoyed,colleague,微妙に,来客のために大輔が整えた会議室に、同僚が資料や私物を積み上げていきました。来客まで時間もなく、苛立った大輔は言います。「これ、微妙に綺麗じゃなくなっちゃったんですけど。時間がないので、どけてもらえますか？」,-12.42041289806366,0.0007886497187428176
68,綺麗,annoyed,colleague,普通に,来客のために大輔が整えた会議室に、同僚が資料や私物を積み上げていきました。来客まで時間もなく、苛立った大輔は言います。「これ、普通に綺麗じゃなくなっちゃったんですけど。時間がないので、どけてもらえますか？」,-10.80139970779419,0.003981189802289009
68,綺麗,annoyed,colleague,本当に,来客のために大輔が整えた会議室に、同僚が資料や私物を積み上げていきました。来客まで時間もなく、苛立った大輔は言います。「これ、本当に綺麗じゃなくなっちゃったんですけど。時間がないので、どけてもらえますか？」,-8.732964038848877,0.031500909477472305
68,綺麗,annoyed,colleague,全く,来客のために大輔が整えた会議室に、同僚が資料や私物を積み上げていきました。来客まで時間もなく、苛立った大輔は言います。「これ、全く綺麗じゃなくなっちゃったんですけど。時間がないので、どけてもらえますか？」,-10.749245166778564,0.004194336943328381
69,綺麗,encouraging,colleague,あまり,同僚が作った資料の図が、崩れて印刷されてしまいました。それを申し訳ないと言ってきた同僚を、大輔が励まします。「図、あまり綺麗にできていると思いますよ。次の版で直せば十分です。」,-11.686305046081543,0.0022657725494354963
69,綺麗,encouraging,colleague,いまいち,同僚が作った資料の図が、崩れて印刷されてしまいました。それを申し訳ないと言ってきた同僚を、大輔が励まします。「図、いまいち綺麗にできていると思いますよ。次の版で直せば十分です。」,-14.978553295135498,8.421915845246986e-05
69,綺麗,encouraging,colleague,かなり,同僚が作った資料の図が、崩れて印刷されてしまいました。それを申し訳ないと言ってきた同僚を、大輔が励まします。「図、かなり綺麗にできていると思いますよ。次の版で直せば十分です。」,-7.869723320007324,0.10297616571187973
69,綺麗,encouraging,colleague,すごく,同僚が作った資料の図が、崩れて印刷されてしまいました。それを申し訳ないと言ってきた同僚を、大輔が励まします。「図、すごく綺麗にできていると思いますよ。次の版で直せば十分です。」,-9.116778373718262,0.029590176418423653
69,綺麗,encouraging,colleague,そこまで,同僚が作った資料の図が、崩れて印刷されてしまいました。それを申し訳ないと言ってきた同僚を、大輔が励まします。「図、そこまで綺麗にできていると思いますよ。次の版で直せば十分です。」,-13.849334239959717,0.0002605100453365594
69,綺麗,encouraging,colleague,それほど,同僚が作った資料の図が、崩れて印刷されてしまいました。それを申し訳ないと言ってきた同僚を、大輔が励まします。「図、それほど綺麗にできていると思いますよ。次の版で直せば十分です。」,-13.572398662567139,0.00034363396116532385
69,綺麗,encouraging,colleague,そんなに,同僚が作った資料の図が、崩れて印刷されてしまいました。それを申し訳ないと言ってきた同僚を、大輔が励まします。「図、そんなに綺麗にできていると思いますよ。次の版で直せば十分です。」,-12.275389671325684,0.0012571298284456134
69,綺麗,encouraging,colleague,たいして,同僚が作った資料の図が、崩れて印刷されてしまいました。それを申し訳ないと言ってきた同僚を、大輔が励まします。「図、たいして綺麗にできていると思いますよ。次の版で直せば十分です。」,-15.323724806308746,5.963552393950522e-05
69,綺麗,encouraging,colleague,だいぶ,同僚が作った資料の図が、崩れて印刷されてしまいました。それを申し訳ないと言ってきた同僚を、大輔が励まします。「図、だいぶ綺麗にできていると思いますよ。次の版で直せば十分です。」,-13.028813192795496,0.0005917965318076313
69,綺麗,encouraging,colleague,ちっとも,同僚が作った資料の図が、崩れて印刷されてしまいました。それを申し訳ないと言ってきた同僚を、大輔が励まします。「図、ちっとも綺麗にできていると思いますよ。次の版で直せば十分です。」,-17.796062350273132,5.032483841205249e-06
69,綺麗,encouraging,colleague,ちょっと,同僚が作った資料の図が、崩れて印刷されてしまいました。それを申し訳ないと言ってきた同僚を、大輔が励まします。「図、ちょっと綺麗にできていると思いますよ。次の版で直せば十分です。」,-10.972247123718262,0.004627300892025232
69,綺麗,encouraging,colleague,とても,同僚が作った資料の図が、崩れて印刷されてしまいました。それを申し訳ないと言ってきた同僚を、大輔が励まします。「図、とても綺麗にできていると思いますよ。次の版で直せば十分です。」,-6.410094380378723,0.4432467520236969
69,綺麗,encouraging,colleague,なかなか,同僚が作った資料の図が、崩れて印刷されてしまいました。それを申し訳ないと言ってきた同僚を、大輔が励まします。「図、なかなか綺麗にできていると思いますよ。次の版で直せば十分です。」,-9.256300926208496,0.025736749172210693
69,綺麗,encouraging,colleague,（なし）,同僚が作った資料の図が、崩れて印刷されてしまいました。それを申し訳ないと言ってきた同僚を、大輔が励まします。「図、（なし）綺麗にできていると思いますよ。次の版で直せば十分です。」,-27.353726863861084,3.5558292421633553e-10
69,綺麗,encouraging,colleague,ひどく,同僚が作った資料の図が、崩れて印刷されてしまいました。それを申し訳ないと言ってきた同僚を、大輔が励まします。「図、ひどく綺麗にできていると思いますよ。次の版で直せば十分です。」,-16.87356674671173,1.265950868400978e-05
69,綺麗,encouraging,colleague,まあまあ,同僚が作った資料の図が、崩れて印刷されてしまいました。それを申し訳ないと言ってきた同僚を、大輔が励まします。「図、まあまあ綺麗にできていると思いますよ。次の版で直せば十分です。」,-12.21166467666626,0.00133984861895442
69,綺麗,encouraging,colleague,マジで,同僚が作った資料の図が、崩れて印刷されてしまいました。それを申し訳ないと言ってきた同僚を、大輔が励まします。「図、マジで綺麗にできていると思いますよ。次の版で直せば十分です。」,-17.012536093592644,1.1016995813406538e-05
69,綺麗,encouraging,colleague,めっちゃ,同僚が作った資料の図が、崩れて印刷されてしまいました。それを申し訳ないと言ってきた同僚を、大輔が励まします。「図、めっちゃ綺麗にできていると思いますよ。次の版で直せば十分です。」,-13.66367095708847,0.00031365876202471554
69,綺麗,encouraging,colleague,やや,同僚が作った資料の図が、崩れて印刷されてしまいました。それを申し訳ないと言ってきた同僚を、大輔が励まします。「図、やや綺麗にできていると思いますよ。次の版で直せば十分です。」,-14.316011428833008,0.00016336137196049094
69,綺麗,encouraging,colleague,結構,同僚が作った資料の図が、崩れて印刷されてしまいました。それを申し訳ないと言ってきた同僚を、大輔が励まします。「図、結構綺麗にできていると思いますよ。次の版で直せば十分です。」,-8.253443717956543,0.0701599195599556
69,綺麗,encouraging,colleague,若干,同僚が作った資料の図が、崩れて印刷されてしまいました。それを申し訳ないと言ってきた同僚を、大輔が励まします。「図、若干綺麗にできていると思いますよ。次の版で直せば十分です。」,-13.026576519012451,0.0005931213963776827
69,綺麗,encouraging,colleague,少し,同僚が作った資料の図が、崩れて印刷されてしまいました。それを申し訳ないと言ってきた同僚を、大輔が励まします。「図、少し綺麗にできていると思いますよ。次の版で直せば十分です。」,-11.152800559997559,0.0038629083428531885
69,綺麗,encouraging,colleague,少しも,同僚が作った資料の図が、崩れて印刷されてしまいました。それを申し訳ないと言ってきた同僚を、大輔が励まします。「図、少しも綺麗にできていると思いますよ。次の版で直せば十分です。」,-16.530242443084717,1.7845175534603186e-05
69,綺麗,encouraging,colleague,全然,同僚が作った資料の図が、崩れて印刷されてしまいました。それを申し訳ないと言ってきた同僚を、大輔が励まします。「図、全然綺麗にできていると思いますよ。次の版で直せば十分です。」,-11.34085750579834,0.003200680483132601
69,綺麗,encouraging,colleague,相当,同僚が作った資料の図が、崩れて印刷されてしまいました。それを申し訳ないと言ってきた同僚を、大輔が励まします。「図、相当綺麗にできていると思いますよ。次の版で直せば十分です。」,-8.671923637390137,0.04616847634315491
69,綺麗,encouraging,colleague,超,同僚が作った資料の図が、崩れて印刷されてしまいました。それを申し訳ないと言ってきた同僚を、大輔が励まします。「図、超綺麗にできていると思いますよ。次の版で直せば十分です。」,-11.583292961120605,0.002511619823053479
69,綺麗,encouraging,colleague,非常に,同僚が作った資料の図が、崩れて印刷されてしまいました。それを申し訳ないと言ってきた同僚を、大輔が励まします。「図、非常に綺麗にできていると思いますよ。次の版で直せば十分です。」,-8.199862480163574,0.07402171194553375
69,綺麗,encouraging,colleague,微妙に,同僚が作った資料の図が、崩れて印刷されてしまいました。それを申し訳ないと言ってきた同僚を、大輔が励まします。「図、微妙に綺麗にできていると思いますよ。次の版で直せば十分です。」,-12.871058195829391,0.0006929222145117819
69,綺麗,encouraging,colleague,普通に,同僚が作った資料の図が、崩れて印刷されてしまいました。それを申し訳ないと言ってきた同僚を、大輔が励まします。「図、普通に綺麗にできていると思いますよ。次の版で直せば十分です。」,-10.446452140808105,0.00782848335802555
69,綺麗,encouraging,colleague,本当に,同僚が作った資料の図が、崩れて印刷されてしまいました。それを申し訳ないと言ってきた同僚を、大輔が励まします。「図、本当に綺麗にできていると思いますよ。次の版で直せば十分です。」,-7.332942008972168,0.1761399507522583
69,綺麗,encouraging,colleague,全く,同僚が作った資料の図が、崩れて印刷されてしまいました。それを申し訳ないと言ってきた同僚を、大輔が励まします。「図、全く綺麗にできていると思いますよ。次の版で直せば十分です。」,-11.85352611541748,0.001916872221045196
70,綺麗,warning,boss,あまり,上司が会社案内に載せる写真を選んで大輔に見せてきます。大輔は力になりたいと思い、遠慮がちに指摘します。「その一枚だけ、あまり綺麗に見えないかもしれません。差し替えられてはいかがでしょうか？」,-6.240719318389893,0.12848171591758728
70,綺麗,warning,boss,いまいち,上司が会社案内に載せる写真を選んで大輔に見せてきます。大輔は力になりたいと思い、遠慮がちに指摘します。「その一枚だけ、いまいち綺麗に見えないかもしれません。差し替えられてはいかがでしょうか？」,-12.409037828445435,0.0002691378176677972
70,綺麗,warning,boss,かなり,上司が会社案内に載せる写真を選んで大輔に見せてきます。大輔は力になりたいと思い、遠慮がちに指摘します。「その一枚だけ、かなり綺麗に見えないかもしれません。差し替えられてはいかがでしょうか？」,-8.531910419464111,0.012995407916605473
70,綺麗,warning,boss,すごく,上司が会社案内に載せる写真を選んで大輔に見せてきます。大輔は力になりたいと思い、遠慮がちに指摘します。「その一枚だけ、すごく綺麗に見えないかもしれません。差し替えられてはいかがでしょうか？」,-7.693569660186768,0.03005221299827099
70,綺麗,warning,boss,そこまで,上司が会社案内に載せる写真を選んで大輔に見せてきます。大輔は力になりたいと思い、遠慮がちに指摘します。「その一枚だけ、そこまで綺麗に見えないかもしれません。差し替えられてはいかがでしょうか？」,-10.37626314163208,0.0020549329929053783
70,綺麗,warning,boss,それほど,上司が会社案内に載せる写真を選んで大輔に見せてきます。大輔は力になりたいと思い、遠慮がちに指摘します。「その一枚だけ、それほど綺麗に見えないかもしれません。差し替えられてはいかがでしょうか？」,-9.438530445098877,0.005248676985502243
70,綺麗,warning,boss,そんなに,上司が会社案内に載せる写真を選んで大輔に見せてきます。大輔は力になりたいと思い、遠慮がちに指摘します。「その一枚だけ、そんなに綺麗に見えないかもしれません。差し替えられてはいかがでしょうか？」,-9.01380968093872,0.008026083931326866
70,綺麗,warning,boss,たいして,上司が会社案内に載せる写真を選んで大輔に見せてきます。大輔は力になりたいと思い、遠慮がちに指摘します。「その一枚だけ、たいして綺麗に見えないかもしれません。差し替えられてはいかがでしょうか？」,-13.749882757663727,7.04130798112601e-05
70,綺麗,warning,boss,だいぶ,上司が会社案内に載せる写真を選んで大輔に見せてきます。大輔は力になりたいと思い、遠慮がちに指摘します。「その一枚だけ、だいぶ綺麗に見えないかもしれません。差し替えられてはいかがでしょうか？」,-13.3340399969602,0.0001067213379428722
70,綺麗,warning,boss,ちっとも,上司が会社案内に載せる写真を選んで大輔に見せてきます。大輔は力になりたいと思い、遠慮がちに指摘します。「その一枚だけ、ちっとも綺麗に見えないかもしれません。差し替えられてはいかがでしょうか？」,-16.024538546800613,7.240735158120515e-06
70,綺麗,warning,boss,ちょっと,上司が会社案内に載せる写真を選んで大輔に見せてきます。大輔は力になりたいと思い、遠慮がちに指摘します。「その一枚だけ、ちょっと綺麗に見えないかもしれません。差し替えられてはいかがでしょうか？」,-5.122841238975525,0.39294302463531494
70,綺麗,warning,boss,とても,上司が会社案内に載せる写真を選んで大輔に見せてきます。大輔は力になりたいと思い、遠慮がちに指摘します。「その一枚だけ、とても綺麗に見えないかもしれません。差し替えられてはいかがでしょうか？」,-5.848873615264893,0.19011561572551727
70,綺麗,warning,boss,なかなか,上司が会社案内に載せる写真を選んで大輔に見せてきます。大輔は力になりたいと思い、遠慮がちに指摘します。「その一枚だけ、なかなか綺麗に見えないかもしれません。差し替えられてはいかがでしょうか？」,-7.2554097175598145,0.04657650738954544
70,綺麗,warning,boss,（なし）,上司が会社案内に載せる写真を選んで大輔に見せてきます。大輔は力になりたいと思い、遠慮がちに指摘します。「その一枚だけ、（なし）綺麗に見えないかもしれません。差し替えられてはいかがでしょうか？」,-32.231242179870605,6.626742340629099e-13
70,綺麗,warning,boss,ひどく,上司が会社案内に載せる写真を選んで大輔に見せてきます。大輔は力になりたいと思い、遠慮がちに指摘します。「その一枚だけ、ひどく綺麗に見えないかもしれません。差し替えられてはいかがでしょうか？」,-16.102442026138306,6.698066954413662e-06
70,綺麗,warning,boss,まあまあ,上司が会社案内に載せる写真を選んで大輔に見せてきます。大輔は力になりたいと思い、遠慮がちに指摘します。「その一枚だけ、まあまあ綺麗に見えないかもしれません。差し替えられてはいかがでしょうか？」,-13.95969021320343,5.70866723137442e-05
70,綺麗,warning,boss,マジで,上司が会社案内に載せる写真を選んで大輔に見せてきます。大輔は力になりたいと思い、遠慮がちに指摘します。「その一枚だけ、マジで綺麗に見えないかもしれません。差し替えられてはいかがでしょうか？」,-15.286510922014713,1.5146210898819845e-05
70,綺麗,warning,boss,めっちゃ,上司が会社案内に載せる写真を選んで大輔に見せてきます。大輔は力になりたいと思い、遠慮がちに指摘します。「その一枚だけ、めっちゃ綺麗に見えないかもしれません。差し替えられてはいかがでしょうか？」,-12.250701177865267,0.0003153112775180489
70,綺麗,warning,boss,やや,上司が会社案内に載せる写真を選んで大輔に見せてきます。大輔は力になりたいと思い、遠慮がちに指摘します。「その一枚だけ、やや綺麗に見えないかもしれません。差し替えられてはいかがでしょうか？」,-12.935174643993378,0.00015902896120678633
70,綺麗,warning,boss,結構,上司が会社案内に載せる写真を選んで大輔に見せてきます。大輔は力になりたいと思い、遠慮がちに指摘します。「その一枚だけ、結構綺麗に見えないかもしれません。差し替えられてはいかがでしょうか？」,-9.304230213165283,0.006003101356327534
70,綺麗,warning,boss,若干,上司が会社案内に載せる写真を選んで大輔に見せてきます。大輔は力になりたいと思い、遠慮がちに指摘します。「その一枚だけ、若干綺麗に見えないかもしれません。差し替えられてはいかがでしょうか？」,-10.57086992263794,0.0016915351152420044
70,綺麗,warning,boss,少し,上司が会社案内に載せる写真を選んで大輔に見せてきます。大輔は力になりたいと思い、遠慮がちに指摘します。「その一枚だけ、少し綺麗に見えないかもしれません。差し替えられてはいかがでしょうか？」,-6.289085865020752,0.12241538614034653
70,綺麗,warning,boss,少しも,上司が会社案内に載せる写真を選んで大輔に見せてきます。大輔は力になりたいと思い、遠慮がちに指摘します。「その一枚だけ、少しも綺麗に見えないかもしれません。差し替えられてはいかがでしょうか？」,-13.175491094589233,0.00012505697668530047
70,綺麗,warning,boss,全然,上司が会社案内に載せる写真を選んで大輔に見せてきます。大輔は力になりたいと思い、遠慮がちに指摘します。「その一枚だけ、全然綺麗に見えないかもしれません。差し替えられてはいかがでしょうか？」,-9.069275379180908,0.007593032903969288
70,綺麗,warning,boss,相当,上司が会社案内に載せる写真を選んで大輔に見せてきます。大輔は力になりたいと思い、遠慮がちに指摘します。「その一枚だけ、相当綺麗に見えないかもしれません。差し替えられてはいかがでしょうか？」,-9.39857530593872,0.00546263437718153
70,綺麗,warning,boss,超,上司が会社案内に載せる写真を選んで大輔に見せてきます。大輔は力になりたいと思い、遠慮がちに指摘します。「その一枚だけ、超綺麗に見えないかもしれません。差し替えられてはいかがでしょうか？」,-11.412907123565674,0.0007287673652172089
70,綺麗,warning,boss,非常に,上司が会社案内に載せる写真を選んで大輔に見せてきます。大輔は力になりたいと思い、遠慮がちに指摘します。「その一枚だけ、非常に綺麗に見えないかもしれません。差し替えられてはいかがでしょうか？」,-8.76685380935669,0.010274372063577175
70,綺麗,warning,boss,微妙に,上司が会社案内に載せる写真を選んで大輔に見せてきます。大輔は力になりたいと思い、遠慮がちに指摘します。「その一枚だけ、微妙に綺麗に見えないかもしれません。差し替えられてはいかがでしょうか？」,-12.942838571965694,0.00015781486581545323
70,綺麗,warning,boss,普通に,上司が会社案内に載せる写真を選んで大輔に見せてきます。大輔は力になりたいと思い、遠慮がちに指摘します。「その一枚だけ、普通に綺麗に見えないかもしれません。差し替えられてはいかがでしょうか？」,-12.022602558135986,0.00039609704981558025
70,綺麗,warning,boss,本当に,上司が会社案内に載せる写真を選んで大輔に見せてきます。大輔は力になりたいと思い、遠慮がちに指摘します。「その一枚だけ、本当に綺麗に見えないかもしれません。差し替えられてはいかがでしょうか？」,-7.847500324249268,0.02576470747590065
70,綺麗,warning,boss,全く,上司が会社案内に載せる写真を選んで大輔に見せてきます。大輔は力になりたいと思い、遠慮がちに指摘します。「その一枚だけ、全く綺麗に見えないかもしれません。差し替えられてはいかがでしょうか？」,-10.461742877960205,0.001886575948446989
71,綺麗,non-committal,boss,あまり,贈答品について上司に意見を求められます。自分の意見を押し付けたくない大輔は、慎重に答えます。「そちらは、あまり綺麗に見えないかもしれませんが、丈夫です。」,-5.916073799133301,0.4469992518424988
71,綺麗,non-committal,boss,いまいち,贈答品について上司に意見を求められます。自分の意見を押し付けたくない大輔は、慎重に答えます。「そちらは、いまいち綺麗に見えないかもしれませんが、丈夫です。」,-14.4288409948349,8.979644917417318e-05
71,綺麗,non-committal,boss,かなり,贈答品について上司に意見を求められます。自分の意見を押し付けたくない大輔は、慎重に答えます。「そちらは、かなり綺麗に見えないかもしれませんが、丈夫です。」,-10.45333194732666,0.004784103948622942
71,綺麗,non-committal,boss,すごく,贈答品について上司に意見を求められます。自分の意見を押し付けたくない大輔は、慎重に答えます。「そちらは、すごく綺麗に見えないかもしれませんが、丈夫です。」,-9.460484504699707,0.012911859899759293
71,綺麗,non-committal,boss,そこまで,贈答品について上司に意見を求められます。自分の意見を押し付けたくない大輔は、慎重に答えます。「そちらは、そこまで綺麗に見えないかもしれませんが、丈夫です。」,-8.863739967346191,0.023450475186109543
71,綺麗,non-committal,boss,それほど,贈答品について上司に意見を求められます。自分の意見を押し付けたくない大輔は、慎重に答えます。「そちらは、それほど綺麗に見えないかもしれませんが、丈夫です。」,-8.866715431213379,0.02338080294430256
71,綺麗,non-committal,boss,そんなに,贈答品について上司に意見を求められます。自分の意見を押し付けたくない大輔は、慎重に答えます。「そちらは、そんなに綺麗に見えないかもしれませんが、丈夫です。」,-8.650490760803223,0.02902449108660221
71,綺麗,non-committal,boss,たいして,贈答品について上司に意見を求められます。自分の意見を押し付けたくない大輔は、慎重に答えます。「そちらは、たいして綺麗に見えないかもしれませんが、丈夫です。」,-15.980279088020325,1.9031720512430184e-05
71,綺麗,non-committal,boss,だいぶ,贈答品について上司に意見を求められます。自分の意見を押し付けたくない大輔は、慎重に答えます。「そちらは、だいぶ綺麗に見えないかもしれませんが、丈夫です。」,-15.13391390698962,4.436593735590577e-05
71,綺麗,non-committal,boss,ちっとも,贈答品について上司に意見を求められます。自分の意見を押し付けたくない大輔は、慎重に答えます。「そちらは、ちっとも綺麗に見えないかもしれませんが、丈夫です。」,-17.967424929142,2.608985823826515e-06
71,綺麗,non-committal,boss,ちょっと,贈答品について上司に意見を求められます。自分の意見を押し付けたくない大輔は、慎重に答えます。「そちらは、ちょっと綺麗に見えないかもしれませんが、丈夫です。」,-8.096505165100098,0.05050768703222275
71,綺麗,non-committal,boss,とても,贈答品について上司に意見を求められます。自分の意見を押し付けたくない大輔は、慎重に答えます。「そちらは、とても綺麗に見えないかもしれませんが、丈夫です。」,-6.4929094314575195,0.2510673701763153
71,綺麗,non-committal,boss,なかなか,贈答品について上司に意見を求められます。自分の意見を押し付けたくない大輔は、慎重に答えます。「そちらは、なかなか綺麗に見えないかもしれませんが、丈夫です。」,-8.289463996887207,0.0416443906724453
71,綺麗,non-committal,boss,（なし）,贈答品について上司に意見を求められます。自分の意見を押し付けたくない大輔は、慎重に答えます。「そちらは、（なし）綺麗に見えないかもしれませんが、丈夫です。」,-30.6329345703125,8.239676302368437e-12
71,綺麗,non-committal,boss,ひどく,贈答品について上司に意見を求められます。自分の意見を押し付けたくない大輔は、慎重に答えます。「そちらは、ひどく綺麗に見えないかもしれませんが、丈夫です。」,-17.490122586488724,4.2049573494296055e-06
71,綺麗,non-committal,boss,まあまあ,贈答品について上司に意見を求められます。自分の意見を押し付けたくない大輔は、慎重に答えます。「そちらは、まあまあ綺麗に見えないかもしれませんが、丈夫です。」,-16.849956035614014,7.97594020696124e-06
71,綺麗,non-committal,boss,マジで,贈答品について上司に意見を求められます。自分の意見を押し付けたくない大輔は、慎重に答えます。「そちらは、マジで綺麗に見えないかもしれませんが、丈夫です。」,-17.840729877352715,2.9613800052175066e-06
71,綺麗,non-committal,boss,めっちゃ,贈答品について上司に意見を求められます。自分の意見を押し付けたくない大輔は、慎重に答えます。「そちらは、めっちゃ綺麗に見えないかもしれませんが、丈夫です。」,-14.234944149851799,0.00010901022324105725
71,綺麗,non-committal,boss,やや,贈答品について上司に意見を求められます。自分の意見を押し付けたくない大輔は、慎重に答えます。「そちらは、やや綺麗に見えないかもしれませんが、丈夫です。」,-13.183519780635834,0.00031195738120004535
71,綺麗,non-committal,boss,結構,贈答品について上司に意見を求められます。自分の意見を押し付けたくない大輔は、慎重に答えます。「そちらは、結構綺麗に見えないかもしれませんが、丈夫です。」,-11.547532081604004,0.0016017529414966702
71,綺麗,non-committal,boss,若干,贈答品について上司に意見を求められます。自分の意見を押し付けたくない大輔は、慎重に答えます。「そちらは、若干綺麗に見えないかもしれませんが、丈夫です。」,-9.590928077697754,0.011332816444337368
71,綺麗,non-committal,boss,少し,贈答品について上司に意見を求められます。自分の意見を押し付けたくない大輔は、慎重に答えます。「そちらは、少し綺麗に見えないかもしれませんが、丈夫です。」,-8.04113483428955,0.05338318645954132
71,綺麗,non-committal,boss,少しも,贈答品について上司に意見を求められます。自分の意見を押し付けたくない大輔は、慎重に答えます。「そちらは、少しも綺麗に見えないかもしれませんが、丈夫です。」,-15.321797847747803,3.676651977002621e-05
71,綺麗,non-committal,boss,全然,贈答品について上司に意見を求められます。自分の意見を押し付けたくない大輔は、慎重に答えます。「そちらは、全然綺麗に見えないかもしれませんが、丈夫です。」,-9.594834327697754,0.011288633570075035
71,綺麗,non-committal,boss,相当,贈答品について上司に意見を求められます。自分の意見を押し付けたくない大輔は、慎重に答えます。「そちらは、相当綺麗に見えないかもしれませんが、丈夫です。」,-10.434590339660645,0.004874611739069223
71,綺麗,non-committal,boss,超,贈答品について上司に意見を求められます。自分の意見を押し付けたくない大輔は、慎重に答えます。「そちらは、超綺麗に見えないかもしれませんが、丈夫です。」,-13.7329683303833,0.00018008296319749206
71,綺麗,non-committal,boss,非常に,贈答品について上司に意見を求められます。自分の意見を押し付けたくない大輔は、慎重に答えます。「そちらは、非常に綺麗に見えないかもしれませんが、丈夫です。」,-9.200261116027832,0.016749519854784012
71,綺麗,non-committal,boss,微妙に,贈答品について上司に意見を求められます。自分の意見を押し付けたくない大輔は、慎重に答えます。「そちらは、微妙に綺麗に見えないかもしれませんが、丈夫です。」,-12.58273996412754,0.0005688667297363281
71,綺麗,non-committal,boss,普通に,贈答品について上司に意見を求められます。自分の意見を押し付けたくない大輔は、慎重に答えます。「そちらは、普通に綺麗に見えないかもしれませんが、丈夫です。」,-11.905266761779785,0.0011200394947081804
71,綺麗,non-committal,boss,本当に,贈答品について上司に意見を求められます。自分の意見を押し付けたくない大輔は、慎重に答えます。「そちらは、本当に綺麗に見えないかもしれませんが、丈夫です。」,-9.66195011138916,0.010555854067206383
71,綺麗,non-committal,boss,全く,贈答品について上司に意見を求められます。自分の意見を押し付けたくない大輔は、慎重に答えます。「そちらは、全く綺麗に見えないかもしれませんが、丈夫です。」,-10.646035194396973,0.00394557835534215
72,綺麗,acknowledge,boss,あまり,上司に強く勧められた庭園を、大輔は半信半疑で訪れました。しかし、上司の言った通りに綺麗でした。翌日、教えてもらったことについて感謝します。「景色、あまり綺麗でした。教えていただいてありがとうございます。」,-11.363321781158447,0.00024343850964214653
72,綺麗,acknowledge,boss,いまいち,上司に強く勧められた庭園を、大輔は半信半疑で訪れました。しかし、上司の言った通りに綺麗でした。翌日、教えてもらったことについて感謝します。「景色、いまいち綺麗でした。教えていただいてありがとうございます。」,-15.738396883010864,3.0642077035736293e-06
72,綺麗,acknowledge,boss,かなり,上司に強く勧められた庭園を、大輔は半信半疑で訪れました。しかし、上司の言った通りに綺麗でした。翌日、教えてもらったことについて感謝します。「景色、かなり綺麗でした。教えていただいてありがとうございます。」,-8.630807876586914,0.00374200870282948
72,綺麗,acknowledge,boss,すごく,上司に強く勧められた庭園を、大輔は半信半疑で訪れました。しかし、上司の言った通りに綺麗でした。翌日、教えてもらったことについて感謝します。「景色、すごく綺麗でした。教えていただいてありがとうございます。」,-6.620477914810181,0.02793702855706215
72,綺麗,acknowledge,boss,そこまで,上司に強く勧められた庭園を、大輔は半信半疑で訪れました。しかし、上司の言った通りに綺麗でした。翌日、教えてもらったことについて感謝します。「景色、そこまで綺麗でした。教えていただいてありがとうございます。」,-14.353514194488525,1.2239544048497919e-05
72,綺麗,acknowledge,boss,それほど,上司に強く勧められた庭園を、大輔は半信半疑で訪れました。しかし、上司の言った通りに綺麗でした。翌日、教えてもらったことについて感謝します。「景色、それほど綺麗でした。教えていただいてありがとうございます。」,-12.574068546295166,7.253851799760014e-05
72,綺麗,acknowledge,boss,そんなに,上司に強く勧められた庭園を、大輔は半信半疑で訪れました。しかし、上司の言った通りに綺麗でした。翌日、教えてもらったことについて感謝します。「景色、そんなに綺麗でした。教えていただいてありがとうございます。」,-13.100199222564697,4.286205876269378e-05
72,綺麗,acknowledge,boss,たいして,上司に強く勧められた庭園を、大輔は半信半疑で訪れました。しかし、上司の言った通りに綺麗でした。翌日、教えてもらったことについて感謝します。「景色、たいして綺麗でした。教えていただいてありがとうございます。」,-14.275031924247742,1.3238823157735169e-05
72,綺麗,acknowledge,boss,だいぶ,上司に強く勧められた庭園を、大輔は半信半疑で訪れました。しかし、上司の言った通りに綺麗でした。翌日、教えてもらったことについて感謝します。「景色、だいぶ綺麗でした。教えていただいてありがとうございます。」,-11.688131267670542,0.00017592440417502075
72,綺麗,acknowledge,boss,ちっとも,上司に強く勧められた庭園を、大輔は半信半疑で訪れました。しかし、上司の言った通りに綺麗でした。翌日、教えてもらったことについて感謝します。「景色、ちっとも綺麗でした。教えていただいてありがとうございます。」,-17.34567952156067,6.141632411527098e-07
72,綺麗,acknowledge,boss,ちょっと,上司に強く勧められた庭園を、大輔は半信半疑で訪れました。しかし、上司の言った通りに綺麗でした。翌日、教えてもらったことについて感謝します。「景色、ちょっと綺麗でした。教えていただいてありがとうございます。」,-11.109339237213135,0.00031382861197926104
72,綺麗,acknowledge,boss,とても,上司に強く勧められた庭園を、大輔は半信半疑で訪れました。しかし、上司の言った通りに綺麗でした。翌日、教えてもらったことについて感謝します。「景色、とても綺麗でした。教えていただいてありがとうございます。」,-3.578546702861786,0.585159182548523
72,綺麗,acknowledge,boss,なかなか,上司に強く勧められた庭園を、大輔は半信半疑で訪れました。しかし、上司の言った通りに綺麗でした。翌日、教えてもらったことについて感謝します。「景色、なかなか綺麗でした。教えていただいてありがとうございます。」,-9.594270706176758,0.001427835668437183
72,綺麗,acknowledge,boss,（なし）,上司に強く勧められた庭園を、大輔は半信半疑で訪れました。しかし、上司の言った通りに綺麗でした。翌日、教えてもらったことについて感謝します。「景色、（なし）綺麗でした。教えていただいてありがとうございます。」,-27.807605266571045,1.7568200366691045e-11
72,綺麗,acknowledge,boss,ひどく,上司に強く勧められた庭園を、大輔は半信半疑で訪れました。しかし、上司の言った通りに綺麗でした。翌日、教えてもらったことについて感謝します。「景色、ひどく綺麗でした。教えていただいてありがとうございます。」,-16.840487509965897,1.0178548563999357e-06
72,綺麗,acknowledge,boss,まあまあ,上司に強く勧められた庭園を、大輔は半信半疑で訪れました。しかし、上司の言った通りに綺麗でした。翌日、教えてもらったことについて感謝します。「景色、まあまあ綺麗でした。教えていただいてありがとうございます。」,-11.55684369802475,0.00020060583483427763
72,綺麗,acknowledge,boss,マジで,上司に強く勧められた庭園を、大輔は半信半疑で訪れました。しかし、上司の言った通りに綺麗でした。翌日、教えてもらったことについて感謝します。「景色、マジで綺麗でした。教えていただいてありがとうございます。」,-12.785810798406601,5.869621236342937e-05
72,綺麗,acknowledge,boss,めっちゃ,上司に強く勧められた庭園を、大輔は半信半疑で訪れました。しかし、上司の言った通りに綺麗でした。翌日、教えてもらったことについて感謝します。「景色、めっちゃ綺麗でした。教えていただいてありがとうございます。」,-13.404806416481733,3.160702908644453e-05
72,綺麗,acknowledge,boss,やや,上司に強く勧められた庭園を、大輔は半信半疑で訪れました。しかし、上司の言った通りに綺麗でした。翌日、教えてもらったことについて感謝します。「景色、やや綺麗でした。教えていただいてありがとうございます。」,-10.878723919391632,0.0003952275146730244
72,綺麗,acknowledge,boss,結構,上司に強く勧められた庭園を、大輔は半信半疑で訪れました。しかし、上司の言った通りに綺麗でした。翌日、教えてもらったことについて感謝します。「景色、結構綺麗でした。教えていただいてありがとうございます。」,-10.26344108581543,0.0007312421221286058
72,綺麗,acknowledge,boss,若干,上司に強く勧められた庭園を、大輔は半信半疑で訪れました。しかし、上司の言った通りに綺麗でした。翌日、教えてもらったことについて感謝します。「景色、若干綺麗でした。教えていただいてありがとうございます。」,-15.448587894439697,4.0943104977486655e-06
72,綺麗,acknowledge,boss,少し,上司に強く勧められた庭園を、大輔は半信半疑で訪れました。しかし、上司の言った通りに綺麗でした。翌日、教えてもらったことについて感謝します。「景色、少し綺麗でした。教えていただいてありがとうございます。」,-11.736635684967041,0.00016759501886554062
72,綺麗,acknowledge,boss,少しも,上司に強く勧められた庭園を、大輔は半信半疑で訪れました。しかし、上司の言った通りに綺麗でした。翌日、教えてもらったことについて感謝します。「景色、少しも綺麗でした。教えていただいてありがとうございます。」,-13.75011157989502,2.2377906134352088e-05
72,綺麗,acknowledge,boss,全然,上司に強く勧められた庭園を、大輔は半信半疑で訪れました。しかし、上司の言った通りに綺麗でした。翌日、教えてもらったことについて感謝します。「景色、全然綺麗でした。教えていただいてありがとうございます。」,-11.543386936187744,0.0002033236960414797
72,綺麗,acknowledge,boss,相当,上司に強く勧められた庭園を、大輔は半信半疑で訪れました。しかし、上司の言った通りに綺麗でした。翌日、教えてもらったことについて感謝します。「景色、相当綺麗でした。教えていただいてありがとうございます。」,-9.346166610717773,0.0018299046205356717
72,綺麗,acknowledge,boss,超,上司に強く勧められた庭園を、大輔は半信半疑で訪れました。しかし、上司の言った通りに綺麗でした。翌日、教えてもらったことについて感謝します。「景色、超綺麗でした。教えていただいてありがとうございます。」,-9.682119369506836,0.0013077539624646306
72,綺麗,acknowledge,boss,非常に,上司に強く勧められた庭園を、大輔は半信半疑で訪れました。しかし、上司の言った通りに綺麗でした。翌日、教えてもらったことについて感謝します。「景色、非常に綺麗でした。教えていただいてありがとうございます。」,-6.750696420669556,0.024526018649339676
72,綺麗,acknowledge,boss,微妙に,上司に強く勧められた庭園を、大輔は半信半疑で訪れました。しかし、上司の言った通りに綺麗でした。翌日、教えてもらったことについて感謝します。「景色、微妙に綺麗でした。教えていただいてありがとうございます。」,-13.094257861375809,4.311743032303639e-05
72,綺麗,acknowledge,boss,普通に,上司に強く勧められた庭園を、大輔は半信半疑で訪れました。しかし、上司の言った通りに綺麗でした。翌日、教えてもらったことについて感謝します。「景色、普通に綺麗でした。教えていただいてありがとうございます。」,-11.33926248550415,0.0002493665087968111
72,綺麗,acknowledge,boss,本当に,上司に強く勧められた庭園を、大輔は半信半疑で訪れました。しかし、上司の言った通りに綺麗でした。翌日、教えてもらったことについて感謝します。「景色、本当に綺麗でした。教えていただいてありがとうございます。」,-4.08968186378479,0.35098695755004883
72,綺麗,acknowledge,boss,全く,上司に強く勧められた庭園を、大輔は半信半疑で訪れました。しかし、上司の言った通りに綺麗でした。翌日、教えてもらったことについて感謝します。「景色、全く綺麗でした。教えていただいてありがとうございます。」,-12.280710697174072,9.726853022584692e-05
73,綺麗,neutral-positive,boss,あまり,上司に、視察してきた施設がどれくらい綺麗だったか聞かれ、大輔は答えます。「あそこ、あまり綺麗でした。」,-9.295904397964478,0.0011144287418574095
73,綺麗,neutral-positive,boss,いまいち,上司に、視察してきた施設がどれくらい綺麗だったか聞かれ、大輔は答えます。「あそこ、いまいち綺麗でした。」,-13.003498315811157,2.73441692115739e-05
73,綺麗,neutral-positive,boss,かなり,上司に、視察してきた施設がどれくらい綺麗だったか聞かれ、大輔は答えます。「あそこ、かなり綺麗でした。」,-5.562528848648071,0.04660545289516449
73,綺麗,neutral-positive,boss,すごく,上司に、視察してきた施設がどれくらい綺麗だったか聞かれ、大輔は答えます。「あそこ、すごく綺麗でした。」,-4.613943338394165,0.1203378364443779
73,綺麗,neutral-positive,boss,そこまで,上司に、視察してきた施設がどれくらい綺麗だったか聞かれ、大輔は答えます。「あそこ、そこまで綺麗でした。」,-11.583963632583618,0.00011307349632261321
73,綺麗,neutral-positive,boss,それほど,上司に、視察してきた施設がどれくらい綺麗だったか聞かれ、大輔は答えます。「あそこ、それほど綺麗でした。」,-10.036073923110962,0.0005316194146871567
73,綺麗,neutral-positive,boss,そんなに,上司に、視察してきた施設がどれくらい綺麗だったか聞かれ、大輔は答えます。「あそこ、そんなに綺麗でした。」,-9.366373300552368,0.0010385994100943208
73,綺麗,neutral-positive,boss,たいして,上司に、視察してきた施設がどれくらい綺麗だったか聞かれ、大輔は答えます。「あそこ、たいして綺麗でした。」,-10.815153121948242,0.00024392195336986333
73,綺麗,neutral-positive,boss,だいぶ,上司に、視察してきた施設がどれくらい綺麗だったか聞かれ、大輔は答えます。「あそこ、だいぶ綺麗でした。」,-8.242725175688975,0.0031947882380336523
73,綺麗,neutral-positive,boss,ちっとも,上司に、視察してきた施設がどれくらい綺麗だったか聞かれ、大輔は答えます。「あそこ、ちっとも綺麗でした。」,-15.081809639930725,3.4218844575661933e-06
73,綺麗,neutral-positive,boss,ちょっと,上司に、視察してきた施設がどれくらい綺麗だったか聞かれ、大輔は答えます。「あそこ、ちょっと綺麗でした。」,-7.695726633071899,0.005520783364772797
73,綺麗,neutral-positive,boss,とても,上司に、視察してきた施設がどれくらい綺麗だったか聞かれ、大輔は答えます。「あそこ、とても綺麗でした。」,-3.7080098390579224,0.2977447211742401
73,綺麗,neutral-positive,boss,なかなか,上司に、視察してきた施設がどれくらい綺麗だったか聞かれ、大輔は答えます。「あそこ、なかなか綺麗でした。」,-8.539533853530884,0.0023743235506117344
73,綺麗,neutral-positive,boss,（なし）,上司に、視察してきた施設がどれくらい綺麗だったか聞かれ、大輔は答えます。「あそこ、（なし）綺麗でした。」,-25.554076671600342,9.687629171084566e-11
73,綺麗,neutral-positive,boss,ひどく,上司に、視察してきた施設がどれくらい綺麗だったか聞かれ、大輔は答えます。「あそこ、ひどく綺麗でした。」,-12.070655509829521,6.950130773475394e-05
73,綺麗,neutral-positive,boss,まあまあ,上司に、視察してきた施設がどれくらい綺麗だったか聞かれ、大輔は答えます。「あそこ、まあまあ綺麗でした。」,-8.58152163028717,0.002276693470776081
73,綺麗,neutral-positive,boss,マジで,上司に、視察してきた施設がどれくらい綺麗だったか聞かれ、大輔は答えます。「あそこ、マジで綺麗でした。」,-11.180666103959084,0.0001692429941613227
73,綺麗,neutral-positive,boss,めっちゃ,上司に、視察してきた施設がどれくらい綺麗だったか聞かれ、大輔は答えます。「あそこ、めっちゃ綺麗でした。」,-9.952775679528713,0.0005777986953034997
73,綺麗,neutral-positive,boss,やや,上司に、視察してきた施設がどれくらい綺麗だったか聞かれ、大輔は答えます。「あそこ、やや綺麗でした。」,-10.997243881225586,0.00020331521227490157
73,綺麗,neutral-positive,boss,結構,上司に、視察してきた施設がどれくらい綺麗だったか聞かれ、大輔は答えます。「あそこ、結構綺麗でした。」,-6.522779703140259,0.017840420827269554
73,綺麗,neutral-positive,boss,若干,上司に、視察してきた施設がどれくらい綺麗だったか聞かれ、大輔は答えます。「あそこ、若干綺麗でした。」,-12.253538370132446,5.7885292335413396e-05
73,綺麗,neutral-positive,boss,少し,上司に、視察してきた施設がどれくらい綺麗だったか聞かれ、大輔は答えます。「あそこ、少し綺麗でした。」,-9.008997201919556,0.0014847541460767388
73,綺麗,neutral-positive,boss,少しも,上司に、視察してきた施設がどれくらい綺麗だったか聞かれ、大輔は答えます。「あそこ、少しも綺麗でした。」,-12.639477491378784,3.935108907171525e-05
73,綺麗,neutral-positive,boss,全然,上司に、視察してきた施設がどれくらい綺麗だったか聞かれ、大輔は答えます。「あそこ、全然綺麗でした。」,-8.42922043800354,0.002651236252859235
73,綺麗,neutral-positive,boss,相当,上司に、視察してきた施設がどれくらい綺麗だったか聞かれ、大輔は答えます。「あそこ、相当綺麗でした。」,-6.5155699253082275,0.017969509586691856
73,綺麗,neutral-positive,boss,超,上司に、視察してきた施設がどれくらい綺麗だったか聞かれ、大輔は答えます。「あそこ、超綺麗でした。」,-7.995756387710571,0.004089775029569864
73,綺麗,neutral-positive,boss,非常に,上司に、視察してきた施設がどれくらい綺麗だったか聞かれ、大輔は答えます。「あそこ、非常に綺麗でした。」,-6.256578683853149,0.023281702771782875
73,綺麗,neutral-positive,boss,微妙に,上司に、視察してきた施設がどれくらい綺麗だったか聞かれ、大輔は答えます。「あそこ、微妙に綺麗でした。」,-10.805619779974222,0.00024625836522318423
73,綺麗,neutral-positive,boss,普通に,上司に、視察してきた施設がどれくらい綺麗だったか聞かれ、大輔は答えます。「あそこ、普通に綺麗でした。」,-7.412637948989868,0.007327310275286436
73,綺麗,neutral-positive,boss,本当に,上司に、視察してきた施設がどれくらい綺麗だったか聞かれ、大輔は答えます。「あそこ、本当に綺麗でした。」,-3.3119603395462036,0.44243162870407104
73,綺麗,neutral-positive,boss,全く,上司に、視察してきた施設がどれくらい綺麗だったか聞かれ、大輔は答えます。「あそこ、全く綺麗でした。」,-10.240495920181274,0.00043333269422873855
74,綺麗,neutral-negative,boss,あまり,上司に、視察してきた施設がどれくらい綺麗だったか聞かれ、大輔は答えます。「あそこ、あまり綺麗じゃなかったです。」,-5.273701190948486,0.15251290798187256
74,綺麗,neutral-negative,boss,いまいち,上司に、視察してきた施設がどれくらい綺麗だったか聞かれ、大輔は答えます。「あそこ、いまいち綺麗じゃなかったです。」,-12.094768285751343,0.00016632390907034278
74,綺麗,neutral-negative,boss,かなり,上司に、視察してきた施設がどれくらい綺麗だったか聞かれ、大輔は答えます。「あそこ、かなり綺麗じゃなかったです。」,-9.771389484405518,0.001698187319561839
74,綺麗,neutral-negative,boss,すごく,上司に、視察してきた施設がどれくらい綺麗だったか聞かれ、大輔は答えます。「あそこ、すごく綺麗じゃなかったです。」,-8.34314775466919,0.007083747535943985
74,綺麗,neutral-negative,boss,そこまで,上司に、視察してきた施設がどれくらい綺麗だったか聞かれ、大輔は答えます。「あそこ、そこまで綺麗じゃなかったです。」,-7.672497272491455,0.013852325268089771
74,綺麗,neutral-negative,boss,それほど,上司に、視察してきた施設がどれくらい綺麗だったか聞かれ、大輔は答えます。「あそこ、それほど綺麗じゃなかったです。」,-7.894283771514893,0.011096908710896969
74,綺麗,neutral-negative,boss,そんなに,上司に、視察してきた施設がどれくらい綺麗だったか聞かれ、大輔は答えます。「あそこ、そんなに綺麗じゃなかったです。」,-4.998474597930908,0.20083341002464294
74,綺麗,neutral-negative,boss,たいして,上司に、視察してきた施設がどれくらい綺麗だったか聞かれ、大輔は答えます。「あそこ、たいして綺麗じゃなかったです。」,-11.302138924598694,0.00036744234967045486
74,綺麗,neutral-negative,boss,だいぶ,上司に、視察してきた施設がどれくらい綺麗だったか聞かれ、大輔は答えます。「あそこ、だいぶ綺麗じゃなかったです。」,-10.957151548471302,0.0005188185605220497
74,綺麗,neutral-negative,boss,ちっとも,上司に、視察してきた施設がどれくらい綺麗だったか聞かれ、大輔は答えます。「あそこ、ちっとも綺麗じゃなかったです。」,-14.69331482052803,1.2371452612569556e-05
74,綺麗,neutral-negative,boss,ちょっと,上司に、視察してきた施設がどれくらい綺麗だったか聞かれ、大輔は答えます。「あそこ、ちょっと綺麗じゃなかったです。」,-7.106400012969971,0.024399200454354286
74,綺麗,neutral-negative,boss,とても,上司に、視察してきた施設がどれくらい綺麗だったか聞かれ、大輔は答えます。「あそこ、とても綺麗じゃなかったです。」,-6.8429341316223145,0.03175392374396324
74,綺麗,neutral-negative,boss,なかなか,上司に、視察してきた施設がどれくらい綺麗だったか聞かれ、大輔は答えます。「あそこ、なかなか綺麗じゃなかったです。」,-8.352577686309814,0.007017262279987335
74,綺麗,neutral-negative,boss,（なし）,上司に、視察してきた施設がどれくらい綺麗だったか聞かれ、大輔は答えます。「あそこ、（なし）綺麗じゃなかったです。」,-26.68900156021118,7.634134990830432e-11
74,綺麗,neutral-negative,boss,ひどく,上司に、視察してきた施設がどれくらい綺麗だったか聞かれ、大輔は答えます。「あそこ、ひどく綺麗じゃなかったです。」,-13.71921420097351,3.276928691775538e-05
74,綺麗,neutral-negative,boss,まあまあ,上司に、視察してきた施設がどれくらい綺麗だったか聞かれ、大輔は答えます。「あそこ、まあまあ綺麗じゃなかったです。」,-11.28000807762146,0.00037566485116258264
74,綺麗,neutral-negative,boss,マジで,上司に、視察してきた施設がどれくらい綺麗だったか聞かれ、大輔は答えます。「あそこ、マジで綺麗じゃなかったです。」,-12.429855078458786,0.00011896743671968579
74,綺麗,neutral-negative,boss,めっちゃ,上司に、視察してきた施設がどれくらい綺麗だったか聞かれ、大輔は答えます。「あそこ、めっちゃ綺麗じゃなかったです。」,-11.036229111254215,0.0004793718399014324
74,綺麗,neutral-negative,boss,やや,上司に、視察してきた施設がどれくらい綺麗だったか聞かれ、大輔は答えます。「あそこ、やや綺麗じゃなかったです。」,-14.521955728530884,1.4683871995657682e-05
74,綺麗,neutral-negative,boss,結構,上司に、視察してきた施設がどれくらい綺麗だったか聞かれ、大輔は答えます。「あそこ、結構綺麗じゃなかったです。」,-9.683647632598877,0.0018539215670898557
74,綺麗,neutral-negative,boss,若干,上司に、視察してきた施設がどれくらい綺麗だったか聞かれ、大輔は答えます。「あそこ、若干綺麗じゃなかったです。」,-13.132313251495361,5.8932484535034746e-05
74,綺麗,neutral-negative,boss,少し,上司に、視察してきた施設がどれくらい綺麗だったか聞かれ、大輔は答えます。「あそこ、少し綺麗じゃなかったです。」,-9.821117877960205,0.001615804503671825
74,綺麗,neutral-negative,boss,少しも,上司に、視察してきた施設がどれくらい綺麗だったか聞かれ、大輔は答えます。「あそこ、少しも綺麗じゃなかったです。」,-10.964289367198944,0.0005151282530277967
74,綺麗,neutral-negative,boss,全然,上司に、視察してきた施設がどれくらい綺麗だったか聞かれ、大輔は答えます。「あそこ、全然綺麗じゃなかったです。」,-4.161457538604736,0.4638182818889618
74,綺麗,neutral-negative,boss,相当,上司に、視察してきた施設がどれくらい綺麗だったか聞かれ、大輔は答えます。「あそこ、相当綺麗じゃなかったです。」,-9.656979084014893,0.0019040282350033522
74,綺麗,neutral-negative,boss,超,上司に、視察してきた施設がどれくらい綺麗だったか聞かれ、大輔は答えます。「あそこ、超綺麗じゃなかったです。」,-11.388184070587158,0.00033714802702888846
74,綺麗,neutral-negative,boss,非常に,上司に、視察してきた施設がどれくらい綺麗だったか聞かれ、大輔は答えます。「あそこ、非常に綺麗じゃなかったです。」,-11.053478717803955,0.000471173960249871
74,綺麗,neutral-negative,boss,微妙に,上司に、視察してきた施設がどれくらい綺麗だったか聞かれ、大輔は答えます。「あそこ、微妙に綺麗じゃなかったです。」,-12.150820709764957,0.000157257542014122
74,綺麗,neutral-negative,boss,普通に,上司に、視察してきた施設がどれくらい綺麗だったか聞かれ、大輔は答えます。「あそこ、普通に綺麗じゃなかったです。」,-9.646156787872314,0.0019247460877522826
74,綺麗,neutral-negative,boss,本当に,上司に、視察してきた施設がどれくらい綺麗だったか聞かれ、大輔は答えます。「あそこ、本当に綺麗じゃなかったです。」,-6.381615161895752,0.050366949290037155
74,綺麗,neutral-negative,boss,全く,上司に、視察してきた施設がどれくらい綺麗だったか聞かれ、大輔は答えます。「あそこ、全く綺麗じゃなかったです。」,-7.096485614776611,0.024642305448651314
75,綺麗,annoyed,boss,あまり,来客のために大輔が整えた会議室に、上司が荷物や上着を置いていきました。せっかく整えたのにと思いながらも、苛立った大輔は言います。「この配置だとあまり綺麗に見えないかもしれないので、お荷物は隣に移していただいてもよろしいでしょうか？」,-4.99367618560791,0.23869143426418304
75,綺麗,annoyed,boss,いまいち,来客のために大輔が整えた会議室に、上司が荷物や上着を置いていきました。せっかく整えたのにと思いながらも、苛立った大輔は言います。「この配置だといまいち綺麗に見えないかもしれないので、お荷物は隣に移していただいてもよろしいでしょうか？」,-14.826752424240112,1.2805189726350363e-05
75,綺麗,annoyed,boss,かなり,来客のために大輔が整えた会議室に、上司が荷物や上着を置いていきました。せっかく整えたのにと思いながらも、苛立った大輔は言います。「この配置だとかなり綺麗に見えないかもしれないので、お荷物は隣に移していただいてもよろしいでしょうか？」,-7.0599377155303955,0.03023228421807289
75,綺麗,annoyed,boss,すごく,来客のために大輔が整えた会議室に、上司が荷物や上着を置いていきました。せっかく整えたのにと思いながらも、苛立った大輔は言います。「この配置だとすごく綺麗に見えないかもしれないので、お荷物は隣に移していただいてもよろしいでしょうか？」,-8.063496828079224,0.011082322336733341
75,綺麗,annoyed,boss,そこまで,来客のために大輔が整えた会議室に、上司が荷物や上着を置いていきました。せっかく整えたのにと思いながらも、苛立った大輔は言います。「この配置だとそこまで綺麗に見えないかもしれないので、お荷物は隣に移していただいてもよろしいでしょうか？」,-9.768849611282349,0.0020137496758252382
75,綺麗,annoyed,boss,それほど,来客のために大輔が整えた会議室に、上司が荷物や上着を置いていきました。せっかく整えたのにと思いながらも、苛立った大輔は言います。「この配置だとそれほど綺麗に見えないかもしれないので、お荷物は隣に移していただいてもよろしいでしょうか？」,-9.53408169746399,0.0025466184597462416
75,綺麗,annoyed,boss,そんなに,来客のために大輔が整えた会議室に、上司が荷物や上着を置いていきました。せっかく整えたのにと思いながらも、苛立った大輔は言います。「この配置だとそんなに綺麗に見えないかもしれないので、お荷物は隣に移していただいてもよろしいでしょうか？」,-8.891667604446411,0.004841286223381758
75,綺麗,annoyed,boss,たいして,来客のために大輔が整えた会議室に、上司が荷物や上着を置いていきました。せっかく整えたのにと思いながらも、苛立った大輔は言います。「この配置だとたいして綺麗に見えないかもしれないので、お荷物は隣に移していただいてもよろしいでしょうか？」,-15.754924535751343,5.061578121967614e-06
75,綺麗,annoyed,boss,だいぶ,来客のために大輔が整えた会議室に、上司が荷物や上着を置いていきました。せっかく整えたのにと思いながらも、苛立った大輔は言います。「この配置だとだいぶ綺麗に見えないかもしれないので、お荷物は隣に移していただいてもよろしいでしょうか？」,-13.693103005527519,3.9785409171599895e-05
75,綺麗,annoyed,boss,ちっとも,来客のために大輔が整えた会議室に、上司が荷物や上着を置いていきました。せっかく整えたのにと思いながらも、苛立った大輔は言います。「この配置だとちっとも綺麗に見えないかもしれないので、お荷物は隣に移していただいてもよろしいでしょうか？」,-18.86706644296646,2.2526805310008058e-07
75,綺麗,annoyed,boss,ちょっと,来客のために大輔が整えた会議室に、上司が荷物や上着を置いていきました。せっかく整えたのにと思いながらも、苛立った大輔は言います。「この配置だとちょっと綺麗に見えないかもしれないので、お荷物は隣に移していただいてもよろしいでしょうか？」,-4.7997026443481445,0.2897867262363434
75,綺麗,annoyed,boss,とても,来客のために大輔が整えた会議室に、上司が荷物や上着を置いていきました。せっかく整えたのにと思いながらも、苛立った大輔は言います。「この配置だととても綺麗に見えないかもしれないので、お荷物は隣に移していただいてもよろしいでしょうか？」,-5.638272285461426,0.12528304755687714
75,綺麗,annoyed,boss,なかなか,来客のために大輔が整えた会議室に、上司が荷物や上着を置いていきました。せっかく整えたのにと思いながらも、苛立った大輔は言います。「この配置だとなかなか綺麗に見えないかもしれないので、お荷物は隣に移していただいてもよろしいでしょうか？」,-6.334698677062988,0.06243644654750824
75,綺麗,annoyed,boss,（なし）,来客のために大輔が整えた会議室に、上司が荷物や上着を置いていきました。せっかく整えたのにと思いながらも、苛立った大輔は言います。「この配置だと（なし）綺麗に見えないかもしれないので、お荷物は隣に移していただいてもよろしいでしょうか？」,-26.72775650024414,8.686509150868105e-11
75,綺麗,annoyed,boss,ひどく,来客のために大輔が整えた会議室に、上司が荷物や上着を置いていきました。せっかく整えたのにと思いながらも、苛立った大輔は言います。「この配置だとひどく綺麗に見えないかもしれないので、お荷物は隣に移していただいてもよろしいでしょうか？」,-16.219777047634125,3.1798276722838636e-06
75,綺麗,annoyed,boss,まあまあ,来客のために大輔が整えた会議室に、上司が荷物や上着を置いていきました。せっかく整えたのにと思いながらも、苛立った大輔は言います。「この配置だとまあまあ綺麗に見えないかもしれないので、お荷物は隣に移していただいてもよろしいでしょうか？」,-13.82406485080719,3.490178278298117e-05
75,綺麗,annoyed,boss,マジで,来客のために大輔が整えた会議室に、上司が荷物や上着を置いていきました。せっかく整えたのにと思いながらも、苛立った大輔は言います。「この配置だとマジで綺麗に見えないかもしれないので、お荷物は隣に移していただいてもよろしいでしょうか？」,-16.422874234616756,2.595368869151571e-06
75,綺麗,annoyed,boss,めっちゃ,来客のために大輔が整えた会議室に、上司が荷物や上着を置いていきました。せっかく整えたのにと思いながらも、苛立った大輔は言います。「この配置だとめっちゃ綺麗に見えないかもしれないので、お荷物は隣に移していただいてもよろしいでしょうか？」,-12.199920374900103,0.00017709433450363576
75,綺麗,annoyed,boss,やや,来客のために大輔が整えた会議室に、上司が荷物や上着を置いていきました。せっかく整えたのにと思いながらも、苛立った大輔は言います。「この配置だとやや綺麗に見えないかもしれないので、お荷物は隣に移していただいてもよろしいでしょうか？」,-11.736267447471619,0.00028155732434242964
75,綺麗,annoyed,boss,結構,来客のために大輔が整えた会議室に、上司が荷物や上着を置いていきました。せっかく整えたのにと思いながらも、苛立った大輔は言います。「この配置だと結構綺麗に見えないかもしれないので、お荷物は隣に移していただいてもよろしいでしょうか？」,-7.892869234085083,0.013144177384674549
75,綺麗,annoyed,boss,若干,来客のために大輔が整えた会議室に、上司が荷物や上着を置いていきました。せっかく整えたのにと思いながらも、苛立った大輔は言います。「この配置だと若干綺麗に見えないかもしれないので、お荷物は隣に移していただいてもよろしいでしょうか？」,-7.66216778755188,0.01655486971139908
75,綺麗,annoyed,boss,少し,来客のために大輔が整えた会議室に、上司が荷物や上着を置いていきました。せっかく整えたのにと思いながらも、苛立った大輔は言います。「この配置だと少し綺麗に見えないかもしれないので、お荷物は隣に移していただいてもよろしいでしょうか？」,-5.395321846008301,0.15973657369613647
75,綺麗,annoyed,boss,少しも,来客のために大輔が整えた会議室に、上司が荷物や上着を置いていきました。せっかく整えたのにと思いながらも、苛立った大輔は言います。「この配置だと少しも綺麗に見えないかもしれないので、お荷物は隣に移していただいてもよろしいでしょうか？」,-13.05709195137024,7.515190372942016e-05
75,綺麗,annoyed,boss,全然,来客のために大輔が整えた会議室に、上司が荷物や上着を置いていきました。せっかく整えたのにと思いながらも、苛立った大輔は言います。「この配置だと全然綺麗に見えないかもしれないので、お荷物は隣に移していただいてもよろしいでしょうか？」,-8.967595338821411,0.004487307276576757
75,綺麗,annoyed,boss,相当,来客のために大輔が整えた会議室に、上司が荷物や上着を置いていきました。せっかく整えたのにと思いながらも、苛立った大輔は言います。「この配置だと相当綺麗に見えないかもしれないので、お荷物は隣に移していただいてもよろしいでしょうか？」,-8.884366273880005,0.00487676402553916
75,綺麗,annoyed,boss,超,来客のために大輔が整えた会議室に、上司が荷物や上着を置いていきました。せっかく整えたのにと思いながらも、苛立った大輔は言います。「この配置だと超綺麗に見えないかもしれないので、お荷物は隣に移していただいてもよろしいでしょうか？」,-12.096322298049927,0.00019642508414108306
75,綺麗,annoyed,boss,非常に,来客のために大輔が整えた会議室に、上司が荷物や上着を置いていきました。せっかく整えたのにと思いながらも、苛立った大輔は言います。「この配置だと非常に綺麗に見えないかもしれないので、お荷物は隣に移していただいてもよろしいでしょうか？」,-7.440385103225708,0.020665444433689117
75,綺麗,annoyed,boss,微妙に,来客のために大輔が整えた会議室に、上司が荷物や上着を置いていきました。せっかく整えたのにと思いながらも、苛立った大輔は言います。「この配置だと微妙に綺麗に見えないかもしれないので、お荷物は隣に移していただいてもよろしいでしょうか？」,-15.003195852041245,1.0733903764048591e-05
75,綺麗,annoyed,boss,普通に,来客のために大輔が整えた会議室に、上司が荷物や上着を置いていきました。せっかく整えたのにと思いながらも、苛立った大輔は言います。「この配置だと普通に綺麗に見えないかもしれないので、お荷物は隣に移していただいてもよろしいでしょうか？」,-10.98001217842102,0.0005997969419695437
75,綺麗,annoyed,boss,本当に,来客のために大輔が整えた会議室に、上司が荷物や上着を置いていきました。せっかく整えたのにと思いながらも、苛立った大輔は言います。「この配置だと本当に綺麗に見えないかもしれないので、お荷物は隣に移していただいてもよろしいでしょうか？」,-8.011945009231567,0.011668618768453598
75,綺麗,annoyed,boss,全く,来客のために大輔が整えた会議室に、上司が荷物や上着を置いていきました。せっかく整えたのにと思いながらも、苛立った大輔は言います。「この配置だと全く綺麗に見えないかもしれないので、お荷物は隣に移していただいてもよろしいでしょうか？」,-11.13628888130188,0.0005130197969265282
76,綺麗,encouraging,boss,あまり,上司が作った資料の図が、崩れて印刷されてしまいました。気にしている様子の上司を、大輔が励まします。「図、あまり綺麗にできていると思いますよ。」,-10.880912780761719,0.0009677237248979509
76,綺麗,encouraging,boss,いまいち,上司が作った資料の図が、崩れて印刷されてしまいました。気にしている様子の上司を、大輔が励まします。「図、いまいち綺麗にできていると思いますよ。」,-14.223106622695923,3.421804285608232e-05
76,綺麗,encouraging,boss,かなり,上司が作った資料の図が、崩れて印刷されてしまいました。気にしている様子の上司を、大輔が励まします。「図、かなり綺麗にできていると思いますよ。」,-6.735080718994141,0.06113126501441002
76,綺麗,encouraging,boss,すごく,上司が作った資料の図が、崩れて印刷されてしまいました。気にしている様子の上司を、大輔が励まします。「図、すごく綺麗にできていると思いますよ。」,-7.1447601318359375,0.04058278724551201
76,綺麗,encouraging,boss,そこまで,上司が作った資料の図が、崩れて印刷されてしまいました。気にしている様子の上司を、大輔が励まします。「図、そこまで綺麗にできていると思いますよ。」,-13.375564575195312,7.986157288542017e-05
76,綺麗,encouraging,boss,それほど,上司が作った資料の図が、崩れて印刷されてしまいました。気にしている様子の上司を、大輔が励まします。「図、それほど綺麗にできていると思いますよ。」,-13.104373931884766,0.00010474045848241076
76,綺麗,encouraging,boss,そんなに,上司が作った資料の図が、崩れて印刷されてしまいました。気にしている様子の上司を、大輔が励まします。「図、そんなに綺麗にできていると思いますよ。」,-11.580390930175781,0.00048080823034979403
76,綺麗,encouraging,boss,たいして,上司が作った資料の図が、崩れて印刷されてしまいました。気にしている様子の上司を、大輔が励まします。「図、たいして綺麗にできていると思いますよ。」,-14.444329500198364,2.7427060558693483e-05
76,綺麗,encouraging,boss,だいぶ,上司が作った資料の図が、崩れて印刷されてしまいました。気にしている様子の上司を、大輔が励まします。「図、だいぶ綺麗にできていると思いますよ。」,-10.791969476093072,0.0010577403008937836
76,綺麗,encouraging,boss,ちっとも,上司が作った資料の図が、崩れて印刷されてしまいました。気にしている様子の上司を、大輔が励まします。「図、ちっとも綺麗にできていると思いますよ。」,-16.693846702575684,2.892183601943543e-06
76,綺麗,encouraging,boss,ちょっと,上司が作った資料の図が、崩れて印刷されてしまいました。気にしている様子の上司を、大輔が励まします。「図、ちょっと綺麗にできていると思いますよ。」,-10.052642822265625,0.0022154629696160555
76,綺麗,encouraging,boss,とても,上司が作った資料の図が、崩れて印刷されてしまいました。気にしている様子の上司を、大輔が励まします。「図、とても綺麗にできていると思いますよ。」,-4.44525533914566,0.60356205701828
76,綺麗,encouraging,boss,なかなか,上司が作った資料の図が、崩れて印刷されてしまいました。気にしている様子の上司を、大輔が励まします。「図、なかなか綺麗にできていると思いますよ。」,-7.681102752685547,0.023736201226711273
76,綺麗,encouraging,boss,（なし）,上司が作った資料の図が、崩れて印刷されてしまいました。気にしている様子の上司を、大輔が励まします。「図、（なし）綺麗にできていると思いますよ。」,-24.207252264022827,1.5783219176057628e-09
76,綺麗,encouraging,boss,ひどく,上司が作った資料の図が、崩れて印刷されてしまいました。気にしている様子の上司を、大輔が励まします。「図、ひどく綺麗にできていると思いますよ。」,-15.602857112884521,8.61066746438155e-06
76,綺麗,encouraging,boss,まあまあ,上司が作った資料の図が、崩れて印刷されてしまいました。気にしている様子の上司を、大輔が励まします。「図、まあまあ綺麗にできていると思いますよ。」,-11.921207904815674,0.0003419457352720201
76,綺麗,encouraging,boss,マジで,上司が作った資料の図が、崩れて印刷されてしまいました。気にしている様子の上司を、大輔が励まします。「図、マジで綺麗にできていると思いますよ。」,-15.027746617794037,1.5303985492209904e-05
76,綺麗,encouraging,boss,めっちゃ,上司が作った資料の図が、崩れて印刷されてしまいました。気にしている様子の上司を、大輔が励まします。「図、めっちゃ綺麗にできていると思いますよ。」,-12.033226102590561,0.0003057089343201369
76,綺麗,encouraging,boss,やや,上司が作った資料の図が、崩れて印刷されてしまいました。気にしている様子の上司を、大輔が励まします。「図、やや綺麗にできていると思いますよ。」,-12.340003728866577,0.00022494490258395672
76,綺麗,encouraging,boss,結構,上司が作った資料の図が、崩れて印刷されてしまいました。気にしている様子の上司を、大輔が励まします。「図、結構綺麗にできていると思いますよ。」,-7.154003143310547,0.04020940884947777
76,綺麗,encouraging,boss,若干,上司が作った資料の図が、崩れて印刷されてしまいました。気にしている様子の上司を、大輔が励まします。「図、若干綺麗にできていると思いますよ。」,-13.188602447509766,9.627964755054563e-05
76,綺麗,encouraging,boss,少し,上司が作った資料の図が、崩れて印刷されてしまいました。気にしている様子の上司を、大輔が励まします。「図、少し綺麗にできていると思いますよ。」,-10.46213150024414,0.001471044379286468
76,綺麗,encouraging,boss,少しも,上司が作った資料の図が、崩れて印刷されてしまいました。気にしている様子の上司を、大輔が励まします。「図、少しも綺麗にできていると思いますよ。」,-15.26479983329773,1.2074060578015633e-05
76,綺麗,encouraging,boss,全然,上司が作った資料の図が、崩れて印刷されてしまいました。気にしている様子の上司を、大輔が励まします。「図、全然綺麗にできていると思いますよ。」,-10.317264556884766,0.0017003592802211642
76,綺麗,encouraging,boss,相当,上司が作った資料の図が、崩れて印刷されてしまいました。気にしている様子の上司を、大輔が励まします。「図、相当綺麗にできていると思いますよ。」,-7.829780578613281,0.020456967875361443
76,綺麗,encouraging,boss,超,上司が作った資料の図が、崩れて印刷されてしまいました。気にしている様子の上司を、大輔が励まします。「図、超綺麗にできていると思いますよ。」,-9.854118347167969,0.0027019826229661703
76,綺麗,encouraging,boss,非常に,上司が作った資料の図が、崩れて印刷されてしまいました。気にしている様子の上司を、大輔が励まします。「図、非常に綺麗にできていると思いますよ。」,-7.106193542480469,0.042178500443696976
76,綺麗,encouraging,boss,微妙に,上司が作った資料の図が、崩れて印刷されてしまいました。気にしている様子の上司を、大輔が励まします。「図、微妙に綺麗にできていると思いますよ。」,-12.099766254425049,0.00028602912789210677
76,綺麗,encouraging,boss,普通に,上司が作った資料の図が、崩れて印刷されてしまいました。気にしている様子の上司を、大輔が励まします。「図、普通に綺麗にできていると思いますよ。」,-10.01763916015625,0.002294385340064764
76,綺麗,encouraging,boss,本当に,上司が作った資料の図が、崩れて印刷されてしまいました。気にしている様子の上司を、大輔が励まします。「図、本当に綺麗にできていると思いますよ。」,-5.816436767578125,0.15318822860717773
76,綺麗,encouraging,boss,全く,上司が作った資料の図が、崩れて印刷されてしまいました。気にしている様子の上司を、大輔が励まします。「図、全く綺麗にできていると思いますよ。」,-11.492259979248047,0.0005251056281849742
77,綺麗,warning,stranger,あまり,花屋の店員が、店先に並べ終えた鉢の配置を大輔に見せて感想を聞いてきます。大輔は力になりたいと思い、遠慮がちに指摘します。「その一角だけ、あまり綺麗に見えないかもしれません。色を分けられてはいかがでしょうか？」,-6.868600130081177,0.07632167637348175
77,綺麗,warning,stranger,いまいち,花屋の店員が、店先に並べ終えた鉢の配置を大輔に見せて感想を聞いてきます。大輔は力になりたいと思い、遠慮がちに指摘します。「その一角だけ、いまいち綺麗に見えないかもしれません。色を分けられてはいかがでしょうか？」,-13.817615151405334,7.323674071813002e-05
77,綺麗,warning,stranger,かなり,花屋の店員が、店先に並べ終えた鉢の配置を大輔に見せて感想を聞いてきます。大輔は力になりたいと思い、遠慮がちに指摘します。「その一角だけ、かなり綺麗に見えないかもしれません。色を分けられてはいかがでしょうか？」,-8.271493196487427,0.01876632496714592
77,綺麗,warning,stranger,すごく,花屋の店員が、店先に並べ終えた鉢の配置を大輔に見せて感想を聞いてきます。大輔は力になりたいと思い、遠慮がちに指摘します。「その一角だけ、すごく綺麗に見えないかもしれません。色を分けられてはいかがでしょうか？」,-8.074319124221802,0.02285655587911606
77,綺麗,warning,stranger,そこまで,花屋の店員が、店先に並べ終えた鉢の配置を大輔に見せて感想を聞いてきます。大輔は力になりたいと思い、遠慮がちに指摘します。「その一角だけ、そこまで綺麗に見えないかもしれません。色を分けられてはいかがでしょうか？」,-10.743573427200317,0.0015840481501072645
77,綺麗,warning,stranger,それほど,花屋の店員が、店先に並べ終えた鉢の配置を大輔に見せて感想を聞いてきます。大輔は力になりたいと思い、遠慮がちに指摘します。「その一角だけ、それほど綺麗に見えないかもしれません。色を分けられてはいかがでしょうか？」,-9.61144757270813,0.004914104472845793
77,綺麗,warning,stranger,そんなに,花屋の店員が、店先に並べ終えた鉢の配置を大輔に見せて感想を聞いてきます。大輔は力になりたいと思い、遠慮がちに指摘します。「その一角だけ、そんなに綺麗に見えないかもしれません。色を分けられてはいかがでしょうか？」,-9.377755403518677,0.006207769736647606
77,綺麗,warning,stranger,たいして,花屋の店員が、店先に並べ終えた鉢の配置を大輔に見せて感想を聞いてきます。大輔は力になりたいと思い、遠慮がちに指摘します。「その一角だけ、たいして綺麗に見えないかもしれません。色を分けられてはいかがでしょうか？」,-14.649822771549225,3.186437243130058e-05
77,綺麗,warning,stranger,だいぶ,花屋の店員が、店先に並べ終えた鉢の配置を大輔に見せて感想を聞いてきます。大輔は力になりたいと思い、遠慮がちに指摘します。「その一角だけ、だいぶ綺麗に見えないかもしれません。色を分けられてはいかがでしょうか？」,-12.99192806868814,0.00016723234148230404
77,綺麗,warning,stranger,ちっとも,花屋の店員が、店先に並べ終えた鉢の配置を大輔に見せて感想を聞いてきます。大輔は力になりたいと思い、遠慮がちに指摘します。「その一角だけ、ちっとも綺麗に見えないかもしれません。色を分けられてはいかがでしょうか？」,-18.0675008893013,1.044785449266783e-06
77,綺麗,warning,stranger,ちょっと,花屋の店員が、店先に並べ終えた鉢の配置を大輔に見せて感想を聞いてきます。大輔は力になりたいと思い、遠慮がちに指摘します。「その一角だけ、ちょっと綺麗に見えないかもしれません。色を分けられてはいかがでしょうか？」,-5.173749327659607,0.41563498973846436
77,綺麗,warning,stranger,とても,花屋の店員が、店先に並べ終えた鉢の配置を大輔に見せて感想を聞いてきます。大輔は力になりたいと思い、遠慮がちに指摘します。「その一角だけ、とても綺麗に見えないかもしれません。色を分けられてはいかがでしょうか？」,-6.285538911819458,0.1367313712835312
77,綺麗,warning,stranger,なかなか,花屋の店員が、店先に並べ終えた鉢の配置を大輔に見せて感想を聞いてきます。大輔は力になりたいと思い、遠慮がちに指摘します。「その一角だけ、なかなか綺麗に見えないかもしれません。色を分けられてはいかがでしょうか？」,-7.5963146686553955,0.0368642583489418
77,綺麗,warning,stranger,（なし）,花屋の店員が、店先に並べ終えた鉢の配置を大輔に見せて感想を聞いてきます。大輔は力になりたいと思い、遠慮がちに指摘します。「その一角だけ、（なし）綺麗に見えないかもしれません。色を分けられてはいかがでしょうか？」,-31.45009994506836,1.6107875666984683e-12
77,綺麗,warning,stranger,ひどく,花屋の店員が、店先に並べ終えた鉢の配置を大輔に見せて感想を聞いてきます。大輔は力になりたいと思い、遠慮がちに指摘します。「その一角だけ、ひどく綺麗に見えないかもしれません。色を分けられてはいかがでしょうか？」,-15.555289477109909,1.2884466741525102e-05
77,綺麗,warning,stranger,まあまあ,花屋の店員が、店先に並べ終えた鉢の配置を大輔に見せて感想を聞いてきます。大輔は力になりたいと思い、遠慮がちに指摘します。「その一角だけ、まあまあ綺麗に見えないかもしれません。色を分けられてはいかがでしょうか？」,-15.053827047348022,2.1273992388159968e-05
77,綺麗,warning,stranger,マジで,花屋の店員が、店先に並べ終えた鉢の配置を大輔に見せて感想を聞いてきます。大輔は力になりたいと思い、遠慮がちに指摘します。「その一角だけ、マジで綺麗に見えないかもしれません。色を分けられてはいかがでしょうか？」,-16.485875964164734,5.080636583443265e-06
77,綺麗,warning,stranger,めっちゃ,花屋の店員が、店先に並べ終えた鉢の配置を大輔に見せて感想を聞いてきます。大輔は力になりたいと思い、遠慮がちに指摘します。「その一角だけ、めっちゃ綺麗に見えないかもしれません。色を分けられてはいかがでしょうか？」,-13.545758925378323,9.611577115720138e-05
77,綺麗,warning,stranger,やや,花屋の店員が、店先に並べ終えた鉢の配置を大輔に見せて感想を聞いてきます。大輔は力になりたいと思い、遠慮がちに指摘します。「その一角だけ、やや綺麗に見えないかもしれません。色を分けられてはいかがでしょうか？」,-13.064125418663025,0.00015558420273009688
77,綺麗,warning,stranger,結構,花屋の店員が、店先に並べ終えた鉢の配置を大輔に見せて感想を聞いてきます。大輔は力になりたいと思い、遠慮がちに指摘します。「その一角だけ、結構綺麗に見えないかもしれません。色を分けられてはいかがでしょうか？」,-9.532361268997192,0.005318523850291967
77,綺麗,warning,stranger,若干,花屋の店員が、店先に並べ終えた鉢の配置を大輔に見せて感想を聞いてきます。大輔は力になりたいと思い、遠慮がちに指摘します。「その一角だけ、若干綺麗に見えないかもしれません。色を分けられてはいかがでしょうか？」,-9.613820314407349,0.0049024587497115135
77,綺麗,warning,stranger,少し,花屋の店員が、店先に並べ終えた鉢の配置を大輔に見せて感想を聞いてきます。大輔は力になりたいと思い、遠慮がちに指摘します。「その一角だけ、少し綺麗に見えないかもしれません。色を分けられてはいかがでしょうか？」,-5.767625093460083,0.22950665652751923
77,綺麗,warning,stranger,少しも,花屋の店員が、店先に並べ終えた鉢の配置を大輔に見せて感想を聞いてきます。大輔は力になりたいと思い、遠慮がちに指摘します。「その一角だけ、少しも綺麗に見えないかもしれません。色を分けられてはいかがでしょうか？」,-12.225053071975708,0.00036005591391585767
77,綺麗,warning,stranger,全然,花屋の店員が、店先に並べ終えた鉢の配置を大輔に見せて感想を聞いてきます。大輔は力になりたいと思い、遠慮がちに指摘します。「その一角だけ、全然綺麗に見えないかもしれません。色を分けられてはいかがでしょうか？」,-9.858651399612427,0.003837824799120426
77,綺麗,warning,stranger,相当,花屋の店員が、店先に並べ終えた鉢の配置を大輔に見せて感想を聞いてきます。大輔は力になりたいと思い、遠慮がちに指摘します。「その一角だけ、相当綺麗に見えないかもしれません。色を分けられてはいかがでしょうか？」,-9.498555421829224,0.005501395091414452
77,綺麗,warning,stranger,超,花屋の店員が、店先に並べ終えた鉢の配置を大輔に見せて感想を聞いてきます。大輔は力になりたいと思い、遠慮がちに指摘します。「その一角だけ、超綺麗に見えないかもしれません。色を分けられてはいかがでしょうか？」,-11.69558835029602,0.0006113832350820303
77,綺麗,warning,stranger,非常に,花屋の店員が、店先に並べ終えた鉢の配置を大輔に見せて感想を聞いてきます。大輔は力になりたいと思い、遠慮がちに指摘します。「その一角だけ、非常に綺麗に見えないかもしれません。色を分けられてはいかがでしょうか？」,-8.692845582962036,0.012313688173890114
77,綺麗,warning,stranger,微妙に,花屋の店員が、店先に並べ終えた鉢の配置を大輔に見せて感想を聞いてきます。大輔は力になりたいと思い、遠慮がちに指摘します。「その一角だけ、微妙に綺麗に見えないかもしれません。色を分けられてはいかがでしょうか？」,-12.027222760021687,0.00043882010504603386
77,綺麗,warning,stranger,普通に,花屋の店員が、店先に並べ終えた鉢の配置を大輔に見せて感想を聞いてきます。大輔は力になりたいと思い、遠慮がちに指摘します。「その一角だけ、普通に綺麗に見えないかもしれません。色を分けられてはいかがでしょうか？」,-11.648698091506958,0.000640733924228698
77,綺麗,warning,stranger,本当に,花屋の店員が、店先に並べ終えた鉢の配置を大輔に見せて感想を聞いてきます。大輔は力になりたいと思い、遠慮がちに指摘します。「その一角だけ、本当に綺麗に見えないかもしれません。色を分けられてはいかがでしょうか？」,-8.479256868362427,0.015245741233229637
77,綺麗,warning,stranger,全く,花屋の店員が、店先に並べ終えた鉢の配置を大輔に見せて感想を聞いてきます。大輔は力になりたいと思い、遠慮がちに指摘します。「その一角だけ、全く綺麗に見えないかもしれません。色を分けられてはいかがでしょうか？」,-11.334462404251099,0.0008773008594289422
78,綺麗,non-committal,stranger,あまり,電車で隣に座った観光客に、彼が行こうとしているお土産屋さんについて聞かれます。自分の意見を押し付けたくない大輔は、そこの製品について慎重に答えます。「あそこのものは、あまり綺麗じゃないかもしれませんけど、丈夫らしいですよ。」,-5.22223174571991,0.3177207112312317
78,綺麗,non-committal,stranger,いまいち,電車で隣に座った観光客に、彼が行こうとしているお土産屋さんについて聞かれます。自分の意見を押し付けたくない大輔は、そこの製品について慎重に答えます。「あそこのものは、いまいち綺麗じゃないかもしれませんけど、丈夫らしいですよ。」,-12.131247878074646,0.0003173205186612904
78,綺麗,non-committal,stranger,かなり,電車で隣に座った観光客に、彼が行こうとしているお土産屋さんについて聞かれます。自分の意見を押し付けたくない大輔は、そこの製品について慎重に答えます。「あそこのものは、かなり綺麗じゃないかもしれませんけど、丈夫らしいですよ。」,-9.301131248474121,0.005377767141908407
78,綺麗,non-committal,stranger,すごく,電車で隣に座った観光客に、彼が行こうとしているお土産屋さんについて聞かれます。自分の意見を押し付けたくない大輔は、そこの製品について慎重に答えます。「あそこのものは、すごく綺麗じゃないかもしれませんけど、丈夫らしいですよ。」,-8.040572166442871,0.018969500437378883
78,綺麗,non-committal,stranger,そこまで,電車で隣に座った観光客に、彼が行こうとしているお土産屋さんについて聞かれます。自分の意見を押し付けたくない大輔は、そこの製品について慎重に答えます。「あそこのものは、そこまで綺麗じゃないかもしれませんけど、丈夫らしいですよ。」,-6.759478569030762,0.06830111145973206
78,綺麗,non-committal,stranger,それほど,電車で隣に座った観光客に、彼が行こうとしているお土産屋さんについて聞かれます。自分の意見を押し付けたくない大輔は、そこの製品について慎重に答えます。「あそこのものは、それほど綺麗じゃないかもしれませんけど、丈夫らしいですよ。」,-6.8299055099487305,0.06365634500980377
78,綺麗,non-committal,stranger,そんなに,電車で隣に座った観光客に、彼が行こうとしているお土産屋さんについて聞かれます。自分の意見を押し付けたくない大輔は、そこの製品について慎重に答えます。「あそこのものは、そんなに綺麗じゃないかもしれませんけど、丈夫らしいですよ。」,-5.548529624938965,0.22926416993141174
78,綺麗,non-committal,stranger,たいして,電車で隣に座った観光客に、彼が行こうとしているお土産屋さんについて聞かれます。自分の意見を押し付けたくない大輔は、そこの製品について慎重に答えます。「あそこのものは、たいして綺麗じゃないかもしれませんけど、丈夫らしいですよ。」,-13.606967985630035,7.254390220623463e-05
78,綺麗,non-committal,stranger,だいぶ,電車で隣に座った観光客に、彼が行こうとしているお土産屋さんについて聞かれます。自分の意見を押し付けたくない大輔は、そこの製品について慎重に答えます。「あそこのものは、だいぶ綺麗じゃないかもしれませんけど、丈夫らしいですよ。」,-12.28652616403997,0.0002716825110837817
78,綺麗,non-committal,stranger,ちっとも,電車で隣に座った観光客に、彼が行こうとしているお土産屋さんについて聞かれます。自分の意見を押し付けたくない大輔は、そこの製品について慎重に答えます。「あそこのものは、ちっとも綺麗じゃないかもしれませんけど、丈夫らしいですよ。」,-17.226428166031837,1.9439671632426325e-06
78,綺麗,non-committal,stranger,ちょっと,電車で隣に座った観光客に、彼が行こうとしているお土産屋さんについて聞かれます。自分の意見を押し付けたくない大輔は、そこの製品について慎重に答えます。「あそこのものは、ちょっと綺麗じゃないかもしれませんけど、丈夫らしいですよ。」,-7.041556358337402,0.05151372402906418
78,綺麗,non-committal,stranger,とても,電車で隣に座った観光客に、彼が行こうとしているお土産屋さんについて聞かれます。自分の意見を押し付けたくない大輔は、そこの製品について慎重に答えます。「あそこのものは、とても綺麗じゃないかもしれませんけど、丈夫らしいですよ。」,-6.072600364685059,0.13574855029582977
78,綺麗,non-committal,stranger,なかなか,電車で隣に座った観光客に、彼が行こうとしているお土産屋さんについて聞かれます。自分の意見を押し付けたくない大輔は、そこの製品について慎重に答えます。「あそこのものは、なかなか綺麗じゃないかもしれませんけど、丈夫らしいですよ。」,-8.352591514587402,0.013885054737329483
78,綺麗,non-committal,stranger,（なし）,電車で隣に座った観光客に、彼が行こうとしているお土産屋さんについて聞かれます。自分の意見を押し付けたくない大輔は、そこの製品について慎重に答えます。「あそこのものは、（なし）綺麗じゃないかもしれませんけど、丈夫らしいですよ。」,-28.909584999084473,1.6396819665920326e-11
78,綺麗,non-committal,stranger,ひどく,電車で隣に座った観光客に、彼が行こうとしているお土産屋さんについて聞かれます。自分の意見を押し付けたくない大輔は、そこの製品について慎重に答えます。「あそこのものは、ひどく綺麗じゃないかもしれませんけど、丈夫らしいですよ。」,-17.332592368125916,1.7481671648056363e-06
78,綺麗,non-committal,stranger,まあまあ,電車で隣に座った観光客に、彼が行こうとしているお土産屋さんについて聞かれます。自分の意見を押し付けたくない大輔は、そこの製品について慎重に答えます。「あそこのものは、まあまあ綺麗じゃないかもしれませんけど、丈夫らしいですよ。」,-12.52786660194397,0.0002134267269866541
78,綺麗,non-committal,stranger,マジで,電車で隣に座った観光客に、彼が行こうとしているお土産屋さんについて聞かれます。自分の意見を押し付けたくない大輔は、そこの製品について慎重に答えます。「あそこのものは、マジで綺麗じゃないかもしれませんけど、丈夫らしいですよ。」,-15.081701681017876,1.6600926755927503e-05
78,綺麗,non-committal,stranger,めっちゃ,電車で隣に座った観光客に、彼が行こうとしているお土産屋さんについて聞かれます。自分の意見を押し付けたくない大輔は、そこの製品について慎重に答えます。「あそこのものは、めっちゃ綺麗じゃないかもしれませんけど、丈夫らしいですよ。」,-12.462113328278065,0.00022793179959990084
78,綺麗,non-committal,stranger,やや,電車で隣に座った観光客に、彼が行こうとしているお土産屋さんについて聞かれます。自分の意見を押し付けたくない大輔は、そこの製品について慎重に答えます。「あそこのものは、やや綺麗じゃないかもしれませんけど、丈夫らしいですよ。」,-11.576163411140442,0.0005528001929633319
78,綺麗,non-committal,stranger,結構,電車で隣に座った観光客に、彼が行こうとしているお土産屋さんについて聞かれます。自分の意見を押し付けたくない大輔は、そこの製品について慎重に答えます。「あそこのものは、結構綺麗じゃないかもしれませんけど、丈夫らしいですよ。」,-9.603777885437012,0.003973417915403843
78,綺麗,non-committal,stranger,若干,電車で隣に座った観光客に、彼が行こうとしているお土産屋さんについて聞かれます。自分の意見を押し付けたくない大輔は、そこの製品について慎重に答えます。「あそこのものは、若干綺麗じゃないかもしれませんけど、丈夫らしいですよ。」,-9.424887657165527,0.00475176889449358
78,綺麗,non-committal,stranger,少し,電車で隣に座った観光客に、彼が行こうとしているお土産屋さんについて聞かれます。自分の意見を押し付けたくない大輔は、そこの製品について慎重に答えます。「あそこのものは、少し綺麗じゃないかもしれませんけど、丈夫らしいですよ。」,-8.598231315612793,0.010860944166779518
78,綺麗,non-committal,stranger,少しも,電車で隣に座った観光客に、彼が行こうとしているお土産屋さんについて聞かれます。自分の意見を押し付けたくない大輔は、そこの製品について慎重に答えます。「あそこのものは、少しも綺麗じゃないかもしれませんけど、丈夫らしいですよ。」,-12.098177909851074,0.0003279896336607635
78,綺麗,non-committal,stranger,全然,電車で隣に座った観光客に、彼が行こうとしているお土産屋さんについて聞かれます。自分の意見を押し付けたくない大輔は、そこの製品について慎重に答えます。「あそこのものは、全然綺麗じゃないかもしれませんけど、丈夫らしいですよ。」,-7.3100080490112305,0.03938545286655426
78,綺麗,non-committal,stranger,相当,電車で隣に座った観光客に、彼が行こうとしているお土産屋さんについて聞かれます。自分の意見を押し付けたくない大輔は、そこの製品について慎重に答えます。「あそこのものは、相当綺麗じゃないかもしれませんけど、丈夫らしいですよ。」,-9.25329875946045,0.005641250871121883
78,綺麗,non-committal,stranger,超,電車で隣に座った観光客に、彼が行こうとしているお土産屋さんについて聞かれます。自分の意見を押し付けたくない大輔は、そこの製品について慎重に答えます。「あそこのものは、超綺麗じゃないかもしれませんけど、丈夫らしいですよ。」,-11.850306510925293,0.0004202514828648418
78,綺麗,non-committal,stranger,非常に,電車で隣に座った観光客に、彼が行こうとしているお土産屋さんについて聞かれます。自分の意見を押し付けたくない大輔は、そこの製品について慎重に答えます。「あそこのものは、非常に綺麗じゃないかもしれませんけど、丈夫らしいですよ。」,-9.896513938903809,0.0029650405049324036
78,綺麗,non-committal,stranger,微妙に,電車で隣に座った観光客に、彼が行こうとしているお土産屋さんについて聞かれます。自分の意見を押し付けたくない大輔は、そこの製品について慎重に答えます。「あそこのものは、微妙に綺麗じゃないかもしれませんけど、丈夫らしいですよ。」,-11.067497879266739,0.0009193451842293143
78,綺麗,non-committal,stranger,普通に,電車で隣に座った観光客に、彼が行こうとしているお土産屋さんについて聞かれます。自分の意見を押し付けたくない大輔は、そこの製品について慎重に答えます。「あそこのものは、普通に綺麗じゃないかもしれませんけど、丈夫らしいですよ。」,-10.661715507507324,0.0013794559054076672
78,綺麗,non-committal,stranger,本当に,電車で隣に座った観光客に、彼が行こうとしているお土産屋さんについて聞かれます。自分の意見を押し付けたくない大輔は、そこの製品について慎重に答えます。「あそこのものは、本当に綺麗じゃないかもしれませんけど、丈夫らしいですよ。」,-7.958041191101074,0.020601490512490273
78,綺麗,non-committal,stranger,全く,電車で隣に座った観光客に、彼が行こうとしているお土産屋さんについて聞かれます。自分の意見を押し付けたくない大輔は、そこの製品について慎重に答えます。「あそこのものは、全く綺麗じゃないかもしれませんけど、丈夫らしいですよ。」,-10.004805564880371,0.002660726197063923
79,綺麗,acknowledge,stranger,あまり,宿のフロント係に絶対綺麗だと勧められた散歩道を、大輔は半信半疑で歩きました。しかし、フロント係の言った通りに綺麗でした。教えてもらったことについて感謝します。「景色、あまり綺麗でした。教えていただいてありがとうございます。」,-10.76784086227417,0.0005906281876377761
79,綺麗,acknowledge,stranger,いまいち,宿のフロント係に絶対綺麗だと勧められた散歩道を、大輔は半信半疑で歩きました。しかし、フロント係の言った通りに綺麗でした。教えてもらったことについて感謝します。「景色、いまいち綺麗でした。教えていただいてありがとうございます。」,-15.30600643157959,6.3155921452562325e-06
79,綺麗,acknowledge,stranger,かなり,宿のフロント係に絶対綺麗だと勧められた散歩道を、大輔は半信半疑で歩きました。しかし、フロント係の言った通りに綺麗でした。教えてもらったことについて感謝します。「景色、かなり綺麗でした。教えていただいてありがとうございます。」,-7.79909086227417,0.0114981010556221
79,綺麗,acknowledge,stranger,すごく,宿のフロント係に絶対綺麗だと勧められた散歩道を、大輔は半信半疑で歩きました。しかし、フロント係の言った通りに綺麗でした。教えてもらったことについて感謝します。「景色、すごく綺麗でした。教えていただいてありがとうございます。」,-6.4362099170684814,0.044928085058927536
79,綺麗,acknowledge,stranger,そこまで,宿のフロント係に絶対綺麗だと勧められた散歩道を、大輔は半信半疑で歩きました。しかし、フロント係の言った通りに綺麗でした。教えてもらったことについて感謝します。「景色、そこまで綺麗でした。教えていただいてありがとうございます。」,-13.688075542449951,3.1847281206864864e-05
79,綺麗,acknowledge,stranger,それほど,宿のフロント係に絶対綺麗だと勧められた散歩道を、大輔は半信半疑で歩きました。しかし、フロント係の言った通りに綺麗でした。教えてもらったことについて感謝します。「景色、それほど綺麗でした。教えていただいてありがとうございます。」,-12.50526762008667,0.00010393439879408106
79,綺麗,acknowledge,stranger,そんなに,宿のフロント係に絶対綺麗だと勧められた散歩道を、大輔は半信半疑で歩きました。しかし、フロント係の言った通りに綺麗でした。教えてもらったことについて感謝します。「景色、そんなに綺麗でした。教えていただいてありがとうございます。」,-12.58171796798706,9.628471889300272e-05
79,綺麗,acknowledge,stranger,たいして,宿のフロント係に絶対綺麗だと勧められた散歩道を、大輔は半信半疑で歩きました。しかし、フロント係の言った通りに綺麗でした。教えてもらったことについて感謝します。「景色、たいして綺麗でした。教えていただいてありがとうございます。」,-13.98790967464447,2.3596978280693293e-05
79,綺麗,acknowledge,stranger,だいぶ,宿のフロント係に絶対綺麗だと勧められた散歩道を、大輔は半信半疑で歩きました。しかし、フロント係の言った通りに綺麗でした。教えてもらったことについて感謝します。「景色、だいぶ綺麗でした。教えていただいてありがとうございます。」,-9.910442225984298,0.001392123638652265
79,綺麗,acknowledge,stranger,ちっとも,宿のフロント係に絶対綺麗だと勧められた散歩道を、大輔は半信半疑で歩きました。しかし、フロント係の言った通りに綺麗でした。教えてもらったことについて感謝します。「景色、ちっとも綺麗でした。教えていただいてありがとうございます。」,-15.767094492912292,3.9825940802984405e-06
79,綺麗,acknowledge,stranger,ちょっと,宿のフロント係に絶対綺麗だと勧められた散歩道を、大輔は半信半疑で歩きました。しかし、フロント係の言った通りに綺麗でした。教えてもらったことについて感謝します。「景色、ちょっと綺麗でした。教えていただいてありがとうございます。」,-10.52123212814331,0.0007558140205219388
79,綺麗,acknowledge,stranger,とても,宿のフロント係に絶対綺麗だと勧められた散歩道を、大輔は半信半疑で歩きました。しかし、フロント係の言った通りに綺麗でした。教えてもらったことについて感謝します。「景色、とても綺麗でした。教えていただいてありがとうございます。」,-4.004115343093872,0.5114028453826904
79,綺麗,acknowledge,stranger,なかなか,宿のフロント係に絶対綺麗だと勧められた散歩道を、大輔は半信半疑で歩きました。しかし、フロント係の言った通りに綺麗でした。教えてもらったことについて感謝します。「景色、なかなか綺麗でした。教えていただいてありがとうございます。」,-8.92643690109253,0.0037241377867758274
79,綺麗,acknowledge,stranger,（なし）,宿のフロント係に絶対綺麗だと勧められた散歩道を、大輔は半信半疑で歩きました。しかし、フロント係の言った通りに綺麗でした。教えてもらったことについて感謝します。「景色、（なし）綺麗でした。教えていただいてありがとうございます。」,-23.557023525238037,1.6483228115760085e-09
79,綺麗,acknowledge,stranger,ひどく,宿のフロント係に絶対綺麗だと勧められた散歩道を、大輔は半信半疑で歩きました。しかし、フロント係の言った通りに綺麗でした。教えてもらったことについて感謝します。「景色、ひどく綺麗でした。教えていただいてありがとうございます。」,-14.749729990959167,1.1015440577466507e-05
79,綺麗,acknowledge,stranger,まあまあ,宿のフロント係に絶対綺麗だと勧められた散歩道を、大輔は半信半疑で歩きました。しかし、フロント係の言った通りに綺麗でした。教えてもらったことについて感謝します。「景色、まあまあ綺麗でした。教えていただいてありがとうございます。」,-11.26410973072052,0.0003595734015107155
79,綺麗,acknowledge,stranger,マジで,宿のフロント係に絶対綺麗だと勧められた散歩道を、大輔は半信半疑で歩きました。しかし、フロント係の言った通りに綺麗でした。教えてもらったことについて感謝します。「景色、マジで綺麗でした。教えていただいてありがとうございます。」,-11.063835352659225,0.00043930450920015574
79,綺麗,acknowledge,stranger,めっちゃ,宿のフロント係に絶対綺麗だと勧められた散歩道を、大輔は半信半疑で歩きました。しかし、フロント係の言った通りに綺麗でした。教えてもらったことについて感謝します。「景色、めっちゃ綺麗でした。教えていただいてありがとうございます。」,-12.406247030943632,0.0001147528673755005
79,綺麗,acknowledge,stranger,やや,宿のフロント係に絶対綺麗だと勧められた散歩道を、大輔は半信半疑で歩きました。しかし、フロント係の言った通りに綺麗でした。教えてもらったことについて感謝します。「景色、やや綺麗でした。教えていただいてありがとうございます。」,-10.970033288002014,0.00048250649706460536
79,綺麗,acknowledge,stranger,結構,宿のフロント係に絶対綺麗だと勧められた散歩道を、大輔は半信半疑で歩きました。しかし、フロント係の言った通りに綺麗でした。教えてもらったことについて感謝します。「景色、結構綺麗でした。教えていただいてありがとうございます。」,-9.572642803192139,0.0019515607273206115
79,綺麗,acknowledge,stranger,若干,宿のフロント係に絶対綺麗だと勧められた散歩道を、大輔は半信半疑で歩きました。しかし、フロント係の言った通りに綺麗でした。教えてもらったことについて感謝します。「景色、若干綺麗でした。教えていただいてありがとうございます。」,-14.861575603485107,9.849807611317374e-06
79,綺麗,acknowledge,stranger,少し,宿のフロント係に絶対綺麗だと勧められた散歩道を、大輔は半信半疑で歩きました。しかし、フロント係の言った通りに綺麗でした。教えてもらったことについて感謝します。「景色、少し綺麗でした。教えていただいてありがとうございます。」,-11.372310161590576,0.0003226981498301029
79,綺麗,acknowledge,stranger,少しも,宿のフロント係に絶対綺麗だと勧められた散歩道を、大輔は半信半疑で歩きました。しかし、フロント係の言った通りに綺麗でした。教えてもらったことについて感謝します。「景色、少しも綺麗でした。教えていただいてありがとうございます。」,-13.46419620513916,3.9838421798776835e-05
79,綺麗,acknowledge,stranger,全然,宿のフロント係に絶対綺麗だと勧められた散歩道を、大輔は半信半疑で歩きました。しかし、フロント係の言った通りに綺麗でした。教えてもらったことについて感謝します。「景色、全然綺麗でした。教えていただいてありがとうございます。」,-10.444484233856201,0.0008161052828654647
79,綺麗,acknowledge,stranger,相当,宿のフロント係に絶対綺麗だと勧められた散歩道を、大輔は半信半疑で歩きました。しかし、フロント係の言った通りに綺麗でした。教えてもらったことについて感謝します。「景色、相当綺麗でした。教えていただいてありがとうございます。」,-8.754664897918701,0.004422067664563656
79,綺麗,acknowledge,stranger,超,宿のフロント係に絶対綺麗だと勧められた散歩道を、大輔は半信半疑で歩きました。しかし、フロント係の言った通りに綺麗でした。教えてもらったことについて感謝します。「景色、超綺麗でした。教えていただいてありがとうございます。」,-8.641536235809326,0.004951725248247385
79,綺麗,acknowledge,stranger,非常に,宿のフロント係に絶対綺麗だと勧められた散歩道を、大輔は半信半疑で歩きました。しかし、フロント係の言った通りに綺麗でした。教えてもらったことについて感謝します。「景色、非常に綺麗でした。教えていただいてありがとうございます。」,-7.263686656951904,0.019640348851680756
79,綺麗,acknowledge,stranger,微妙に,宿のフロント係に絶対綺麗だと勧められた散歩道を、大輔は半信半疑で歩きました。しかし、フロント係の言った通りに綺麗でした。教えてもらったことについて感謝します。「景色、微妙に綺麗でした。教えていただいてありがとうございます。」,-12.941686019301414,6.717776705045253e-05
79,綺麗,acknowledge,stranger,普通に,宿のフロント係に絶対綺麗だと勧められた散歩道を、大輔は半信半疑で歩きました。しかし、フロント係の言った通りに綺麗でした。教えてもらったことについて感謝します。「景色、普通に綺麗でした。教えていただいてありがとうございます。」,-10.910895824432373,0.0005119012203067541
79,綺麗,acknowledge,stranger,本当に,宿のフロント係に絶対綺麗だと勧められた散歩道を、大輔は半信半疑で歩きました。しかし、フロント係の言った通りに綺麗でした。教えてもらったことについて感謝します。「景色、本当に綺麗でした。教えていただいてありがとうございます。」,-4.272677659988403,0.3909561038017273
79,綺麗,acknowledge,stranger,全く,宿のフロント係に絶対綺麗だと勧められた散歩道を、大輔は半信半疑で歩きました。しかし、フロント係の言った通りに綺麗でした。教えてもらったことについて感謝します。「景色、全く綺麗でした。教えていただいてありがとうございます。」,-11.303248882293701,0.00034577169572003186
80,綺麗,neutral-positive,stranger,あまり,展望台の入口で、これから上がる客に、景色がどれくらい綺麗だったか聞かれ、大輔は答えます。「景色、あまり綺麗でした。」,-8.570069193840027,0.0008813111926428974
80,綺麗,neutral-positive,stranger,いまいち,展望台の入口で、これから上がる客に、景色がどれくらい綺麗だったか聞かれ、大輔は答えます。「景色、いまいち綺麗でした。」,-12.924943327903748,1.131962017097976e-05
80,綺麗,neutral-positive,stranger,かなり,展望台の入口で、これから上がる客に、景色がどれくらい綺麗だったか聞かれ、大輔は答えます。「景色、かなり綺麗でした。」,-4.888760209083557,0.03498658537864685
80,綺麗,neutral-positive,stranger,すごく,展望台の入口で、これから上がる客に、景色がどれくらい綺麗だったか聞かれ、大輔は答えます。「景色、すごく綺麗でした。」,-4.116734147071838,0.07571609318256378
80,綺麗,neutral-positive,stranger,そこまで,展望台の入口で、これから上がる客に、景色がどれくらい綺麗だったか聞かれ、大輔は答えます。「景色、そこまで綺麗でした。」,-11.346226572990417,5.488575334311463e-05
80,綺麗,neutral-positive,stranger,それほど,展望台の入口で、これから上がる客に、景色がどれくらい綺麗だったか聞かれ、大輔は答えます。「景色、それほど綺麗でした。」,-9.391213297843933,0.0003877134877257049
80,綺麗,neutral-positive,stranger,そんなに,展望台の入口で、これから上がる客に、景色がどれくらい綺麗だったか聞かれ、大輔は答えます。「景色、そんなに綺麗でした。」,-9.161019206047058,0.00048807094572111964
80,綺麗,neutral-positive,stranger,たいして,展望台の入口で、これから上がる客に、景色がどれくらい綺麗だったか聞かれ、大輔は答えます。「景色、たいして綺麗でした。」,-10.05377459526062,0.00019987761334050447
80,綺麗,neutral-positive,stranger,だいぶ,展望台の入口で、これから上がる客に、景色がどれくらい綺麗だったか聞かれ、大輔は答えます。「景色、だいぶ綺麗でした。」,-7.391747765359469,0.002863305853679776
80,綺麗,neutral-positive,stranger,ちっとも,展望台の入口で、これから上がる客に、景色がどれくらい綺麗だったか聞かれ、大輔は答えます。「景色、ちっとも綺麗でした。」,-15.395031929016113,9.573833494869177e-07
80,綺麗,neutral-positive,stranger,ちょっと,展望台の入口で、これから上がる客に、景色がどれくらい綺麗だったか聞かれ、大輔は答えます。「景色、ちょっと綺麗でした。」,-7.461510539054871,0.002670362126082182
80,綺麗,neutral-positive,stranger,とても,展望台の入口で、これから上がる客に、景色がどれくらい綺麗だったか聞かれ、大輔は答えます。「景色、とても綺麗でした。」,-2.491474747657776,0.38461780548095703
80,綺麗,neutral-positive,stranger,なかなか,展望台の入口で、これから上がる客に、景色がどれくらい綺麗だったか聞かれ、大輔は答えます。「景色、なかなか綺麗でした。」,-7.2799118757247925,0.003202119143679738
80,綺麗,neutral-positive,stranger,（なし）,展望台の入口で、これから上がる客に、景色がどれくらい綺麗だったか聞かれ、大輔は答えます。「景色、（なし）綺麗でした。」,-25.903539657592773,2.6139574879624483e-11
80,綺麗,neutral-positive,stranger,ひどく,展望台の入口で、これから上がる客に、景色がどれくらい綺麗だったか聞かれ、大輔は答えます。「景色、ひどく綺麗でした。」,-12.739329725503922,1.362833700113697e-05
80,綺麗,neutral-positive,stranger,まあまあ,展望台の入口で、これから上がる客に、景色がどれくらい綺麗だったか聞かれ、大輔は答えます。「景色、まあまあ綺麗でした。」,-7.5190858244895935,0.0025209577288478613
80,綺麗,neutral-positive,stranger,マジで,展望台の入口で、これから上がる客に、景色がどれくらい綺麗だったか聞かれ、大輔は答えます。「景色、マジで綺麗でした。」,-9.537564426660538,0.0003349280741531402
80,綺麗,neutral-positive,stranger,めっちゃ,展望台の入口で、これから上がる客に、景色がどれくらい綺麗だったか聞かれ、大輔は答えます。「景色、めっちゃ綺麗でした。」,-9.83424068056047,0.00024894680245779455
80,綺麗,neutral-positive,stranger,やや,展望台の入口で、これから上がる客に、景色がどれくらい綺麗だったか聞かれ、大輔は答えます。「景色、やや綺麗でした。」,-9.36091524362564,0.0003996402956545353
80,綺麗,neutral-positive,stranger,結構,展望台の入口で、これから上がる客に、景色がどれくらい綺麗だったか聞かれ、大輔は答えます。「景色、結構綺麗でした。」,-6.801003336906433,0.005169217940419912
80,綺麗,neutral-positive,stranger,若干,展望台の入口で、これから上がる客に、景色がどれくらい綺麗だったか聞かれ、大輔は答えます。「景色、若干綺麗でした。」,-11.260449290275574,5.980152127449401e-05
80,綺麗,neutral-positive,stranger,少し,展望台の入口で、これから上がる客に、景色がどれくらい綺麗だったか聞かれ、大輔は答えます。「景色、少し綺麗でした。」,-8.415329813957214,0.001028801896609366
80,綺麗,neutral-positive,stranger,少しも,展望台の入口で、これから上がる客に、景色がどれくらい綺麗だったか聞かれ、大輔は答えます。「景色、少しも綺麗でした。」,-11.075469851493835,7.195274520199746e-05
80,綺麗,neutral-positive,stranger,全然,展望台の入口で、これから上がる客に、景色がどれくらい綺麗だったか聞かれ、大輔は答えます。「景色、全然綺麗でした。」,-8.395996928215027,0.001048885053023696
80,綺麗,neutral-positive,stranger,相当,展望台の入口で、これから上がる客に、景色がどれくらい綺麗だったか聞かれ、大輔は答えます。「景色、相当綺麗でした。」,-5.825775980949402,0.01370757631957531
80,綺麗,neutral-positive,stranger,超,展望台の入口で、これから上がる客に、景色がどれくらい綺麗だったか聞かれ、大輔は答えます。「景色、超綺麗でした。」,-7.2822312116622925,0.003194700926542282
80,綺麗,neutral-positive,stranger,非常に,展望台の入口で、これから上がる客に、景色がどれくらい綺麗だったか聞かれ、大輔は答えます。「景色、非常に綺麗でした。」,-4.740051865577698,0.040596142411231995
80,綺麗,neutral-positive,stranger,微妙に,展望台の入口で、これから上がる客に、景色がどれくらい綺麗だったか聞かれ、大輔は答えます。「景色、微妙に綺麗でした。」,-9.835625149309635,0.00024860253324732184
80,綺麗,neutral-positive,stranger,普通に,展望台の入口で、これから上がる客に、景色がどれくらい綺麗だったか聞かれ、大輔は答えます。「景色、普通に綺麗でした。」,-7.033242106437683,0.004097932484000921
80,綺麗,neutral-positive,stranger,本当に,展望台の入口で、これから上がる客に、景色がどれくらい綺麗だったか聞かれ、大輔は答えます。「景色、本当に綺麗でした。」,-2.4014326333999634,0.42085665464401245
80,綺麗,neutral-positive,stranger,全く,展望台の入口で、これから上がる客に、景色がどれくらい綺麗だったか聞かれ、大輔は答えます。「景色、全く綺麗でした。」,-9.579388499259949,0.0003212088195141405
81,綺麗,neutral-negative,stranger,あまり,展望台の入口で、これから上がる客に、景色がどれくらい綺麗だったか聞かれ、大輔は答えます。「景色、あまり綺麗じゃなかったです。」,-3.669972062110901,0.2283724546432495
81,綺麗,neutral-negative,stranger,いまいち,展望台の入口で、これから上がる客に、景色がどれくらい綺麗だったか聞かれ、大輔は答えます。「景色、いまいち綺麗じゃなかったです。」,-11.693434715270996,7.483387889806181e-05
81,綺麗,neutral-negative,stranger,かなり,展望台の入口で、これから上がる客に、景色がどれくらい綺麗だったか聞かれ、大輔は答えます。「景色、かなり綺麗じゃなかったです。」,-8.26274573802948,0.0023122101556509733
81,綺麗,neutral-negative,stranger,すごく,展望台の入口で、これから上がる客に、景色がどれくらい綺麗だったか聞かれ、大輔は答えます。「景色、すごく綺麗じゃなかったです。」,-6.885979533195496,0.00916113518178463
81,綺麗,neutral-negative,stranger,そこまで,展望台の入口で、これから上がる客に、景色がどれくらい綺麗だったか聞かれ、大輔は答えます。「景色、そこまで綺麗じゃなかったです。」,-6.285057902336121,0.016708068549633026
81,綺麗,neutral-negative,stranger,それほど,展望台の入口で、これから上がる客に、景色がどれくらい綺麗だったか聞かれ、大輔は答えます。「景色、それほど綺麗じゃなかったです。」,-6.189209818840027,0.018388763070106506
81,綺麗,neutral-negative,stranger,そんなに,展望台の入口で、これから上がる客に、景色がどれくらい綺麗だったか聞かれ、大輔は答えます。「景色、そんなに綺麗じゃなかったです。」,-3.4812551736831665,0.27580517530441284
81,綺麗,neutral-negative,stranger,たいして,展望台の入口で、これから上がる客に、景色がどれくらい綺麗だったか聞かれ、大輔は答えます。「景色、たいして綺麗じゃなかったです。」,-10.403358519077301,0.0002718761097639799
81,綺麗,neutral-negative,stranger,だいぶ,展望台の入口で、これから上がる客に、景色がどれくらい綺麗だったか聞かれ、大輔は答えます。「景色、だいぶ綺麗じゃなかったです。」,-9.945948058739305,0.0004295582475606352
81,綺麗,neutral-negative,stranger,ちっとも,展望台の入口で、これから上がる客に、景色がどれくらい綺麗だったか聞かれ、大輔は答えます。「景色、ちっとも綺麗じゃなかったです。」,-15.330691069364548,1.9699618860613555e-06
81,綺麗,neutral-negative,stranger,ちょっと,展望台の入口で、これから上がる客に、景色がどれくらい綺麗だったか聞かれ、大輔は答えます。「景色、ちょっと綺麗じゃなかったです。」,-6.240246653556824,0.01747380569577217
81,綺麗,neutral-negative,stranger,とても,展望台の入口で、これから上がる客に、景色がどれくらい綺麗だったか聞かれ、大輔は答えます。「景色、とても綺麗じゃなかったです。」,-5.255634903907776,0.046773411333560944
81,綺麗,neutral-negative,stranger,なかなか,展望台の入口で、これから上がる客に、景色がどれくらい綺麗だったか聞かれ、大輔は答えます。「景色、なかなか綺麗じゃなかったです。」,-6.922634959220886,0.008831409737467766
81,綺麗,neutral-negative,stranger,（なし）,展望台の入口で、これから上がる客に、景色がどれくらい綺麗だったか聞かれ、大輔は答えます。「景色、（なし）綺麗じゃなかったです。」,-26.637227058410645,2.42154057222832e-11
81,綺麗,neutral-negative,stranger,ひどく,展望台の入口で、これから上がる客に、景色がどれくらい綺麗だったか聞かれ、大輔は答えます。「景色、ひどく綺麗じゃなかったです。」,-14.54421079158783,4.325354439060902e-06
81,綺麗,neutral-negative,stranger,まあまあ,展望台の入口で、これから上がる客に、景色がどれくらい綺麗だったか聞かれ、大輔は答えます。「景色、まあまあ綺麗じゃなかったです。」,-10.364220380783081,0.0002827277348842472
81,綺麗,neutral-negative,stranger,マジで,展望台の入口で、これから上がる客に、景色がどれくらい綺麗だったか聞かれ、大輔は答えます。「景色、マジで綺麗じゃなかったです。」,-11.173821091651917,0.00012582393537741154
81,綺麗,neutral-negative,stranger,めっちゃ,展望台の入口で、これから上がる客に、景色がどれくらい綺麗だったか聞かれ、大輔は答えます。「景色、めっちゃ綺麗じゃなかったです。」,-10.469732359051704,0.00025441651814617217
81,綺麗,neutral-negative,stranger,やや,展望台の入口で、これから上がる客に、景色がどれくらい綺麗だったか聞かれ、大輔は答えます。「景色、やや綺麗じゃなかったです。」,-12.257323265075684,4.2579897126415744e-05
81,綺麗,neutral-negative,stranger,結構,展望台の入口で、これから上がる客に、景色がどれくらい綺麗だったか聞かれ、大輔は答えます。「景色、結構綺麗じゃなかったです。」,-9.23647391796112,0.0008732579299248755
81,綺麗,neutral-negative,stranger,若干,展望台の入口で、これから上がる客に、景色がどれくらい綺麗だったか聞かれ、大輔は答えます。「景色、若干綺麗じゃなかったです。」,-11.043061137199402,0.00014340082998387516
81,綺麗,neutral-negative,stranger,少し,展望台の入口で、これから上がる客に、景色がどれくらい綺麗だったか聞かれ、大輔は答えます。「景色、少し綺麗じゃなかったです。」,-8.825573801994324,0.0013170255115255713
81,綺麗,neutral-negative,stranger,少しも,展望台の入口で、これから上がる客に、景色がどれくらい綺麗だったか聞かれ、大輔は答えます。「景色、少しも綺麗じゃなかったです。」,-9.627002000808716,0.0005909333704039454
81,綺麗,neutral-negative,stranger,全然,展望台の入口で、これから上がる客に、景色がどれくらい綺麗だったか聞かれ、大輔は答えます。「景色、全然綺麗じゃなかったです。」,-3.340809464454651,0.31739288568496704
81,綺麗,neutral-negative,stranger,相当,展望台の入口で、これから上がる客に、景色がどれくらい綺麗だったか聞かれ、大輔は答えます。「景色、相当綺麗じゃなかったです。」,-8.487751841545105,0.0018463260494172573
81,綺麗,neutral-negative,stranger,超,展望台の入口で、これから上がる客に、景色がどれくらい綺麗だったか聞かれ、大輔は答えます。「景色、超綺麗じゃなかったです。」,-10.076062083244324,0.0003771499323192984
81,綺麗,neutral-negative,stranger,非常に,展望台の入口で、これから上がる客に、景色がどれくらい綺麗だったか聞かれ、大輔は答えます。「景色、非常に綺麗じゃなかったです。」,-9.382630228996277,0.0007545146509073675
81,綺麗,neutral-negative,stranger,微妙に,展望台の入口で、これから上がる客に、景色がどれくらい綺麗だったか聞かれ、大輔は答えます。「景色、微妙に綺麗じゃなかったです。」,-10.539988934993744,0.0002371556038269773
81,綺麗,neutral-negative,stranger,普通に,展望台の入口で、これから上がる客に、景色がどれくらい綺麗だったか聞かれ、大輔は答えます。「景色、普通に綺麗じゃなかったです。」,-8.912697672843933,0.0012071375967934728
81,綺麗,neutral-negative,stranger,本当に,展望台の入口で、これから上がる客に、景色がどれくらい綺麗だったか聞かれ、大輔は答えます。「景色、本当に綺麗じゃなかったです。」,-5.68150007724762,0.03055259957909584
81,綺麗,neutral-negative,stranger,全く,展望台の入口で、これから上がる客に、景色がどれくらい綺麗だったか聞かれ、大輔は答えます。「景色、全く綺麗じゃなかったです。」,-6.13603675365448,0.019393013790249825
82,綺麗,annoyed,stranger,あまり,大輔が朝から手入れをした店先の花壇に、通行人が自転車を停めて花が倒れてしまいました。苛立った大輔はその人を呼び止めて言います。「せっかく整えたのに、あまり綺麗じゃなくなってしまったんですけど。移動していただけますか？」,-6.94184684753418,0.06832458823919296
82,綺麗,annoyed,stranger,いまいち,大輔が朝から手入れをした店先の花壇に、通行人が自転車を停めて花が倒れてしまいました。苛立った大輔はその人を呼び止めて言います。「せっかく整えたのに、いまいち綺麗じゃなくなってしまったんですけど。移動していただけますか？」,-11.534950494766235,0.0006915404228493571
82,綺麗,annoyed,stranger,かなり,大輔が朝から手入れをした店先の花壇に、通行人が自転車を停めて花が倒れてしまいました。苛立った大輔はその人を呼び止めて言います。「せっかく整えたのに、かなり綺麗じゃなくなってしまったんですけど。移動していただけますか？」,-9.190328598022461,0.007212300319224596
82,綺麗,annoyed,stranger,すごく,大輔が朝から手入れをした店先の花壇に、通行人が自転車を停めて花が倒れてしまいました。苛立った大輔はその人を呼び止めて言います。「せっかく整えたのに、すごく綺麗じゃなくなってしまったんですけど。移動していただけますか？」,-8.821393966674805,0.010430378839373589
82,綺麗,annoyed,stranger,そこまで,大輔が朝から手入れをした店先の花壇に、通行人が自転車を停めて花が倒れてしまいました。苛立った大輔はその人を呼び止めて言います。「せっかく整えたのに、そこまで綺麗じゃなくなってしまったんですけど。移動していただけますか？」,-10.813318252563477,0.001423044130206108
82,綺麗,annoyed,stranger,それほど,大輔が朝から手入れをした店先の花壇に、通行人が自転車を停めて花が倒れてしまいました。苛立った大輔はその人を呼び止めて言います。「せっかく整えたのに、それほど綺麗じゃなくなってしまったんですけど。移動していただけますか？」,-11.40457010269165,0.000787845638114959
82,綺麗,annoyed,stranger,そんなに,大輔が朝から手入れをした店先の花壇に、通行人が自転車を停めて花が倒れてしまいました。苛立った大輔はその人を呼び止めて言います。「せっかく整えたのに、そんなに綺麗じゃなくなってしまったんですけど。移動していただけますか？」,-9.380678176879883,0.0059621925465762615
82,綺麗,annoyed,stranger,たいして,大輔が朝から手入れをした店先の花壇に、通行人が自転車を停めて花が倒れてしまいました。苛立った大輔はその人を呼び止めて言います。「せっかく整えたのに、たいして綺麗じゃなくなってしまったんですけど。移動していただけますか？」,-13.588166296482086,8.873954357113689e-05
82,綺麗,annoyed,stranger,だいぶ,大輔が朝から手入れをした店先の花壇に、通行人が自転車を停めて花が倒れてしまいました。苛立った大輔はその人を呼び止めて言います。「せっかく整えたのに、だいぶ綺麗じゃなくなってしまったんですけど。移動していただけますか？」,-12.178908017202048,0.00036320355138741434
82,綺麗,annoyed,stranger,ちっとも,大輔が朝から手入れをした店先の花壇に、通行人が自転車を停めて花が倒れてしまいました。苛立った大輔はその人を呼び止めて言います。「せっかく整えたのに、ちっとも綺麗じゃなくなってしまったんですけど。移動していただけますか？」,-16.68867701292038,3.995604856754653e-06
82,綺麗,annoyed,stranger,ちょっと,大輔が朝から手入れをした店先の花壇に、通行人が自転車を停めて花が倒れてしまいました。苛立った大輔はその人を呼び止めて言います。「せっかく整えたのに、ちょっと綺麗じゃなくなってしまったんですけど。移動していただけますか？」,-4.776933670043945,0.5953698754310608
82,綺麗,annoyed,stranger,とても,大輔が朝から手入れをした店先の花壇に、通行人が自転車を停めて花が倒れてしまいました。苛立った大輔はその人を呼び止めて言います。「せっかく整えたのに、とても綺麗じゃなくなってしまったんですけど。移動していただけますか？」,-7.081811904907227,0.05940061807632446
82,綺麗,annoyed,stranger,なかなか,大輔が朝から手入れをした店先の花壇に、通行人が自転車を停めて花が倒れてしまいました。苛立った大輔はその人を呼び止めて言います。「せっかく整えたのに、なかなか綺麗じゃなくなってしまったんですけど。移動していただけますか？」,-7.854177474975586,0.027438277378678322
82,綺麗,annoyed,stranger,（なし）,大輔が朝から手入れをした店先の花壇に、通行人が自転車を停めて花が倒れてしまいました。苛立った大輔はその人を呼び止めて言います。「せっかく整えたのに、（なし）綺麗じゃなくなってしまったんですけど。移動していただけますか？」,-30.764534950256348,3.07974977985237e-12
82,綺麗,annoyed,stranger,ひどく,大輔が朝から手入れをした店先の花壇に、通行人が自転車を停めて花が倒れてしまいました。苛立った大輔はその人を呼び止めて言います。「せっかく整えたのに、ひどく綺麗じゃなくなってしまったんですけど。移動していただけますか？」,-14.473096311092377,3.662664312287234e-05
82,綺麗,annoyed,stranger,まあまあ,大輔が朝から手入れをした店先の花壇に、通行人が自転車を停めて花が倒れてしまいました。苛立った大輔はその人を呼び止めて言います。「せっかく整えたのに、まあまあ綺麗じゃなくなってしまったんですけど。移動していただけますか？」,-14.279866695404053,4.443398574949242e-05
82,綺麗,annoyed,stranger,マジで,大輔が朝から手入れをした店先の花壇に、通行人が自転車を停めて花が倒れてしまいました。苛立った大輔はその人を呼び止めて言います。「せっかく整えたのに、マジで綺麗じゃなくなってしまったんですけど。移動していただけますか？」,-15.92870780825615,8.543439435015898e-06
82,綺麗,annoyed,stranger,めっちゃ,大輔が朝から手入れをした店先の花壇に、通行人が自転車を停めて花が倒れてしまいました。苛立った大輔はその人を呼び止めて言います。「せっかく整えたのに、めっちゃ綺麗じゃなくなってしまったんですけど。移動していただけますか？」,-12.088983729481697,0.0003973781131207943
82,綺麗,annoyed,stranger,やや,大輔が朝から手入れをした店先の花壇に、通行人が自転車を停めて花が倒れてしまいました。苛立った大輔はその人を呼び止めて言います。「せっかく整えたのに、やや綺麗じゃなくなってしまったんですけど。移動していただけますか？」,-13.445363283157349,0.00010236130765406415
82,綺麗,annoyed,stranger,結構,大輔が朝から手入れをした店先の花壇に、通行人が自転車を停めて花が倒れてしまいました。苛立った大輔はその人を呼び止めて言います。「せっかく整えたのに、結構綺麗じゃなくなってしまったんですけど。移動していただけますか？」,-8.900014877319336,0.009641740471124649
82,綺麗,annoyed,stranger,若干,大輔が朝から手入れをした店先の花壇に、通行人が自転車を停めて花が倒れてしまいました。苛立った大輔はその人を呼び止めて言います。「せっかく整えたのに、若干綺麗じゃなくなってしまったんですけど。移動していただけますか？」,-11.012235641479492,0.0011663519544526935
82,綺麗,annoyed,stranger,少し,大輔が朝から手入れをした店先の花壇に、通行人が自転車を停めて花が倒れてしまいました。苛立った大輔はその人を呼び止めて言います。「せっかく整えたのに、少し綺麗じゃなくなってしまったんですけど。移動していただけますか？」,-6.794485092163086,0.07917268574237823
82,綺麗,annoyed,stranger,少しも,大輔が朝から手入れをした店先の花壇に、通行人が自転車を停めて花が倒れてしまいました。苛立った大輔はその人を呼び止めて言います。「せっかく整えたのに、少しも綺麗じゃなくなってしまったんですけど。移動していただけますか？」,-11.92865538597107,0.0004664805019274354
82,綺麗,annoyed,stranger,全然,大輔が朝から手入れをした店先の花壇に、通行人が自転車を停めて花が倒れてしまいました。苛立った大輔はその人を呼び止めて言います。「せっかく整えたのに、全然綺麗じゃなくなってしまったんですけど。移動していただけますか？」,-6.684137344360352,0.08840947598218918
82,綺麗,annoyed,stranger,相当,大輔が朝から手入れをした店先の花壇に、通行人が自転車を停めて花が倒れてしまいました。苛立った大輔はその人を呼び止めて言います。「せっかく整えたのに、相当綺麗じゃなくなってしまったんですけど。移動していただけますか？」,-11.508985996246338,0.0007097311899997294
82,綺麗,annoyed,stranger,超,大輔が朝から手入れをした店先の花壇に、通行人が自転車を停めて花が倒れてしまいました。苛立った大輔はその人を呼び止めて言います。「せっかく整えたのに、超綺麗じゃなくなってしまったんですけど。移動していただけますか？」,-12.602686405181885,0.00023774195869918913
82,綺麗,annoyed,stranger,非常に,大輔が朝から手入れをした店先の花壇に、通行人が自転車を停めて花が倒れてしまいました。苛立った大輔はその人を呼び止めて言います。「せっかく整えたのに、非常に綺麗じゃなくなってしまったんですけど。移動していただけますか？」,-11.330603122711182,0.0008483295096084476
82,綺麗,annoyed,stranger,微妙に,大輔が朝から手入れをした店先の花壇に、通行人が自転車を停めて花が倒れてしまいました。苛立った大輔はその人を呼び止めて言います。「せっかく整えたのに、微妙に綺麗じゃなくなってしまったんですけど。移動していただけますか？」,-12.408804602921009,0.0002886072907131165
82,綺麗,annoyed,stranger,普通に,大輔が朝から手入れをした店先の花壇に、通行人が自転車を停めて花が倒れてしまいました。苛立った大輔はその人を呼び止めて言います。「せっかく整えたのに、普通に綺麗じゃなくなってしまったんですけど。移動していただけますか？」,-12.245958805084229,0.0003396492393221706
82,綺麗,annoyed,stranger,本当に,大輔が朝から手入れをした店先の花壇に、通行人が自転車を停めて花が倒れてしまいました。苛立った大輔はその人を呼び止めて言います。「せっかく整えたのに、本当に綺麗じゃなくなってしまったんですけど。移動していただけますか？」,-7.714582443237305,0.03154875338077545
82,綺麗,annoyed,stranger,全く,大輔が朝から手入れをした店先の花壇に、通行人が自転車を停めて花が倒れてしまいました。苛立った大輔はその人を呼び止めて言います。「せっかく整えたのに、全く綺麗じゃなくなってしまったんですけど。移動していただけますか？」,-8.95954704284668,0.009084497578442097
83,綺麗,encouraging,stranger,あまり,宿のフロント係が、部屋の内装が古いことを何度も謝ってきます。大輔はその係員を励まします。「お部屋、あまり綺麗ですよ。手入れが行き届いているのが分かります。」,-10.43009066581726,0.0007232994539663196
83,綺麗,encouraging,stranger,いまいち,宿のフロント係が、部屋の内装が古いことを何度も謝ってきます。大輔はその係員を励まします。「お部屋、いまいち綺麗ですよ。手入れが行き届いているのが分かります。」,-12.785948276519775,6.857763219159096e-05
83,綺麗,encouraging,stranger,かなり,宿のフロント係が、部屋の内装が古いことを何度も謝ってきます。大輔はその係員を励まします。「お部屋、かなり綺麗ですよ。手入れが行き届いているのが分かります。」,-7.561457395553589,0.01273941807448864
83,綺麗,encouraging,stranger,すごく,宿のフロント係が、部屋の内装が古いことを何度も謝ってきます。大輔はその係員を励まします。「お部屋、すごく綺麗ですよ。手入れが行き届いているのが分かります。」,-6.430193662643433,0.039486732333898544
83,綺麗,encouraging,stranger,そこまで,宿のフロント係が、部屋の内装が古いことを何度も謝ってきます。大輔はその係員を励まします。「お部屋、そこまで綺麗ですよ。手入れが行き届いているのが分かります。」,-14.453086137771606,1.2946537026437e-05
83,綺麗,encouraging,stranger,それほど,宿のフロント係が、部屋の内装が古いことを何度も謝ってきます。大輔はその係員を励まします。「お部屋、それほど綺麗ですよ。手入れが行き届いているのが分かります。」,-12.717520952224731,7.343447214225307e-05
83,綺麗,encouraging,stranger,そんなに,宿のフロント係が、部屋の内装が古いことを何度も謝ってきます。大輔はその係員を励まします。「お部屋、そんなに綺麗ですよ。手入れが行き届いているのが分かります。」,-11.56306767463684,0.00023295532446354628
83,綺麗,encouraging,stranger,たいして,宿のフロント係が、部屋の内装が古いことを何度も謝ってきます。大輔はその係員を励まします。「お部屋、たいして綺麗ですよ。手入れが行き届いているのが分かります。」,-14.034457564353943,1.9677128875628114e-05
83,綺麗,encouraging,stranger,だいぶ,宿のフロント係が、部屋の内装が古いことを何度も謝ってきます。大輔はその係員を励まします。「お部屋、だいぶ綺麗ですよ。手入れが行き届いているのが分かります。」,-11.357893175270874,0.0002860084059648216
83,綺麗,encouraging,stranger,ちっとも,宿のフロント係が、部屋の内装が古いことを何度も謝ってきます。大輔はその係員を励まします。「お部屋、ちっとも綺麗ですよ。手入れが行き届いているのが分かります。」,-17.96869283914566,3.8489733356072975e-07
83,綺麗,encouraging,stranger,ちょっと,宿のフロント係が、部屋の内装が古いことを何度も謝ってきます。大輔はその係員を励まします。「お部屋、ちょっと綺麗ですよ。手入れが行き届いているのが分かります。」,-9.241007566452026,0.0023753647692501545
83,綺麗,encouraging,stranger,とても,宿のフロント係が、部屋の内装が古いことを何度も謝ってきます。大輔はその係員を励まします。「お部屋、とても綺麗ですよ。手入れが行き届いているのが分かります。」,-3.5796993374824524,0.6829757690429688
83,綺麗,encouraging,stranger,なかなか,宿のフロント係が、部屋の内装が古いことを何度も謝ってきます。大輔はその係員を励まします。「お部屋、なかなか綺麗ですよ。手入れが行き届いているのが分かります。」,-7.856043577194214,0.009488827548921108
83,綺麗,encouraging,stranger,（なし）,宿のフロント係が、部屋の内装が古いことを何度も謝ってきます。大輔はその係員を励まします。「お部屋、（なし）綺麗ですよ。手入れが行き届いているのが分かります。」,-27.863361835479736,1.941532004612334e-11
83,綺麗,encouraging,stranger,ひどく,宿のフロント係が、部屋の内装が古いことを何度も謝ってきます。大輔はその係員を励まします。「お部屋、ひどく綺麗ですよ。手入れが行き届いているのが分かります。」,-15.177208974957466,6.275826763157966e-06
83,綺麗,encouraging,stranger,まあまあ,宿のフロント係が、部屋の内装が古いことを何度も謝ってきます。大輔はその係員を励まします。「お部屋、まあまあ綺麗ですよ。手入れが行き届いているのが分かります。」,-10.051797240972519,0.0010558667127043009
83,綺麗,encouraging,stranger,マジで,宿のフロント係が、部屋の内装が古いことを何度も謝ってきます。大輔はその係員を励まします。「お部屋、マジで綺麗ですよ。手入れが行き届いているのが分かります。」,-13.399915724992752,3.711415774887428e-05
83,綺麗,encouraging,stranger,めっちゃ,宿のフロント係が、部屋の内装が古いことを何度も謝ってきます。大輔はその係員を励まします。「お部屋、めっちゃ綺麗ですよ。手入れが行き届いているのが分かります。」,-11.54044197499752,0.00023828625853639096
83,綺麗,encouraging,stranger,やや,宿のフロント係が、部屋の内装が古いことを何度も謝ってきます。大輔はその係員を励まします。「お部屋、やや綺麗ですよ。手入れが行き届いているのが分かります。」,-11.185911238193512,0.00033967968192882836
83,綺麗,encouraging,stranger,結構,宿のフロント係が、部屋の内装が古いことを何度も謝ってきます。大輔はその係員を励まします。「お部屋、結構綺麗ですよ。手入れが行き届いているのが分かります。」,-7.168066740036011,0.018879784271121025
83,綺麗,encouraging,stranger,若干,宿のフロント係が、部屋の内装が古いことを何度も謝ってきます。大輔はその係員を励まします。「お部屋、若干綺麗ですよ。手入れが行き届いているのが分かります。」,-13.932639360427856,2.178616341552697e-05
83,綺麗,encouraging,stranger,少し,宿のフロント係が、部屋の内装が古いことを何度も謝ってきます。大輔はその係員を励まします。「お部屋、少し綺麗ですよ。手入れが行き届いているのが分かります。」,-10.263327360153198,0.0008545598830096424
83,綺麗,encouraging,stranger,少しも,宿のフロント係が、部屋の内装が古いことを何度も謝ってきます。大輔はその係員を励まします。「お部屋、少しも綺麗ですよ。手入れが行き届いているのが分かります。」,-13.623491287231445,2.967850014101714e-05
83,綺麗,encouraging,stranger,全然,宿のフロント係が、部屋の内装が古いことを何度も謝ってきます。大輔はその係員を励まします。「お部屋、全然綺麗ですよ。手入れが行き届いているのが分かります。」,-10.203394651412964,0.0009073418914340436
83,綺麗,encouraging,stranger,相当,宿のフロント係が、部屋の内装が古いことを何度も謝ってきます。大輔はその係員を励まします。「お部屋、相当綺麗ですよ。手入れが行き届いているのが分かります。」,-8.257670164108276,0.006350213661789894
83,綺麗,encouraging,stranger,超,宿のフロント係が、部屋の内装が古いことを何度も謝ってきます。大輔はその係員を励まします。「お部屋、超綺麗ですよ。手入れが行き届いているのが分かります。」,-10.25653338432312,0.0008603854803368449
83,綺麗,encouraging,stranger,非常に,宿のフロント係が、部屋の内装が古いことを何度も謝ってきます。大輔はその係員を励まします。「お部屋、非常に綺麗ですよ。手入れが行き届いているのが分かります。」,-7.601153135299683,0.01224362663924694
83,綺麗,encouraging,stranger,微妙に,宿のフロント係が、部屋の内装が古いことを何度も謝ってきます。大輔はその係員を励まします。「お部屋、微妙に綺麗ですよ。手入れが行き届いているのが分かります。」,-12.665680341422558,7.73417777963914e-05
83,綺麗,encouraging,stranger,普通に,宿のフロント係が、部屋の内装が古いことを何度も謝ってきます。大輔はその係員を励まします。「お部屋、普通に綺麗ですよ。手入れが行き届いているのが分かります。」,-9.669325590133667,0.0015477976994588971
83,綺麗,encouraging,stranger,本当に,宿のフロント係が、部屋の内装が古いことを何度も謝ってきます。大輔はその係員を励まします。「お部屋、本当に綺麗ですよ。手入れが行き届いているのが分かります。」,-4.768725156784058,0.20797820389270782
83,綺麗,encouraging,stranger,全く,宿のフロント係が、部屋の内装が古いことを何度も謝ってきます。大輔はその係員を励まします。「お部屋、全く綺麗ですよ。手入れが行き届いているのが分かります。」,-12.529120683670044,8.865866402629763e-05
84,遅れている,warning,friend,あまり,友人が同窓会当日の移動をバスで組んでいます。大輔は力になりたいと思い、遠慮がちに指摘します。「その時間帯のバス、あまり遅れやすいみたいだから、電車にしたらどう？」,-7.576512336730957,0.016110878437757492
84,遅れている,warning,friend,いまいち,友人が同窓会当日の移動をバスで組んでいます。大輔は力になりたいと思い、遠慮がちに指摘します。「その時間帯のバス、いまいち遅れやすいみたいだから、電車にしたらどう？」,-11.453566789627075,0.00033368446747772396
84,遅れている,warning,friend,かなり,友人が同窓会当日の移動をバスで組んでいます。大輔は力になりたいと思い、遠慮がちに指摘します。「その時間帯のバス、かなり遅れやすいみたいだから、電車にしたらどう？」,-5.575112342834473,0.11921096593141556
84,遅れている,warning,friend,すごく,友人が同窓会当日の移動をバスで組んでいます。大輔は力になりたいと思い、遠慮がちに指摘します。「その時間帯のバス、すごく遅れやすいみたいだから、電車にしたらどう？」,-6.348969459533691,0.054983749985694885
84,遅れている,warning,friend,そこまで,友人が同窓会当日の移動をバスで組んでいます。大輔は力になりたいと思い、遠慮がちに指摘します。「その時間帯のバス、そこまで遅れやすいみたいだから、電車にしたらどう？」,-11.46147632598877,0.0003310555184725672
84,遅れている,warning,friend,それほど,友人が同窓会当日の移動をバスで組んでいます。大輔は力になりたいと思い、遠慮がちに指摘します。「その時間帯のバス、それほど遅れやすいみたいだから、電車にしたらどう？」,-10.673630714416504,0.000727876671589911
84,遅れている,warning,friend,そんなに,友人が同窓会当日の移動をバスで組んでいます。大輔は力になりたいと思い、遠慮がちに指摘します。「その時間帯のバス、そんなに遅れやすいみたいだから、電車にしたらどう？」,-9.26579761505127,0.0029748971574008465
84,遅れている,warning,friend,たいして,友人が同窓会当日の移動をバスで組んでいます。大輔は力になりたいと思い、遠慮がちに指摘します。「その時間帯のバス、たいして遅れやすいみたいだから、電車にしたらどう？」,-14.279272258281708,1.9776418412220664e-05
84,遅れている,warning,friend,だいぶ,友人が同窓会当日の移動をバスで組んでいます。大輔は力になりたいと思い、遠慮がちに指摘します。「その時間帯のバス、だいぶ遅れやすいみたいだから、電車にしたらどう？」,-13.237277669017203,5.6063468946376815e-05
84,遅れている,warning,friend,ちっとも,友人が同窓会当日の移動をバスで組んでいます。大輔は力になりたいと思い、遠慮がちに指摘します。「その時間帯のバス、ちっとも遅れやすいみたいだから、電車にしたらどう？」,-16.53712683916092,2.0681113710452337e-06
84,遅れている,warning,friend,ちょっと,友人が同窓会当日の移動をバスで組んでいます。大輔は力になりたいと思い、遠慮がちに指摘します。「その時間帯のバス、ちょっと遅れやすいみたいだから、電車にしたらどう？」,-4.084736943244934,0.5291491150856018
84,遅れている,warning,friend,とても,友人が同窓会当日の移動をバスで組んでいます。大輔は力になりたいと思い、遠慮がちに指摘します。「その時間帯のバス、とても遅れやすいみたいだから、電車にしたらどう？」,-6.793427467346191,0.03525402396917343
84,遅れている,warning,friend,なかなか,友人が同窓会当日の移動をバスで組んでいます。大輔は力になりたいと思い、遠慮がちに指摘します。「その時間帯のバス、なかなか遅れやすいみたいだから、電車にしたらどう？」,-7.4326982498168945,0.01860273815691471
84,遅れている,warning,friend,（なし）,友人が同窓会当日の移動をバスで組んでいます。大輔は力になりたいと思い、遠慮がちに指摘します。「その時間帯のバス、（なし）遅れやすいみたいだから、電車にしたらどう？」,-29.76424551010132,3.7248546261303694e-12
84,遅れている,warning,friend,ひどく,友人が同窓会当日の移動をバスで組んでいます。大輔は力になりたいと思い、遠慮がちに指摘します。「その時間帯のバス、ひどく遅れやすいみたいだから、電車にしたらどう？」,-14.138653576374054,2.276236773468554e-05
84,遅れている,warning,friend,まあまあ,友人が同窓会当日の移動をバスで組んでいます。大輔は力になりたいと思い、遠慮がちに指摘します。「その時間帯のバス、まあまあ遅れやすいみたいだから、電車にしたらどう？」,-13.101136565208435,6.424000457627699e-05
84,遅れている,warning,friend,マジで,友人が同窓会当日の移動をバスで組んでいます。大輔は力になりたいと思い、遠慮がちに指摘します。「その時間帯のバス、マジで遅れやすいみたいだから、電車にしたらどう？」,-13.473653092980385,4.42612508777529e-05
84,遅れている,warning,friend,めっちゃ,友人が同窓会当日の移動をバスで組んでいます。大輔は力になりたいと思い、遠慮がちに指摘します。「その時間帯のバス、めっちゃ遅れやすいみたいだから、電車にしたらどう？」,-12.674316219985485,9.843987209023908e-05
84,遅れている,warning,friend,やや,友人が同窓会当日の移動をバスで組んでいます。大輔は力になりたいと思い、遠慮がちに指摘します。「その時間帯のバス、やや遅れやすいみたいだから、電車にしたらどう？」,-12.358607530593872,0.00013498384214472026
84,遅れている,warning,friend,結構,友人が同窓会当日の移動をバスで組んでいます。大輔は力になりたいと思い、遠慮がちに指摘します。「その時間帯のバス、結構遅れやすいみたいだから、電車にしたらどう？」,-5.889100074768066,0.08708694577217102
84,遅れている,warning,friend,若干,友人が同窓会当日の移動をバスで組んでいます。大輔は力になりたいと思い、遠慮がちに指摘します。「その時間帯のバス、若干遅れやすいみたいだから、電車にしたらどう？」,-8.665364265441895,0.005422965623438358
84,遅れている,warning,friend,少し,友人が同窓会当日の移動をバスで組んでいます。大輔は力になりたいと思い、遠慮がちに指摘します。「その時間帯のバス、少し遅れやすいみたいだから、電車にしたらどう？」,-6.175103187561035,0.06542496383190155
84,遅れている,warning,friend,少しも,友人が同窓会当日の移動をバスで組んでいます。大輔は力になりたいと思い、遠慮がちに指摘します。「その時間帯のバス、少しも遅れやすいみたいだから、電車にしたらどう？」,-12.472914934158325,0.00012040339061059058
84,遅れている,warning,friend,全然,友人が同窓会当日の移動をバスで組んでいます。大輔は力になりたいと思い、遠慮がちに指摘します。「その時間帯のバス、全然遅れやすいみたいだから、電車にしたらどう？」,-9.097607612609863,0.0035197834949940443
84,遅れている,warning,friend,相当,友人が同窓会当日の移動をバスで組んでいます。大輔は力になりたいと思い、遠慮がちに指摘します。「その時間帯のバス、相当遅れやすいみたいだから、電車にしたらどう？」,-7.727002143859863,0.013859971426427364
84,遅れている,warning,friend,超,友人が同窓会当日の移動をバスで組んでいます。大輔は力になりたいと思い、遠慮がちに指摘します。「その時間帯のバス、超遅れやすいみたいだから、電車にしたらどう？」,-10.276799201965332,0.0010824294295161963
84,遅れている,warning,friend,非常に,友人が同窓会当日の移動をバスで組んでいます。大輔は力になりたいと思い、遠慮がちに指摘します。「その時間帯のバス、非常に遅れやすいみたいだから、電車にしたらどう？」,-6.982769966125488,0.029172809794545174
84,遅れている,warning,friend,微妙に,友人が同窓会当日の移動をバスで組んでいます。大輔は力になりたいと思い、遠慮がちに指摘します。「その時間帯のバス、微妙に遅れやすいみたいだから、電車にしたらどう？」,-11.838448990136385,0.00022708260803483427
84,遅れている,warning,friend,普通に,友人が同窓会当日の移動をバスで組んでいます。大輔は力になりたいと思い、遠慮がちに指摘します。「その時間帯のバス、普通に遅れやすいみたいだから、電車にしたらどう？」,-10.246514320373535,0.0011157121043652296
84,遅れている,warning,friend,本当に,友人が同窓会当日の移動をバスで組んでいます。大輔は力になりたいと思い、遠慮がちに指摘します。「その時間帯のバス、本当に遅れやすいみたいだから、電車にしたらどう？」,-7.681427955627441,0.014506243169307709
84,遅れている,warning,friend,全く,友人が同窓会当日の移動をバスで組んでいます。大輔は力になりたいと思い、遠慮がちに指摘します。「その時間帯のバス、全く遅れやすいみたいだから、電車にしたらどう？」,-11.437691688537598,0.00033902391442097723
85,遅れている,non-committal,friend,あまり,大輔は友人とどの交通手段で行くか相談しています。自分の意見を押し付けたくない大輔は、慎重に答えます。「バス、あまり遅れてるみたいだけど、乗り換えなしで楽だよ。」,-10.727400779724121,0.0011226689675822854
85,遅れている,non-committal,friend,いまいち,大輔は友人とどの交通手段で行くか相談しています。自分の意見を押し付けたくない大輔は、慎重に答えます。「バス、いまいち遅れてるみたいだけど、乗り換えなしで楽だよ。」,-13.617167711257935,6.240824586711824e-05
85,遅れている,non-committal,friend,かなり,大輔は友人とどの交通手段で行くか相談しています。自分の意見を押し付けたくない大輔は、慎重に答えます。「バス、かなり遅れてるみたいだけど、乗り換えなしで楽だよ。」,-7.1251935958862305,0.04117848724126816
85,遅れている,non-committal,friend,すごく,大輔は友人とどの交通手段で行くか相談しています。自分の意見を押し付けたくない大輔は、慎重に答えます。「バス、すごく遅れてるみたいだけど、乗り換えなしで楽だよ。」,-8.262404441833496,0.01320644747465849
85,遅れている,non-committal,friend,そこまで,大輔は友人とどの交通手段で行くか相談しています。自分の意見を押し付けたくない大輔は、慎重に答えます。「バス、そこまで遅れてるみたいだけど、乗り換えなしで楽だよ。」,-12.960498332977295,0.00012034540850436315
85,遅れている,non-committal,friend,それほど,大輔は友人とどの交通手段で行くか相談しています。自分の意見を押し付けたくない大輔は、慎重に答えます。「バス、それほど遅れてるみたいだけど、乗り換えなしで楽だよ。」,-13.72291898727417,5.61454362468794e-05
85,遅れている,non-committal,friend,そんなに,大輔は友人とどの交通手段で行くか相談しています。自分の意見を押し付けたくない大輔は、慎重に答えます。「バス、そんなに遅れてるみたいだけど、乗り換えなしで楽だよ。」,-10.831252098083496,0.0010119280777871609
85,遅れている,non-committal,friend,たいして,大輔は友人とどの交通手段で行くか相談しています。自分の意見を押し付けたくない大輔は、慎重に答えます。「バス、たいして遅れてるみたいだけど、乗り換えなしで楽だよ。」,-16.137001752853394,5.0221783567394596e-06
85,遅れている,non-committal,friend,だいぶ,大輔は友人とどの交通手段で行くか相談しています。自分の意見を押し付けたくない大輔は、慎重に答えます。「バス、だいぶ遅れてるみたいだけど、乗り換えなしで楽だよ。」,-12.288007898663636,0.00023577008687425405
85,遅れている,non-committal,friend,ちっとも,大輔は友人とどの交通手段で行くか相談しています。自分の意見を押し付けたくない大輔は、慎重に答えます。「バス、ちっとも遅れてるみたいだけど、乗り換えなしで楽だよ。」,-15.066603183746338,1.4647389434685465e-05
85,遅れている,non-committal,friend,ちょっと,大輔は友人とどの交通手段で行くか相談しています。自分の意見を押し付けたくない大輔は、慎重に答えます。「バス、ちょっと遅れてるみたいだけど、乗り換えなしで楽だよ。」,-4.193236351013184,0.7726863622665405
85,遅れている,non-committal,friend,とても,大輔は友人とどの交通手段で行くか相談しています。自分の意見を押し付けたくない大輔は、慎重に答えます。「バス、とても遅れてるみたいだけど、乗り換えなしで楽だよ。」,-10.557650566101074,0.0013303725281730294
85,遅れている,non-committal,friend,なかなか,大輔は友人とどの交通手段で行くか相談しています。自分の意見を押し付けたくない大輔は、慎重に答えます。「バス、なかなか遅れてるみたいだけど、乗り換えなしで楽だよ。」,-11.030470848083496,0.000829144089948386
85,遅れている,non-committal,friend,（なし）,大輔は友人とどの交通手段で行くか相談しています。自分の意見を押し付けたくない大輔は、慎重に答えます。「バス、（なし）遅れてるみたいだけど、乗り換えなしで楽だよ。」,-28.39100170135498,2.3935764828508788e-11
85,遅れている,non-committal,friend,ひどく,大輔は友人とどの交通手段で行くか相談しています。自分の意見を押し付けたくない大輔は、慎重に答えます。「バス、ひどく遅れてるみたいだけど、乗り換えなしで楽だよ。」,-14.580262288451195,2.382183629379142e-05
85,遅れている,non-committal,friend,まあまあ,大輔は友人とどの交通手段で行くか相談しています。自分の意見を押し付けたくない大輔は、慎重に答えます。「バス、まあまあ遅れてるみたいだけど、乗り換えなしで楽だよ。」,-15.637559413909912,8.27554686111398e-06
85,遅れている,non-committal,friend,マジで,大輔は友人とどの交通手段で行くか相談しています。自分の意見を押し付けたくない大輔は、慎重に答えます。「バス、マジで遅れてるみたいだけど、乗り換えなしで楽だよ。」,-13.75906027853489,5.4152544180396944e-05
85,遅れている,non-committal,friend,めっちゃ,大輔は友人とどの交通手段で行くか相談しています。自分の意見を押し付けたくない大輔は、慎重に答えます。「バス、めっちゃ遅れてるみたいだけど、乗り換えなしで楽だよ。」,-13.926887519657612,4.578595326165669e-05
85,遅れている,non-committal,friend,やや,大輔は友人とどの交通手段で行くか相談しています。自分の意見を押し付けたくない大輔は、慎重に答えます。「バス、やや遅れてるみたいだけど、乗り換えなしで楽だよ。」,-12.485462188720703,0.00019352421804796904
85,遅れている,non-committal,friend,結構,大輔は友人とどの交通手段で行くか相談しています。自分の意見を押し付けたくない大輔は、慎重に答えます。「バス、結構遅れてるみたいだけど、乗り換えなしで楽だよ。」,-8.241938591003418,0.013479513116180897
85,遅れている,non-committal,friend,若干,大輔は友人とどの交通手段で行くか相談しています。自分の意見を押し付けたくない大輔は、慎重に答えます。「バス、若干遅れてるみたいだけど、乗り換えなしで楽だよ。」,-8.036749839782715,0.01654956489801407
85,遅れている,non-committal,friend,少し,大輔は友人とどの交通手段で行くか相談しています。自分の意見を押し付けたくない大輔は、慎重に答えます。「バス、少し遅れてるみたいだけど、乗り換えなしで楽だよ。」,-5.993964195251465,0.127631276845932
85,遅れている,non-committal,friend,少しも,大輔は友人とどの交通手段で行くか相談しています。自分の意見を押し付けたくない大輔は、慎重に答えます。「バス、少しも遅れてるみたいだけど、乗り換えなしで楽だよ。」,-12.687084197998047,0.0001581874385010451
85,遅れている,non-committal,friend,全然,大輔は友人とどの交通手段で行くか相談しています。自分の意見を押し付けたくない大輔は、慎重に答えます。「バス、全然遅れてるみたいだけど、乗り換えなしで楽だよ。」,-9.715846061706543,0.003087196731939912
85,遅れている,non-committal,friend,相当,大輔は友人とどの交通手段で行くか相談しています。自分の意見を押し付けたくない大輔は、慎重に答えます。「バス、相当遅れてるみたいだけど、乗り換えなしで楽だよ。」,-9.500899314880371,0.0038274938706308603
85,遅れている,non-committal,friend,超,大輔は友人とどの交通手段で行くか相談しています。自分の意見を押し付けたくない大輔は、慎重に答えます。「バス、超遅れてるみたいだけど、乗り換えなしで楽だよ。」,-11.151083946228027,0.0007349341758526862
85,遅れている,non-committal,friend,非常に,大輔は友人とどの交通手段で行くか相談しています。自分の意見を押し付けたくない大輔は、慎重に答えます。「バス、非常に遅れてるみたいだけど、乗り換えなしで楽だよ。」,-11.190245628356934,0.000706709164660424
85,遅れている,non-committal,friend,微妙に,大輔は友人とどの交通手段で行くか相談しています。自分の意見を押し付けたくない大輔は、慎重に答えます。「バス、微妙に遅れてるみたいだけど、乗り換えなしで楽だよ。」,-13.465186521410942,7.265184103744105e-05
85,遅れている,non-committal,friend,普通に,大輔は友人とどの交通手段で行くか相談しています。自分の意見を押し付けたくない大輔は、慎重に答えます。「バス、普通に遅れてるみたいだけど、乗り換えなしで楽だよ。」,-11.347941398620605,0.0006036070990376174
85,遅れている,non-committal,friend,本当に,大輔は友人とどの交通手段で行くか相談しています。自分の意見を押し付けたくない大輔は、慎重に答えます。「バス、本当に遅れてるみたいだけど、乗り換えなしで楽だよ。」,-11.087080955505371,0.0007835100404918194
85,遅れている,non-committal,friend,全く,大輔は友人とどの交通手段で行くか相談しています。自分の意見を押し付けたくない大輔は、慎重に答えます。「バス、全く遅れてるみたいだけど、乗り換えなしで楽だよ。」,-12.558230876922607,0.0001799418096197769
86,遅れている,acknowledge,friend,あまり,よく遅れるからと大輔が避けていたバス路線を、友人が最近はダイヤが見直されたと言って勧めます。大輔は半信半疑で乗りました。しかし、友人の言った通りにスムーズに着きました。教えてもらったことについて感謝します。「バス、あまり遅れてないね。教えてくれてありがとう。」,-7.2028422355651855,0.1785016655921936
86,遅れている,acknowledge,friend,いまいち,よく遅れるからと大輔が避けていたバス路線を、友人が最近はダイヤが見直されたと言って勧めます。大輔は半信半疑で乗りました。しかし、友人の言った通りにスムーズに着きました。教えてもらったことについて感謝します。「バス、いまいち遅れてないね。教えてくれてありがとう。」,-12.121743440628052,0.0013043397339060903
86,遅れている,acknowledge,friend,かなり,よく遅れるからと大輔が避けていたバス路線を、友人が最近はダイヤが見直されたと言って勧めます。大輔は半信半疑で乗りました。しかし、友人の言った通りにスムーズに着きました。教えてもらったことについて感謝します。「バス、かなり遅れてないね。教えてくれてありがとう。」,-10.484084606170654,0.00670836353674531
86,遅れている,acknowledge,friend,すごく,よく遅れるからと大輔が避けていたバス路線を、友人が最近はダイヤが見直されたと言って勧めます。大輔は半信半疑で乗りました。しかし、友人の言った通りにスムーズに着きました。教えてもらったことについて感謝します。「バス、すごく遅れてないね。教えてくれてありがとう。」,-10.34556531906128,0.007705037482082844
86,遅れている,acknowledge,friend,そこまで,よく遅れるからと大輔が避けていたバス路線を、友人が最近はダイヤが見直されたと言って勧めます。大輔は半信半疑で乗りました。しかし、友人の言った通りにスムーズに着きました。教えてもらったことについて感謝します。「バス、そこまで遅れてないね。教えてくれてありがとう。」,-10.071940898895264,0.010129974223673344
86,遅れている,acknowledge,friend,それほど,よく遅れるからと大輔が避けていたバス路線を、友人が最近はダイヤが見直されたと言って勧めます。大輔は半信半疑で乗りました。しかし、友人の言った通りにスムーズに着きました。教えてもらったことについて感謝します。「バス、それほど遅れてないね。教えてくれてありがとう。」,-10.119662761688232,0.009657906368374825
86,遅れている,acknowledge,friend,そんなに,よく遅れるからと大輔が避けていたバス路線を、友人が最近はダイヤが見直されたと言って勧めます。大輔は半信半疑で乗りました。しかし、友人の言った通りにスムーズに着きました。教えてもらったことについて感謝します。「バス、そんなに遅れてないね。教えてくれてありがとう。」,-7.10292387008667,0.19725874066352844
86,遅れている,acknowledge,friend,たいして,よく遅れるからと大輔が避けていたバス路線を、友人が最近はダイヤが見直されたと言って勧めます。大輔は半信半疑で乗りました。しかし、友人の言った通りにスムーズに着きました。教えてもらったことについて感謝します。「バス、たいして遅れてないね。教えてくれてありがとう。」,-15.888508200645447,3.0165172574925236e-05
86,遅れている,acknowledge,friend,だいぶ,よく遅れるからと大輔が避けていたバス路線を、友人が最近はダイヤが見直されたと言って勧めます。大輔は半信半疑で乗りました。しかし、友人の言った通りにスムーズに着きました。教えてもらったことについて感謝します。「バス、だいぶ遅れてないね。教えてくれてありがとう。」,-11.031741310842335,0.003879471682012081
86,遅れている,acknowledge,friend,ちっとも,よく遅れるからと大輔が避けていたバス路線を、友人が最近はダイヤが見直されたと言って勧めます。大輔は半信半疑で乗りました。しかし、友人の言った通りにスムーズに着きました。教えてもらったことについて感謝します。「バス、ちっとも遅れてないね。教えてくれてありがとう。」,-15.77414870262146,3.381981878192164e-05
86,遅れている,acknowledge,friend,ちょっと,よく遅れるからと大輔が避けていたバス路線を、友人が最近はダイヤが見直されたと言って勧めます。大輔は半信半疑で乗りました。しかし、友人の言った通りにスムーズに着きました。教えてもらったことについて感謝します。「バス、ちょっと遅れてないね。教えてくれてありがとう。」,-9.21455717086792,0.023876208811998367
86,遅れている,acknowledge,friend,とても,よく遅れるからと大輔が避けていたバス路線を、友人が最近はダイヤが見直されたと言って勧めます。大輔は半信半疑で乗りました。しかし、友人の言った通りにスムーズに着きました。教えてもらったことについて感謝します。「バス、とても遅れてないね。教えてくれてありがとう。」,-9.79338788986206,0.013383890502154827
86,遅れている,acknowledge,friend,なかなか,よく遅れるからと大輔が避けていたバス路線を、友人が最近はダイヤが見直されたと言って勧めます。大輔は半信半疑で乗りました。しかし、友人の言った通りにスムーズに着きました。教えてもらったことについて感謝します。「バス、なかなか遅れてないね。教えてくれてありがとう。」,-7.03755521774292,0.21058405935764313
86,遅れている,acknowledge,friend,（なし）,よく遅れるからと大輔が避けていたバス路線を、友人が最近はダイヤが見直されたと言って勧めます。大輔は半信半疑で乗りました。しかし、友人の言った通りにスムーズに着きました。教えてもらったことについて感謝します。「バス、（なし）遅れてないね。教えてくれてありがとう。」,-26.88478708267212,5.056879914810963e-10
86,遅れている,acknowledge,friend,ひどく,よく遅れるからと大輔が避けていたバス路線を、友人が最近はダイヤが見直されたと言って勧めます。大輔は半信半疑で乗りました。しかし、友人の言った通りにスムーズに着きました。教えてもらったことについて感謝します。「バス、ひどく遅れてないね。教えてくれてありがとう。」,-15.241902828216553,5.7586752518545836e-05
86,遅れている,acknowledge,friend,まあまあ,よく遅れるからと大輔が避けていたバス路線を、友人が最近はダイヤが見直されたと言って勧めます。大輔は半信半疑で乗りました。しかし、友人の言った通りにスムーズに着きました。教えてもらったことについて感謝します。「バス、まあまあ遅れてないね。教えてくれてありがとう。」,-12.980227947235107,0.0005527838366106153
86,遅れている,acknowledge,friend,マジで,よく遅れるからと大輔が避けていたバス路線を、友人が最近はダイヤが見直されたと言って勧めます。大輔は半信半疑で乗りました。しかし、友人の言った通りにスムーズに着きました。教えてもらったことについて感謝します。「バス、マジで遅れてないね。教えてくれてありがとう。」,-11.65301388502121,0.002084285020828247
86,遅れている,acknowledge,friend,めっちゃ,よく遅れるからと大輔が避けていたバス路線を、友人が最近はダイヤが見直されたと言って勧めます。大輔は半信半疑で乗りました。しかし、友人の言った通りにスムーズに着きました。教えてもらったことについて感謝します。「バス、めっちゃ遅れてないね。教えてくれてありがとう。」,-12.946318179368973,0.0005718500469811261
86,遅れている,acknowledge,friend,やや,よく遅れるからと大輔が避けていたバス路線を、友人が最近はダイヤが見直されたと言って勧めます。大輔は半信半疑で乗りました。しかし、友人の言った通りにスムーズに着きました。教えてもらったことについて感謝します。「バス、やや遅れてないね。教えてくれてありがとう。」,-13.743207216262817,0.0002577495761215687
86,遅れている,acknowledge,friend,結構,よく遅れるからと大輔が避けていたバス路線を、友人が最近はダイヤが見直されたと言って勧めます。大輔は半信半疑で乗りました。しかし、友人の言った通りにスムーズに着きました。教えてもらったことについて感謝します。「バス、結構遅れてないね。教えてくれてありがとう。」,-11.048606395721436,0.0038145901635289192
86,遅れている,acknowledge,friend,若干,よく遅れるからと大輔が避けていたバス路線を、友人が最近はダイヤが見直されたと言って勧めます。大輔は半信半疑で乗りました。しかし、友人の言った通りにスムーズに着きました。教えてもらったことについて感謝します。「バス、若干遅れてないね。教えてくれてありがとう。」,-15.281749725341797,5.533724106498994e-05
86,遅れている,acknowledge,friend,少し,よく遅れるからと大輔が避けていたバス路線を、友人が最近はダイヤが見直されたと言って勧めます。大輔は半信半疑で乗りました。しかし、友人の言った通りにスムーズに着きました。教えてもらったことについて感謝します。「バス、少し遅れてないね。教えてくれてありがとう。」,-11.393031597137451,0.002703123725950718
86,遅れている,acknowledge,friend,少しも,よく遅れるからと大輔が避けていたバス路線を、友人が最近はダイヤが見直されたと言って勧めます。大輔は半信半疑で乗りました。しかし、友人の言った通りにスムーズに着きました。教えてもらったことについて感謝します。「バス、少しも遅れてないね。教えてくれてありがとう。」,-13.061335563659668,0.00050971913151443
86,遅れている,acknowledge,friend,全然,よく遅れるからと大輔が避けていたバス路線を、友人が最近はダイヤが見直されたと言って勧めます。大輔は半信半疑で乗りました。しかし、友人の言った通りにスムーズに着きました。教えてもらったことについて感謝します。「バス、全然遅れてないね。教えてくれてありがとう。」,-6.891112804412842,0.24379490315914154
86,遅れている,acknowledge,friend,相当,よく遅れるからと大輔が避けていたバス路線を、友人が最近はダイヤが見直されたと言って勧めます。大輔は半信半疑で乗りました。しかし、友人の言った通りにスムーズに着きました。教えてもらったことについて感謝します。「バス、相当遅れてないね。教えてくれてありがとう。」,-11.928767681121826,0.0015819716500118375
86,遅れている,acknowledge,friend,超,よく遅れるからと大輔が避けていたバス路線を、友人が最近はダイヤが見直されたと言って勧めます。大輔は半信半疑で乗りました。しかし、友人の言った通りにスムーズに着きました。教えてもらったことについて感謝します。「バス、超遅れてないね。教えてくれてありがとう。」,-11.38591718673706,0.0027224235236644745
86,遅れている,acknowledge,friend,非常に,よく遅れるからと大輔が避けていたバス路線を、友人が最近はダイヤが見直されたと言って勧めます。大輔は半信半疑で乗りました。しかし、友人の言った通りにスムーズに着きました。教えてもらったことについて感謝します。「バス、非常に遅れてないね。教えてくれてありがとう。」,-12.23918104171753,0.0011598127894103527
86,遅れている,acknowledge,friend,微妙に,よく遅れるからと大輔が避けていたバス路線を、友人が最近はダイヤが見直されたと言って勧めます。大輔は半信半疑で乗りました。しかし、友人の言った通りにスムーズに着きました。教えてもらったことについて感謝します。「バス、微妙に遅れてないね。教えてくれてありがとう。」,-12.694564551115036,0.0007355588604696095
86,遅れている,acknowledge,friend,普通に,よく遅れるからと大輔が避けていたバス路線を、友人が最近はダイヤが見直されたと言って勧めます。大輔は半信半疑で乗りました。しかし、友人の言った通りにスムーズに着きました。教えてもらったことについて感謝します。「バス、普通に遅れてないね。教えてくれてありがとう。」,-11.907138347625732,0.0016165614360943437
86,遅れている,acknowledge,friend,本当に,よく遅れるからと大輔が避けていたバス路線を、友人が最近はダイヤが見直されたと言って勧めます。大輔は半信半疑で乗りました。しかし、友人の言った通りにスムーズに着きました。教えてもらったことについて感謝します。「バス、本当に遅れてないね。教えてくれてありがとう。」,-8.54936933517456,0.04643578082323074
86,遅れている,acknowledge,friend,全く,よく遅れるからと大輔が避けていたバス路線を、友人が最近はダイヤが見直されたと言って勧めます。大輔は半信半疑で乗りました。しかし、友人の言った通りにスムーズに着きました。教えてもらったことについて感謝します。「バス、全く遅れてないね。教えてくれてありがとう。」,-9.04484510421753,0.02829243801534176
87,遅れている,neutral-positive,friend,あまり,同じ路線のバスを通勤に使おうかと迷っている友人に、大輔は今朝のバスがどれくらい遅れていたか聞かれ、答えます。「バス、あまり遅れてなかったよ。」,-7.0897321701049805,0.06826789677143097
87,遅れている,neutral-positive,friend,いまいち,同じ路線のバスを通勤に使おうかと迷っている友人に、大輔は今朝のバスがどれくらい遅れていたか聞かれ、答えます。「バス、いまいち遅れてなかったよ。」,-11.897985935211182,0.0005572097143158317
87,遅れている,neutral-positive,friend,かなり,同じ路線のバスを通勤に使おうかと迷っている友人に、大輔は今朝のバスがどれくらい遅れていたか聞かれ、答えます。「バス、かなり遅れてなかったよ。」,-9.29785442352295,0.007503108587116003
87,遅れている,neutral-positive,friend,すごく,同じ路線のバスを通勤に使おうかと迷っている友人に、大輔は今朝のバスがどれくらい遅れていたか聞かれ、答えます。「バス、すごく遅れてなかったよ。」,-9.730643272399902,0.0048672473058104515
87,遅れている,neutral-positive,friend,そこまで,同じ路線のバスを通勤に使おうかと迷っている友人に、大輔は今朝のバスがどれくらい遅れていたか聞かれ、答えます。「バス、そこまで遅れてなかったよ。」,-9.930804252624512,0.00398432370275259
87,遅れている,neutral-positive,friend,それほど,同じ路線のバスを通勤に使おうかと迷っている友人に、大輔は今朝のバスがどれくらい遅れていたか聞かれ、答えます。「バス、それほど遅れてなかったよ。」,-8.946078300476074,0.010666345246136189
87,遅れている,neutral-positive,friend,そんなに,同じ路線のバスを通勤に使おうかと迷っている友人に、大輔は今朝のバスがどれくらい遅れていたか聞かれ、答えます。「バス、そんなに遅れてなかったよ。」,-6.42441463470459,0.13278844952583313
87,遅れている,neutral-positive,friend,たいして,同じ路線のバスを通勤に使おうかと迷っている友人に、大輔は今朝のバスがどれくらい遅れていたか聞かれ、答えます。「バス、たいして遅れてなかったよ。」,-13.787638187408447,8.420795347774401e-05
87,遅れている,neutral-positive,friend,だいぶ,同じ路線のバスを通勤に使おうかと迷っている友人に、大輔は今朝のバスがどれくらい遅れていたか聞かれ、答えます。「バス、だいぶ遅れてなかったよ。」,-10.360307401628233,0.0025931261479854584
87,遅れている,neutral-positive,friend,ちっとも,同じ路線のバスを通勤に使おうかと迷っている友人に、大輔は今朝のバスがどれくらい遅れていたか聞かれ、答えます。「バス、ちっとも遅れてなかったよ。」,-13.983891546726227,6.920240412000567e-05
87,遅れている,neutral-positive,friend,ちょっと,同じ路線のバスを通勤に使おうかと迷っている友人に、大輔は今朝のバスがどれくらい遅れていたか聞かれ、答えます。「バス、ちょっと遅れてなかったよ。」,-7.332148551940918,0.053571827709674835
87,遅れている,neutral-positive,friend,とても,同じ路線のバスを通勤に使おうかと迷っている友人に、大輔は今朝のバスがどれくらい遅れていたか聞かれ、答えます。「バス、とても遅れてなかったよ。」,-9.369929313659668,0.006981351412832737
87,遅れている,neutral-positive,friend,なかなか,同じ路線のバスを通勤に使おうかと迷っている友人に、大輔は今朝のバスがどれくらい遅れていたか聞かれ、答えます。「バス、なかなか遅れてなかったよ。」,-8.897944450378418,0.011192315258085728
87,遅れている,neutral-positive,friend,（なし）,同じ路線のバスを通勤に使おうかと迷っている友人に、大輔は今朝のバスがどれくらい遅れていたか聞かれ、答えます。「バス、（なし）遅れてなかったよ。」,-25.796483516693115,5.128342750460035e-10
87,遅れている,neutral-positive,friend,ひどく,同じ路線のバスを通勤に使おうかと迷っている友人に、大輔は今朝のバスがどれくらい遅れていたか聞かれ、答えます。「バス、ひどく遅れてなかったよ。」,-13.7281414270401,8.937002712627873e-05
87,遅れている,neutral-positive,friend,まあまあ,同じ路線のバスを通勤に使おうかと迷っている友人に、大輔は今朝のバスがどれくらい遅れていたか聞かれ、答えます。「バス、まあまあ遅れてなかったよ。」,-11.908786535263062,0.0005512234638445079
87,遅れている,neutral-positive,friend,マジで,同じ路線のバスを通勤に使おうかと迷っている友人に、大輔は今朝のバスがどれくらい遅れていたか聞かれ、答えます。「バス、マジで遅れてなかったよ。」,-11.941094696521759,0.0005336994072422385
87,遅れている,neutral-positive,friend,めっちゃ,同じ路線のバスを通勤に使おうかと迷っている友人に、大輔は今朝のバスがどれくらい遅れていたか聞かれ、答えます。「バス、めっちゃ遅れてなかったよ。」,-13.128150224685669,0.00016284147568512708
87,遅れている,neutral-positive,friend,やや,同じ路線のバスを通勤に使おうかと迷っている友人に、大輔は今朝のバスがどれくらい遅れていたか聞かれ、答えます。「バス、やや遅れてなかったよ。」,-13.618978500366211,9.967835649149492e-05
87,遅れている,neutral-positive,friend,結構,同じ路線のバスを通勤に使おうかと迷っている友人に、大輔は今朝のバスがどれくらい遅れていたか聞かれ、答えます。「バス、結構遅れてなかったよ。」,-10.775839805603027,0.0017114346846938133
87,遅れている,neutral-positive,friend,若干,同じ路線のバスを通勤に使おうかと迷っている友人に、大輔は今朝のバスがどれくらい遅れていたか聞かれ、答えます。「バス、若干遅れてなかったよ。」,-11.95922040939331,0.0005241124308668077
87,遅れている,neutral-positive,friend,少し,同じ路線のバスを通勤に使おうかと迷っている友人に、大輔は今朝のバスがどれくらい遅れていたか聞かれ、答えます。「バス、少し遅れてなかったよ。」,-9.805346488952637,0.00451689725741744
87,遅れている,neutral-positive,friend,少しも,同じ路線のバスを通勤に使おうかと迷っている友人に、大輔は今朝のバスがどれくらい遅れていたか聞かれ、答えます。「バス、少しも遅れてなかったよ。」,-11.978850841522217,0.0005139242275618017
87,遅れている,neutral-positive,friend,全然,同じ路線のバスを通勤に使おうかと迷っている友人に、大輔は今朝のバスがどれくらい遅れていたか聞かれ、答えます。「バス、全然遅れてなかったよ。」,-4.955229878425598,0.5770576000213623
87,遅れている,neutral-positive,friend,相当,同じ路線のバスを通勤に使おうかと迷っている友人に、大輔は今朝のバスがどれくらい遅れていたか聞かれ、答えます。「バス、相当遅れてなかったよ。」,-10.83267879486084,0.001616871333681047
87,遅れている,neutral-positive,friend,超,同じ路線のバスを通勤に使おうかと迷っている友人に、大輔は今朝のバスがどれくらい遅れていたか聞かれ、答えます。「バス、超遅れてなかったよ。」,-11.793006420135498,0.0006188855040818453
87,遅れている,neutral-positive,friend,非常に,同じ路線のバスを通勤に使おうかと迷っている友人に、大輔は今朝のバスがどれくらい遅れていたか聞かれ、答えます。「バス、非常に遅れてなかったよ。」,-11.759715557098389,0.0006398354307748377
87,遅れている,neutral-positive,friend,微妙に,同じ路線のバスを通勤に使おうかと迷っている友人に、大輔は今朝のバスがどれくらい遅れていたか聞かれ、答えます。「バス、微妙に遅れてなかったよ。」,-11.01572585105896,0.001346415258012712
87,遅れている,neutral-positive,friend,普通に,同じ路線のバスを通勤に使おうかと迷っている友人に、大輔は今朝のバスがどれくらい遅れていたか聞かれ、答えます。「バス、普通に遅れてなかったよ。」,-10.238375663757324,0.002929395530372858
87,遅れている,neutral-positive,friend,本当に,同じ路線のバスを通勤に使おうかと迷っている友人に、大輔は今朝のバスがどれくらい遅れていたか聞かれ、答えます。「バス、本当に遅れてなかったよ。」,-7.534258842468262,0.04376843944191933
87,遅れている,neutral-positive,friend,全く,同じ路線のバスを通勤に使おうかと迷っている友人に、大輔は今朝のバスがどれくらい遅れていたか聞かれ、答えます。「バス、全く遅れてなかったよ。」,-7.215620994567871,0.060192689299583435
88,遅れている,neutral-negative,friend,あまり,同じ路線のバスを通勤に使おうかと迷っている友人に、大輔は今朝のバスがどれくらい遅れていたか聞かれ、答えます。「バス、あまり遅れてたよ。」,-9.430483341217041,0.0033269908744841814
88,遅れている,neutral-negative,friend,いまいち,同じ路線のバスを通勤に使おうかと迷っている友人に、大輔は今朝のバスがどれくらい遅れていたか聞かれ、答えます。「バス、いまいち遅れてたよ。」,-12.636472702026367,0.00013480552297551185
88,遅れている,neutral-negative,friend,かなり,同じ路線のバスを通勤に使おうかと迷っている友人に、大輔は今朝のバスがどれくらい遅れていたか聞かれ、答えます。「バス、かなり遅れてたよ。」,-5.745810031890869,0.13252098858356476
88,遅れている,neutral-negative,friend,すごく,同じ路線のバスを通勤に使おうかと迷っている友人に、大輔は今朝のバスがどれくらい遅れていたか聞かれ、答えます。「バス、すごく遅れてたよ。」,-7.065737247467041,0.03540361300110817
88,遅れている,neutral-negative,friend,そこまで,同じ路線のバスを通勤に使おうかと迷っている友人に、大輔は今朝のバスがどれくらい遅れていたか聞かれ、答えます。「バス、そこまで遅れてたよ。」,-11.746870517730713,0.00032813867437653244
88,遅れている,neutral-negative,friend,それほど,同じ路線のバスを通勤に使おうかと迷っている友人に、大輔は今朝のバスがどれくらい遅れていたか聞かれ、答えます。「バス、それほど遅れてたよ。」,-11.41185998916626,0.0004587231669574976
88,遅れている,neutral-negative,friend,そんなに,同じ路線のバスを通勤に使おうかと迷っている友人に、大輔は今朝のバスがどれくらい遅れていたか聞かれ、答えます。「バス、そんなに遅れてたよ。」,-9.125635623931885,0.004512791521847248
88,遅れている,neutral-negative,friend,たいして,同じ路線のバスを通勤に使おうかと迷っている友人に、大輔は今朝のバスがどれくらい遅れていたか聞かれ、答えます。「バス、たいして遅れてたよ。」,-13.797667264938354,4.220924529363401e-05
88,遅れている,neutral-negative,friend,だいぶ,同じ路線のバスを通勤に使おうかと迷っている友人に、大輔は今朝のバスがどれくらい遅れていたか聞かれ、答えます。「バス、だいぶ遅れてたよ。」,-10.182506527053192,0.001568382023833692
88,遅れている,neutral-negative,friend,ちっとも,同じ路線のバスを通勤に使おうかと迷っている友人に、大輔は今朝のバスがどれくらい遅れていたか聞かれ、答えます。「バス、ちっとも遅れてたよ。」,-15.172024726867676,1.0679030310711823e-05
88,遅れている,neutral-negative,friend,ちょっと,同じ路線のバスを通勤に使おうかと迷っている友人に、大輔は今朝のバスがどれくらい遅れていたか聞かれ、答えます。「バス、ちょっと遅れてたよ。」,-4.22035825252533,0.6092280745506287
88,遅れている,neutral-negative,friend,とても,同じ路線のバスを通勤に使おうかと迷っている友人に、大輔は今朝のバスがどれくらい遅れていたか聞かれ、答えます。「バス、とても遅れてたよ。」,-8.690348148345947,0.0069741010665893555
88,遅れている,neutral-negative,friend,なかなか,同じ路線のバスを通勤に使おうかと迷っている友人に、大輔は今朝のバスがどれくらい遅れていたか聞かれ、答えます。「バス、なかなか遅れてたよ。」,-9.430159091949463,0.0033280695788562298
88,遅れている,neutral-negative,friend,（なし）,同じ路線のバスを通勤に使おうかと迷っている友人に、大輔は今朝のバスがどれくらい遅れていたか聞かれ、答えます。「バス、（なし）遅れてたよ。」,-25.045796871185303,5.500554456361328e-10
88,遅れている,neutral-negative,friend,ひどく,同じ路線のバスを通勤に使おうかと迷っている友人に、大輔は今朝のバスがどれくらい遅れていたか聞かれ、答えます。「バス、ひどく遅れてたよ。」,-12.42569613456726,0.00016643594426568598
88,遅れている,neutral-negative,friend,まあまあ,同じ路線のバスを通勤に使おうかと迷っている友人に、大輔は今朝のバスがどれくらい遅れていたか聞かれ、答えます。「バス、まあまあ遅れてたよ。」,-11.749167442321777,0.00032738567097112536
88,遅れている,neutral-negative,friend,マジで,同じ路線のバスを通勤に使おうかと迷っている友人に、大輔は今朝のバスがどれくらい遅れていたか聞かれ、答えます。「バス、マジで遅れてたよ。」,-11.166148841381073,0.0005864909035153687
88,遅れている,neutral-negative,friend,めっちゃ,同じ路線のバスを通勤に使おうかと迷っている友人に、大輔は今朝のバスがどれくらい遅れていたか聞かれ、答えます。「バス、めっちゃ遅れてたよ。」,-11.411747753620148,0.00045877433149144053
88,遅れている,neutral-negative,friend,やや,同じ路線のバスを通勤に使おうかと迷っている友人に、大輔は今朝のバスがどれくらい遅れていたか聞かれ、答えます。「バス、やや遅れてたよ。」,-11.567929983139038,0.0003924370394088328
88,遅れている,neutral-negative,friend,結構,同じ路線のバスを通勤に使おうかと迷っている友人に、大輔は今朝のバスがどれくらい遅れていたか聞かれ、答えます。「バス、結構遅れてたよ。」,-7.328512668609619,0.027222352102398872
88,遅れている,neutral-negative,friend,若干,同じ路線のバスを通勤に使おうかと迷っている友人に、大輔は今朝のバスがどれくらい遅れていたか聞かれ、答えます。「バス、若干遅れてたよ。」,-8.781694889068604,0.0063652703538537025
88,遅れている,neutral-negative,friend,少し,同じ路線のバスを通勤に使おうかと迷っている友人に、大輔は今朝のバスがどれくらい遅れていたか聞かれ、答えます。「バス、少し遅れてたよ。」,-6.757334232330322,0.04819314926862717
88,遅れている,neutral-negative,friend,少しも,同じ路線のバスを通勤に使おうかと迷っている友人に、大輔は今朝のバスがどれくらい遅れていたか聞かれ、答えます。「バス、少しも遅れてたよ。」,-11.514283895492554,0.0004140647070016712
88,遅れている,neutral-negative,friend,全然,同じ路線のバスを通勤に使おうかと迷っている友人に、大輔は今朝のバスがどれくらい遅れていたか聞かれ、答えます。「バス、全然遅れてたよ。」,-6.95608377456665,0.03950658068060875
88,遅れている,neutral-negative,friend,相当,同じ路線のバスを通勤に使おうかと迷っている友人に、大輔は今朝のバスがどれくらい遅れていたか聞かれ、答えます。「バス、相当遅れてたよ。」,-8.4098801612854,0.009231959469616413
88,遅れている,neutral-negative,friend,超,同じ路線のバスを通勤に使おうかと迷っている友人に、大輔は今朝のバスがどれくらい遅れていたか聞かれ、答えます。「バス、超遅れてたよ。」,-8.865869998931885,0.005851403344422579
88,遅れている,neutral-negative,friend,非常に,同じ路線のバスを通勤に使おうかと迷っている友人に、大輔は今朝のバスがどれくらい遅れていたか聞かれ、答えます。「バス、非常に遅れてたよ。」,-9.776785373687744,0.0023531767074018717
88,遅れている,neutral-negative,friend,微妙に,同じ路線のバスを通勤に使おうかと迷っている友人に、大輔は今朝のバスがどれくらい遅れていたか聞かれ、答えます。「バス、微妙に遅れてたよ。」,-8.813329800963402,0.006167055107653141
88,遅れている,neutral-negative,friend,普通に,同じ路線のバスを通勤に使おうかと迷っている友人に、大輔は今朝のバスがどれくらい遅れていたか聞かれ、答えます。「バス、普通に遅れてたよ。」,-9.296114444732666,0.0038054606411606073
88,遅れている,neutral-negative,friend,本当に,同じ路線のバスを通勤に使おうかと迷っている友人に、大輔は今朝のバスがどれくらい遅れていたか聞かれ、答えます。「バス、本当に遅れてたよ。」,-6.788004398345947,0.046737488359212875
88,遅れている,neutral-negative,friend,全く,同じ路線のバスを通勤に使おうかと迷っている友人に、大輔は今朝のバスがどれくらい遅れていたか聞かれ、答えます。「バス、全く遅れてたよ。」,-9.154833316802979,0.0043829334899783134
89,遅れている,annoyed,friend,あまり,大輔は友人と高校の同窓会の準備をしています。急ぎで店の予約をしてと伝えたのに、数日経っても何のアップデートもありません。当日が迫る中、焦りと苛立ちで、大輔は言います。「お店の予約、あまり遅いんだけど、お願いだから今日中にしてくれる？」,-9.451114654541016,0.009659050963819027
89,遅れている,annoyed,friend,いまいち,大輔は友人と高校の同窓会の準備をしています。急ぎで店の予約をしてと伝えたのに、数日経っても何のアップデートもありません。当日が迫る中、焦りと苛立ちで、大輔は言います。「お店の予約、いまいち遅いんだけど、お願いだから今日中にしてくれる？」,-11.822792768478394,0.0009014208917506039
89,遅れている,annoyed,friend,かなり,大輔は友人と高校の同窓会の準備をしています。急ぎで店の予約をしてと伝えたのに、数日経っても何のアップデートもありません。当日が迫る中、焦りと苛立ちで、大輔は言います。「お店の予約、かなり遅いんだけど、お願いだから今日中にしてくれる？」,-7.953193664550781,0.043198954313993454
89,遅れている,annoyed,friend,すごく,大輔は友人と高校の同窓会の準備をしています。急ぎで店の予約をしてと伝えたのに、数日経っても何のアップデートもありません。当日が迫る中、焦りと苛立ちで、大輔は言います。「お店の予約、すごく遅いんだけど、お願いだから今日中にしてくれる？」,-8.055553436279297,0.038995902985334396
89,遅れている,annoyed,friend,そこまで,大輔は友人と高校の同窓会の準備をしています。急ぎで店の予約をしてと伝えたのに、数日経っても何のアップデートもありません。当日が迫る中、焦りと苛立ちで、大輔は言います。「お店の予約、そこまで遅いんだけど、お願いだから今日中にしてくれる？」,-11.927986145019531,0.000811414560303092
89,遅れている,annoyed,friend,それほど,大輔は友人と高校の同窓会の準備をしています。急ぎで店の予約をしてと伝えたのに、数日経っても何のアップデートもありません。当日が迫る中、焦りと苛立ちで、大輔は言います。「お店の予約、それほど遅いんだけど、お願いだから今日中にしてくれる？」,-12.795707702636719,0.0003407188050914556
89,遅れている,annoyed,friend,そんなに,大輔は友人と高校の同窓会の準備をしています。急ぎで店の予約をしてと伝えたのに、数日経っても何のアップデートもありません。当日が迫る中、焦りと苛立ちで、大輔は言います。「お店の予約、そんなに遅いんだけど、お願いだから今日中にしてくれる？」,-8.569080352783203,0.023334423080086708
89,遅れている,annoyed,friend,たいして,大輔は友人と高校の同窓会の準備をしています。急ぎで店の予約をしてと伝えたのに、数日経っても何のアップデートもありません。当日が迫る中、焦りと苛立ちで、大輔は言います。「お店の予約、たいして遅いんだけど、お願いだから今日中にしてくれる？」,-14.879677534103394,4.239741974743083e-05
89,遅れている,annoyed,friend,だいぶ,大輔は友人と高校の同窓会の準備をしています。急ぎで店の予約をしてと伝えたのに、数日経っても何のアップデートもありません。当日が迫る中、焦りと苛立ちで、大輔は言います。「お店の予約、だいぶ遅いんだけど、お願いだから今日中にしてくれる？」,-11.1967386364704,0.0016858531162142754
89,遅れている,annoyed,friend,ちっとも,大輔は友人と高校の同窓会の準備をしています。急ぎで店の予約をしてと伝えたのに、数日経っても何のアップデートもありません。当日が迫る中、焦りと苛立ちで、大輔は言います。「お店の予約、ちっとも遅いんだけど、お願いだから今日中にしてくれる？」,-16.745898723602295,6.559183020726778e-06
89,遅れている,annoyed,friend,ちょっと,大輔は友人と高校の同窓会の準備をしています。急ぎで店の予約をしてと伝えたのに、数日経っても何のアップデートもありません。当日が迫る中、焦りと苛立ちで、大輔は言います。「お店の予約、ちょっと遅いんだけど、お願いだから今日中にしてくれる？」,-5.238941192626953,0.6520158052444458
89,遅れている,annoyed,friend,とても,大輔は友人と高校の同窓会の準備をしています。急ぎで店の予約をしてと伝えたのに、数日経っても何のアップデートもありません。当日が迫る中、焦りと苛立ちで、大輔は言います。「お店の予約、とても遅いんだけど、お願いだから今日中にしてくれる？」,-7.996509552001953,0.041367702186107635
89,遅れている,annoyed,friend,なかなか,大輔は友人と高校の同窓会の準備をしています。急ぎで店の予約をしてと伝えたのに、数日経っても何のアップデートもありません。当日が迫る中、焦りと苛立ちで、大輔は言います。「お店の予約、なかなか遅いんだけど、お願いだから今日中にしてくれる？」,-9.874744415283203,0.0063234539702534676
89,遅れている,annoyed,friend,（なし）,大輔は友人と高校の同窓会の準備をしています。急ぎで店の予約をしてと伝えたのに、数日経っても何のアップデートもありません。当日が迫る中、焦りと苛立ちで、大輔は言います。「お店の予約、（なし）遅いんだけど、お願いだから今日中にしてくれる？」,-22.213570535182953,2.768666540475806e-08
89,遅れている,annoyed,friend,ひどく,大輔は友人と高校の同窓会の準備をしています。急ぎで店の予約をしてと伝えたのに、数日経っても何のアップデートもありません。当日が迫る中、焦りと苛立ちで、大輔は言います。「お店の予約、ひどく遅いんだけど、お願いだから今日中にしてくれる？」,-15.43957805633545,2.422020406811498e-05
89,遅れている,annoyed,friend,まあまあ,大輔は友人と高校の同窓会の準備をしています。急ぎで店の予約をしてと伝えたのに、数日経っても何のアップデートもありません。当日が迫る中、焦りと苛立ちで、大輔は言います。「お店の予約、まあまあ遅いんだけど、お願いだから今日中にしてくれる？」,-13.689960956573486,0.0001393243728671223
89,遅れている,annoyed,friend,マジで,大輔は友人と高校の同窓会の準備をしています。急ぎで店の予約をしてと伝えたのに、数日経っても何のアップデートもありません。当日が迫る中、焦りと苛立ちで、大輔は言います。「お店の予約、マジで遅いんだけど、お願いだから今日中にしてくれる？」,-14.495577245950699,6.225185643415898e-05
89,遅れている,annoyed,friend,めっちゃ,大輔は友人と高校の同窓会の準備をしています。急ぎで店の予約をしてと伝えたのに、数日経っても何のアップデートもありません。当日が迫る中、焦りと苛立ちで、大輔は言います。「お店の予約、めっちゃ遅いんだけど、お願いだから今日中にしてくれる？」,-11.904081277549267,0.0008310449775308371
89,遅れている,annoyed,friend,やや,大輔は友人と高校の同窓会の準備をしています。急ぎで店の予約をしてと伝えたのに、数日経っても何のアップデートもありません。当日が迫る中、焦りと苛立ちで、大輔は言います。「お店の予約、やや遅いんだけど、お願いだから今日中にしてくれる？」,-13.496554136276245,0.00016905275697354227
89,遅れている,annoyed,friend,結構,大輔は友人と高校の同窓会の準備をしています。急ぎで店の予約をしてと伝えたのに、数日経っても何のアップデートもありません。当日が迫る中、焦りと苛立ちで、大輔は言います。「お店の予約、結構遅いんだけど、お願いだから今日中にしてくれる？」,-9.846134185791016,0.006506982259452343
89,遅れている,annoyed,friend,若干,大輔は友人と高校の同窓会の準備をしています。急ぎで店の予約をしてと伝えたのに、数日経っても何のアップデートもありません。当日が迫る中、焦りと苛立ちで、大輔は言います。「お店の予約、若干遅いんだけど、お願いだから今日中にしてくれる？」,-10.029727935791016,0.005415591411292553
89,遅れている,annoyed,friend,少し,大輔は友人と高校の同窓会の準備をしています。急ぎで店の予約をしてと伝えたのに、数日経っても何のアップデートもありません。当日が迫る中、焦りと苛立ちで、大輔は言います。「お店の予約、少し遅いんだけど、お願いだから今日中にしてくれる？」,-7.044532775878906,0.1071765199303627
89,遅れている,annoyed,friend,少しも,大輔は友人と高校の同窓会の準備をしています。急ぎで店の予約をしてと伝えたのに、数日経っても何のアップデートもありません。当日が迫る中、焦りと苛立ちで、大輔は言います。「お店の予約、少しも遅いんだけど、お願いだから今日中にしてくれる？」,-11.979438543319702,0.0007707210606895387
89,遅れている,annoyed,friend,全然,大輔は友人と高校の同窓会の準備をしています。急ぎで店の予約をしてと伝えたのに、数日経っても何のアップデートもありません。当日が迫る中、焦りと苛立ちで、大輔は言います。「お店の予約、全然遅いんだけど、お願いだから今日中にしてくれる？」,-8.903961181640625,0.01669399067759514
89,遅れている,annoyed,friend,相当,大輔は友人と高校の同窓会の準備をしています。急ぎで店の予約をしてと伝えたのに、数日経っても何のアップデートもありません。当日が迫る中、焦りと苛立ちで、大輔は言います。「お店の予約、相当遅いんだけど、お願いだから今日中にしてくれる？」,-11.113880157470703,0.0018314900808036327
89,遅れている,annoyed,friend,超,大輔は友人と高校の同窓会の準備をしています。急ぎで店の予約をしてと伝えたのに、数日経っても何のアップデートもありません。当日が迫る中、焦りと苛立ちで、大輔は言います。「お店の予約、超遅いんだけど、お願いだから今日中にしてくれる？」,-10.008007049560547,0.005534509662538767
89,遅れている,annoyed,friend,非常に,大輔は友人と高校の同窓会の準備をしています。急ぎで店の予約をしてと伝えたのに、数日経っても何のアップデートもありません。当日が迫る中、焦りと苛立ちで、大輔は言います。「お店の予約、非常に遅いんだけど、お願いだから今日中にしてくれる？」,-10.30050277709961,0.004130949266254902
89,遅れている,annoyed,friend,微妙に,大輔は友人と高校の同窓会の準備をしています。急ぎで店の予約をしてと伝えたのに、数日経っても何のアップデートもありません。当日が迫る中、焦りと苛立ちで、大輔は言います。「お店の予約、微妙に遅いんだけど、お願いだから今日中にしてくれる？」,-10.775275230407715,0.002569560194388032
89,遅れている,annoyed,friend,普通に,大輔は友人と高校の同窓会の準備をしています。急ぎで店の予約をしてと伝えたのに、数日経っても何のアップデートもありません。当日が迫る中、焦りと苛立ちで、大輔は言います。「お店の予約、普通に遅いんだけど、お願いだから今日中にしてくれる？」,-12.258125305175781,0.0005832640454173088
89,遅れている,annoyed,friend,本当に,大輔は友人と高校の同窓会の準備をしています。急ぎで店の予約をしてと伝えたのに、数日経っても何のアップデートもありません。当日が迫る中、焦りと苛立ちで、大輔は言います。「お店の予約、本当に遅いんだけど、お願いだから今日中にしてくれる？」,-8.389595031738281,0.027922002598643303
89,遅れている,annoyed,friend,全く,大輔は友人と高校の同窓会の準備をしています。急ぎで店の予約をしてと伝えたのに、数日経っても何のアップデートもありません。当日が迫る中、焦りと苛立ちで、大輔は言います。「お店の予約、全く遅いんだけど、お願いだから今日中にしてくれる？」,-11.765277862548828,0.0009547861409373581
90,遅れている,encouraging,friend,あまり,友人が引き受けた準備が、予定より押しています。それを申し訳ないと言ってきた友人を、大輔が励まします。「準備、あまり遅くないよ。まだ二日あるし、間に合う。」,-10.914943218231201,0.07327316701412201
90,遅れている,encouraging,friend,いまいち,友人が引き受けた準備が、予定より押しています。それを申し訳ないと言ってきた友人を、大輔が励まします。「準備、いまいち遅くないよ。まだ二日あるし、間に合う。」,-14.676401138305664,0.0017035886412486434
90,遅れている,encouraging,friend,かなり,友人が引き受けた準備が、予定より押しています。それを申し訳ないと言ってきた友人を、大輔が励まします。「準備、かなり遅くないよ。まだ二日あるし、間に合う。」,-12.887671947479248,0.010190599597990513
90,遅れている,encouraging,friend,すごく,友人が引き受けた準備が、予定より押しています。それを申し訳ないと言ってきた友人を、大輔が励まします。「準備、すごく遅くないよ。まだ二日あるし、間に合う。」,-13.11204481124878,0.008142463862895966
90,遅れている,encouraging,friend,そこまで,友人が引き受けた準備が、予定より押しています。それを申し訳ないと言ってきた友人を、大輔が励まします。「準備、そこまで遅くないよ。まだ二日あるし、間に合う。」,-12.872458934783936,0.01034681499004364
90,遅れている,encouraging,friend,それほど,友人が引き受けた準備が、予定より押しています。それを申し訳ないと言ってきた友人を、大輔が励まします。「準備、それほど遅くないよ。まだ二日あるし、間に合う。」,-14.066271781921387,0.0031357435509562492
90,遅れている,encouraging,friend,そんなに,友人が引き受けた準備が、予定より押しています。それを申し訳ないと言ってきた友人を、大輔が励まします。「準備、そんなに遅くないよ。まだ二日あるし、間に合う。」,-10.978862285614014,0.06873615831136703
90,遅れている,encouraging,friend,たいして,友人が引き受けた準備が、予定より押しています。それを申し訳ないと言ってきた友人を、大輔が励まします。「準備、たいして遅くないよ。まだ二日あるし、間に合う。」,-15.231369853019714,0.000978013500571251
90,遅れている,encouraging,friend,だいぶ,友人が引き受けた準備が、予定より押しています。それを申し訳ないと言ってきた友人を、大輔が励まします。「準備、だいぶ遅くないよ。まだ二日あるし、間に合う。」,-12.176848099101335,0.020744677633047104
90,遅れている,encouraging,friend,ちっとも,友人が引き受けた準備が、予定より押しています。それを申し訳ないと言ってきた友人を、大輔が励まします。「準備、ちっとも遅くないよ。まだ二日あるし、間に合う。」,-19.669515132904053,1.1557999641809147e-05
90,遅れている,encouraging,friend,ちょっと,友人が引き受けた準備が、予定より押しています。それを申し訳ないと言ってきた友人を、大輔が励まします。「準備、ちょっと遅くないよ。まだ二日あるし、間に合う。」,-9.566676616668701,0.2821562588214874
90,遅れている,encouraging,friend,とても,友人が引き受けた準備が、予定より押しています。それを申し訳ないと言ってきた友人を、大輔が励まします。「準備、とても遅くないよ。まだ二日あるし、間に合う。」,-11.383796215057373,0.04584845155477524
90,遅れている,encouraging,friend,なかなか,友人が引き受けた準備が、予定より押しています。それを申し訳ないと言ってきた友人を、大輔が励まします。「準備、なかなか遅くないよ。まだ二日あるし、間に合う。」,-11.506175518035889,0.040567293763160706
90,遅れている,encouraging,friend,（なし）,友人が引き受けた準備が、予定より押しています。それを申し訳ないと言ってきた友人を、大輔が励まします。「準備、（なし）遅くないよ。まだ二日あるし、間に合う。」,-27.879997730255127,3.1413458501106106e-09
90,遅れている,encouraging,friend,ひどく,友人が引き受けた準備が、予定より押しています。それを申し訳ないと言ってきた友人を、大輔が励まします。「準備、ひどく遅くないよ。まだ二日あるし、間に合う。」,-18.14502716064453,5.308350591803901e-05
90,遅れている,encouraging,friend,まあまあ,友人が引き受けた準備が、予定より押しています。それを申し訳ないと言ってきた友人を、大輔が励まします。「準備、まあまあ遅くないよ。まだ二日あるし、間に合う。」,-10.440312623977661,0.11778084933757782
90,遅れている,encouraging,friend,マジで,友人が引き受けた準備が、予定より押しています。それを申し訳ないと言ってきた友人を、大輔が励まします。「準備、マジで遅くないよ。まだ二日あるし、間に合う。」,-15.205781877040863,0.0010033617727458477
90,遅れている,encouraging,friend,めっちゃ,友人が引き受けた準備が、予定より押しています。それを申し訳ないと言ってきた友人を、大輔が励まします。「準備、めっちゃ遅くないよ。まだ二日あるし、間に合う。」,-12.95067112147808,0.009568409062922001
90,遅れている,encouraging,friend,やや,友人が引き受けた準備が、予定より押しています。それを申し訳ないと言ってきた友人を、大輔が励まします。「準備、やや遅くないよ。まだ二日あるし、間に合う。」,-19.97637939453125,8.503807293891441e-06
90,遅れている,encouraging,friend,結構,友人が引き受けた準備が、予定より押しています。それを申し訳ないと言ってきた友人を、大輔が励まします。「準備、結構遅くないよ。まだ二日あるし、間に合う。」,-15.224555015563965,0.0009847013279795647
90,遅れている,encouraging,friend,若干,友人が引き受けた準備が、予定より押しています。それを申し訳ないと言ってきた友人を、大輔が励まします。「準備、若干遅くないよ。まだ二日あるし、間に合う。」,-17.117342948913574,0.00014834631292615086
90,遅れている,encouraging,friend,少し,友人が引き受けた準備が、予定より押しています。それを申し訳ないと言ってきた友人を、大輔が励まします。「準備、少し遅くないよ。まだ二日あるし、間に合う。」,-11.616363048553467,0.03633475303649902
90,遅れている,encouraging,friend,少しも,友人が引き受けた準備が、予定より押しています。それを申し訳ないと言ってきた友人を、大輔が励まします。「準備、少しも遅くないよ。まだ二日あるし、間に合う。」,-14.484837293624878,0.0020632874220609665
90,遅れている,encouraging,friend,全然,友人が引き受けた準備が、予定より押しています。それを申し訳ないと言ってきた友人を、大輔が励まします。「準備、全然遅くないよ。まだ二日あるし、間に合う。」,-10.460669994354248,0.1154073029756546
90,遅れている,encouraging,friend,相当,友人が引き受けた準備が、予定より押しています。それを申し訳ないと言ってきた友人を、大輔が励まします。「準備、相当遅くないよ。まだ二日あるし、間に合う。」,-13.940413475036621,0.003556314157322049
90,遅れている,encouraging,friend,超,友人が引き受けた準備が、予定より押しています。それを申し訳ないと言ってきた友人を、大輔が励まします。「準備、超遅くないよ。まだ二日あるし、間に合う。」,-15.83283519744873,0.0005359593196772039
90,遅れている,encouraging,friend,非常に,友人が引き受けた準備が、予定より押しています。それを申し訳ないと言ってきた友人を、大輔が励まします。「準備、非常に遅くないよ。まだ二日あるし、間に合う。」,-13.310019969940186,0.006679997779428959
90,遅れている,encouraging,friend,微妙に,友人が引き受けた準備が、予定より押しています。それを申し訳ないと言ってきた友人を、大輔が励まします。「準備、微妙に遅くないよ。まだ二日あるし、間に合う。」,-14.57832384109497,0.00187914096750319
90,遅れている,encouraging,friend,普通に,友人が引き受けた準備が、予定より押しています。それを申し訳ないと言ってきた友人を、大輔が励まします。「準備、普通に遅くないよ。まだ二日あるし、間に合う。」,-15.925841331481934,0.0004883596557192504
90,遅れている,encouraging,friend,本当に,友人が引き受けた準備が、予定より押しています。それを申し訳ないと言ってきた友人を、大輔が励まします。「準備、本当に遅くないよ。まだ二日あるし、間に合う。」,-10.328559398651123,0.13170680403709412
90,遅れている,encouraging,friend,全く,友人が引き受けた準備が、予定より押しています。それを申し訳ないと言ってきた友人を、大輔が励まします。「準備、全く遅くないよ。まだ二日あるし、間に合う。」,-13.423057079315186,0.005966023076325655
91,遅れている,warning,colleague,あまり,社員旅行の移動手段を担当している同僚が、バスで行く案を見せてきます。大輔は力になりたいと思い、遠慮がちに指摘します。「その時間帯のバス、あまり遅れやすいみたいなので、電車にされてはどうですか？」,-7.524794816970825,0.014783605001866817
91,遅れている,warning,colleague,いまいち,社員旅行の移動手段を担当している同僚が、バスで行く案を見せてきます。大輔は力になりたいと思い、遠慮がちに指摘します。「その時間帯のバス、いまいち遅れやすいみたいなので、電車にされてはどうですか？」,-11.795757055282593,0.00020650225633289665
91,遅れている,warning,colleague,かなり,社員旅行の移動手段を担当している同僚が、バスで行く案を見せてきます。大輔は力になりたいと思い、遠慮がちに指摘します。「その時間帯のバス、かなり遅れやすいみたいなので、電車にされてはどうですか？」,-4.970218181610107,0.19020360708236694
91,遅れている,warning,colleague,すごく,社員旅行の移動手段を担当している同僚が、バスで行く案を見せてきます。大輔は力になりたいと思い、遠慮がちに指摘します。「その時間帯のバス、すごく遅れやすいみたいなので、電車にされてはどうですか？」,-6.545195817947388,0.03937447443604469
91,遅れている,warning,colleague,そこまで,社員旅行の移動手段を担当している同僚が、バスで行く案を見せてきます。大輔は力になりたいと思い、遠慮がちに指摘します。「その時間帯のバス、そこまで遅れやすいみたいなので、電車にされてはどうですか？」,-11.824179887771606,0.0002007155999308452
91,遅れている,warning,colleague,それほど,社員旅行の移動手段を担当している同僚が、バスで行く案を見せてきます。大輔は力になりたいと思い、遠慮がちに指摘します。「その時間帯のバス、それほど遅れやすいみたいなので、電車にされてはどうですか？」,-10.808432817459106,0.0005542611470445991
91,遅れている,warning,colleague,そんなに,社員旅行の移動手段を担当している同僚が、バスで行く案を見せてきます。大輔は力になりたいと思い、遠慮がちに指摘します。「その時間帯のバス、そんなに遅れやすいみたいなので、電車にされてはどうですか？」,-9.966166734695435,0.0012867848854511976
91,遅れている,warning,colleague,たいして,社員旅行の移動手段を担当している同僚が、バスで行く案を見せてきます。大輔は力になりたいと思い、遠慮がちに指摘します。「その時間帯のバス、たいして遅れやすいみたいなので、電車にされてはどうですか？」,-14.395886182785034,1.5335674106609076e-05
91,遅れている,warning,colleague,だいぶ,社員旅行の移動手段を担当している同僚が、バスで行く案を見せてきます。大輔は力になりたいと思い、遠慮がちに指摘します。「その時間帯のバス、だいぶ遅れやすいみたいなので、電車にされてはどうですか？」,-13.046638349536806,5.9111800510436296e-05
91,遅れている,warning,colleague,ちっとも,社員旅行の移動手段を担当している同僚が、バスで行く案を見せてきます。大輔は力になりたいと思い、遠慮がちに指摘します。「その時間帯のバス、ちっとも遅れやすいみたいなので、電車にされてはどうですか？」,-15.850026369094849,3.5824325550493086e-06
91,遅れている,warning,colleague,ちょっと,社員旅行の移動手段を担当している同僚が、バスで行く案を見せてきます。大輔は力になりたいと思い、遠慮がちに指摘します。「その時間帯のバス、ちょっと遅れやすいみたいなので、電車にされてはどうですか？」,-4.2514567375183105,0.3902769386768341
91,遅れている,warning,colleague,とても,社員旅行の移動手段を担当している同僚が、バスで行く案を見せてきます。大輔は力になりたいと思い、遠慮がちに指摘します。「その時間帯のバス、とても遅れやすいみたいなので、電車にされてはどうですか？」,-6.574725389480591,0.03822876140475273
91,遅れている,warning,colleague,なかなか,社員旅行の移動手段を担当している同僚が、バスで行く案を見せてきます。大輔は力になりたいと思い、遠慮がちに指摘します。「その時間帯のバス、なかなか遅れやすいみたいなので、電車にされてはどうですか？」,-7.6249001026153564,0.013375350274145603
91,遅れている,warning,colleague,（なし）,社員旅行の移動手段を担当している同僚が、バスで行く案を見せてきます。大輔は力になりたいと思い、遠慮がちに指摘します。「その時間帯のバス、（なし）遅れやすいみたいなので、電車にされてはどうですか？」,-27.522786140441895,3.0532586875464673e-11
91,遅れている,warning,colleague,ひどく,社員旅行の移動手段を担当している同僚が、バスで行く案を見せてきます。大輔は力になりたいと思い、遠慮がちに指摘します。「その時間帯のバス、ひどく遅れやすいみたいなので、電車にされてはどうですか？」,-13.197293743491173,5.084464646643028e-05
91,遅れている,warning,colleague,まあまあ,社員旅行の移動手段を担当している同僚が、バスで行く案を見せてきます。大輔は力になりたいと思い、遠慮がちに指摘します。「その時間帯のバス、まあまあ遅れやすいみたいなので、電車にされてはどうですか？」,-12.715291261672974,8.233341941377148e-05
91,遅れている,warning,colleague,マジで,社員旅行の移動手段を担当している同僚が、バスで行く案を見せてきます。大輔は力になりたいと思い、遠慮がちに指摘します。「その時間帯のバス、マジで遅れやすいみたいなので、電車にされてはどうですか？」,-13.330707028508186,4.449432162800804e-05
91,遅れている,warning,colleague,めっちゃ,社員旅行の移動手段を担当している同僚が、バスで行く案を見せてきます。大輔は力になりたいと思い、遠慮がちに指摘します。「その時間帯のバス、めっちゃ遅れやすいみたいなので、電車にされてはどうですか？」,-11.743716701865196,0.00021753339387942106
91,遅れている,warning,colleague,やや,社員旅行の移動手段を担当している同僚が、バスで行く案を見せてきます。大輔は力になりたいと思い、遠慮がちに指摘します。「その時間帯のバス、やや遅れやすいみたいなので、電車にされてはどうですか？」,-11.227797389030457,0.0003644069074653089
91,遅れている,warning,colleague,結構,社員旅行の移動手段を担当している同僚が、バスで行く案を見せてきます。大輔は力になりたいと思い、遠慮がちに指摘します。「その時間帯のバス、結構遅れやすいみたいなので、電車にされてはどうですか？」,-5.459727764129639,0.11658091098070145
91,遅れている,warning,colleague,若干,社員旅行の移動手段を担当している同僚が、バスで行く案を見せてきます。大輔は力になりたいと思い、遠慮がちに指摘します。「その時間帯のバス、若干遅れやすいみたいなので、電車にされてはどうですか？」,-7.457274675369263,0.01581626571714878
91,遅れている,warning,colleague,少し,社員旅行の移動手段を担当している同僚が、バスで行く案を見せてきます。大輔は力になりたいと思い、遠慮がちに指摘します。「その時間帯のバス、少し遅れやすいみたいなので、電車にされてはどうですか？」,-5.778838634490967,0.08473042398691177
91,遅れている,warning,colleague,少しも,社員旅行の移動手段を担当している同僚が、バスで行く案を見せてきます。大輔は力になりたいと思い、遠慮がちに指摘します。「その時間帯のバス、少しも遅れやすいみたいなので、電車にされてはどうですか？」,-12.11260199546814,0.00015042525774333626
91,遅れている,warning,colleague,全然,社員旅行の移動手段を担当している同僚が、バスで行く案を見せてきます。大輔は力になりたいと思い、遠慮がちに指摘します。「その時間帯のバス、全然遅れやすいみたいなので、電車にされてはどうですか？」,-9.222354173660278,0.002707320498302579
91,遅れている,warning,colleague,相当,社員旅行の移動手段を担当している同僚が、バスで行く案を見せてきます。大輔は力になりたいと思い、遠慮がちに指摘します。「その時間帯のバス、相当遅れやすいみたいなので、電車にされてはどうですか？」,-7.2798912525177,0.018886025995016098
91,遅れている,warning,colleague,超,社員旅行の移動手段を担当している同僚が、バスで行く案を見せてきます。大輔は力になりたいと思い、遠慮がちに指摘します。「その時間帯のバス、超遅れやすいみたいなので、電車にされてはどうですか？」,-10.110327959060669,0.0011140316491946578
91,遅れている,warning,colleague,非常に,社員旅行の移動手段を担当している同僚が、バスで行く案を見せてきます。大輔は力になりたいと思い、遠慮がちに指摘します。「その時間帯のバス、非常に遅れやすいみたいなので、電車にされてはどうですか？」,-6.172313213348389,0.05716833472251892
91,遅れている,warning,colleague,微妙に,社員旅行の移動手段を担当している同僚が、バスで行く案を見せてきます。大輔は力になりたいと思い、遠慮がちに指摘します。「その時間帯のバス、微妙に遅れやすいみたいなので、電車にされてはどうですか？」,-11.444708611816168,0.00029334804276004434
91,遅れている,warning,colleague,普通に,社員旅行の移動手段を担当している同僚が、バスで行く案を見せてきます。大輔は力になりたいと思い、遠慮がちに指摘します。「その時間帯のバス、普通に遅れやすいみたいなので、電車にされてはどうですか？」,-10.130282640457153,0.0010920219356194139
91,遅れている,warning,colleague,本当に,社員旅行の移動手段を担当している同僚が、バスで行く案を見せてきます。大輔は力になりたいと思い、遠慮がちに指摘します。「その時間帯のバス、本当に遅れやすいみたいなので、電車にされてはどうですか？」,-7.7526772022247314,0.011770970188081264
91,遅れている,warning,colleague,全く,社員旅行の移動手段を担当している同僚が、バスで行く案を見せてきます。大輔は力になりたいと思い、遠慮がちに指摘します。「その時間帯のバス、全く遅れやすいみたいなので、電車にされてはどうですか？」,-11.236296892166138,0.0003613228618633002
92,遅れている,non-committal,colleague,あまり,出張の移動手段について同僚に意見を求められます。自分の意見を押し付けたくない大輔は、慎重に答えます。「バス、あまり遅れてるみたいですけど、乗り換えなしで楽ですね。」,-11.038577556610107,0.0015885810134932399
92,遅れている,non-committal,colleague,いまいち,出張の移動手段について同僚に意見を求められます。自分の意見を押し付けたくない大輔は、慎重に答えます。「バス、いまいち遅れてるみたいですけど、乗り換えなしで楽ですね。」,-14.042344093322754,7.879345503170043e-05
92,遅れている,non-committal,colleague,かなり,出張の移動手段について同僚に意見を求められます。自分の意見を押し付けたくない大輔は、慎重に答えます。「バス、かなり遅れてるみたいですけど、乗り換えなしで楽ですね。」,-7.325847148895264,0.06507705897092819
92,遅れている,non-committal,colleague,すごく,出張の移動手段について同僚に意見を求められます。自分の意見を押し付けたくない大輔は、慎重に答えます。「バス、すごく遅れてるみたいですけど、乗り換えなしで楽ですね。」,-8.777778148651123,0.015235688537359238
92,遅れている,non-committal,colleague,そこまで,出張の移動手段について同僚に意見を求められます。自分の意見を押し付けたくない大輔は、慎重に答えます。「バス、そこまで遅れてるみたいですけど、乗り換えなしで楽ですね。」,-14.12281322479248,7.270140486070886e-05
92,遅れている,non-committal,colleague,それほど,出張の移動手段について同僚に意見を求められます。自分の意見を押し付けたくない大輔は、慎重に答えます。「バス、それほど遅れてるみたいですけど、乗り換えなしで楽ですね。」,-14.497431755065918,4.9985967052634805e-05
92,遅れている,non-committal,colleague,そんなに,出張の移動手段について同僚に意見を求められます。自分の意見を押し付けたくない大輔は、慎重に答えます。「バス、そんなに遅れてるみたいですけど、乗り換えなしで楽ですね。」,-12.136779308319092,0.0005297444295138121
92,遅れている,non-committal,colleague,たいして,出張の移動手段について同僚に意見を求められます。自分の意見を押し付けたくない大輔は、慎重に答えます。「バス、たいして遅れてるみたいですけど、乗り換えなしで楽ですね。」,-17.304956912994385,3.0168660032359185e-06
92,遅れている,non-committal,colleague,だいぶ,出張の移動手段について同僚に意見を求められます。自分の意見を押し付けたくない大輔は、慎重に答えます。「バス、だいぶ遅れてるみたいですけど、乗り換えなしで楽ですね。」,-13.171184740611352,0.0001882913347799331
92,遅れている,non-committal,colleague,ちっとも,出張の移動手段について同僚に意見を求められます。自分の意見を押し付けたくない大輔は、慎重に答えます。「バス、ちっとも遅れてるみたいですけど、乗り換えなしで楽ですね。」,-15.832868099212646,1.3148482139513362e-05
92,遅れている,non-committal,colleague,ちょっと,出張の移動手段について同僚に意見を求められます。自分の意見を押し付けたくない大輔は、慎重に答えます。「バス、ちょっと遅れてるみたいですけど、乗り換えなしで楽ですね。」,-4.908847272396088,0.7296550273895264
92,遅れている,non-committal,colleague,とても,出張の移動手段について同僚に意見を求められます。自分の意見を押し付けたくない大輔は、慎重に答えます。「バス、とても遅れてるみたいですけど、乗り換えなしで楽ですね。」,-10.903514385223389,0.001818304299376905
92,遅れている,non-committal,colleague,なかなか,出張の移動手段について同僚に意見を求められます。自分の意見を押し付けたくない大輔は、慎重に答えます。「バス、なかなか遅れてるみたいですけど、乗り換えなしで楽ですね。」,-11.033050060272217,0.001597386202774942
92,遅れている,non-committal,colleague,（なし）,出張の移動手段について同僚に意見を求められます。自分の意見を押し付けたくない大輔は、慎重に答えます。「バス、（なし）遅れてるみたいですけど、乗り換えなしで楽ですね。」,-28.254507064819336,5.2993987670335585e-11
92,遅れている,non-committal,colleague,ひどく,出張の移動手段について同僚に意見を求められます。自分の意見を押し付けたくない大輔は、慎重に答えます。「バス、ひどく遅れてるみたいですけど、乗り換えなしで楽ですね。」,-14.495329827070236,5.009114101994783e-05
92,遅れている,non-committal,colleague,まあまあ,出張の移動手段について同僚に意見を求められます。自分の意見を押し付けたくない大輔は、慎重に答えます。「バス、まあまあ遅れてるみたいですけど、乗り換えなしで楽ですね。」,-16.636652946472168,5.8856730902334675e-06
92,遅れている,non-committal,colleague,マジで,出張の移動手段について同僚に意見を求められます。自分の意見を押し付けたくない大輔は、慎重に答えます。「バス、マジで遅れてるみたいですけど、乗り換えなしで楽ですね。」,-13.604982823133469,0.00012202093057567254
92,遅れている,non-committal,colleague,めっちゃ,出張の移動手段について同僚に意見を求められます。自分の意見を押し付けたくない大輔は、慎重に答えます。「バス、めっちゃ遅れてるみたいですけど、乗り換えなしで楽ですね。」,-14.560727961361408,4.6920133172534406e-05
92,遅れている,non-committal,colleague,やや,出張の移動手段について同僚に意見を求められます。自分の意見を押し付けたくない大輔は、慎重に答えます。「バス、やや遅れてるみたいですけど、乗り換えなしで楽ですね。」,-12.78013563156128,0.0002783942618407309
92,遅れている,non-committal,colleague,結構,出張の移動手段について同僚に意見を求められます。自分の意見を押し付けたくない大輔は、慎重に答えます。「バス、結構遅れてるみたいですけど、乗り換えなしで楽ですね。」,-8.082889080047607,0.030524499714374542
92,遅れている,non-committal,colleague,若干,出張の移動手段について同僚に意見を求められます。自分の意見を押し付けたくない大輔は、慎重に答えます。「バス、若干遅れてるみたいですけど、乗り換えなしで楽ですね。」,-8.141429424285889,0.02878888137638569
92,遅れている,non-committal,colleague,少し,出張の移動手段について同僚に意見を求められます。自分の意見を押し付けたくない大輔は、慎重に答えます。「バス、少し遅れてるみたいですけど、乗り換えなしで楽ですね。」,-6.783977031707764,0.11188171058893204
92,遅れている,non-committal,colleague,少しも,出張の移動手段について同僚に意見を求められます。自分の意見を押し付けたくない大輔は、慎重に答えます。「バス、少しも遅れてるみたいですけど、乗り換えなしで楽ですね。」,-12.886568069458008,0.00025028653908520937
92,遅れている,non-committal,colleague,全然,出張の移動手段について同僚に意見を求められます。自分の意見を押し付けたくない大輔は、慎重に答えます。「バス、全然遅れてるみたいですけど、乗り換えなしで楽ですね。」,-9.990756511688232,0.00452972948551178
92,遅れている,non-committal,colleague,相当,出張の移動手段について同僚に意見を求められます。自分の意見を押し付けたくない大輔は、慎重に答えます。「バス、相当遅れてるみたいですけど、乗り換えなしで楽ですね。」,-10.28480863571167,0.0033757248893380165
92,遅れている,non-committal,colleague,超,出張の移動手段について同僚に意見を求められます。自分の意見を押し付けたくない大輔は、慎重に答えます。「バス、超遅れてるみたいですけど、乗り換えなしで楽ですね。」,-11.165854930877686,0.0013987288111820817
92,遅れている,non-committal,colleague,非常に,出張の移動手段について同僚に意見を求められます。自分の意見を押し付けたくない大輔は、慎重に答えます。「バス、非常に遅れてるみたいですけど、乗り換えなしで楽ですね。」,-11.692737102508545,0.0008258696179836988
92,遅れている,non-committal,colleague,微妙に,出張の移動手段について同僚に意見を求められます。自分の意見を押し付けたくない大輔は、慎重に答えます。「バス、微妙に遅れてるみたいですけど、乗り換えなしで楽ですね。」,-13.616473656147718,0.00012062671885360032
92,遅れている,non-committal,colleague,普通に,出張の移動手段について同僚に意見を求められます。自分の意見を押し付けたくない大輔は、慎重に答えます。「バス、普通に遅れてるみたいですけど、乗り換えなしで楽ですね。」,-11.809962749481201,0.0007345156045630574
92,遅れている,non-committal,colleague,本当に,出張の移動手段について同僚に意見を求められます。自分の意見を押し付けたくない大輔は、慎重に答えます。「バス、本当に遅れてるみたいですけど、乗り換えなしで楽ですね。」,-11.522437572479248,0.0009792004711925983
92,遅れている,non-committal,colleague,全く,出張の移動手段について同僚に意見を求められます。自分の意見を押し付けたくない大輔は、慎重に答えます。「バス、全く遅れてるみたいですけど、乗り換えなしで楽ですね。」,-13.22095012664795,0.00017915008356794715
93,遅れている,acknowledge,colleague,あまり,よく遅れるからと大輔が避けていたバス路線を、同僚が最近はダイヤが見直されたと勧めます。大輔は半信半疑で乗りました。しかし、同僚の言った通りにスムーズに着きました。教えてもらったことについて感謝します。「バス、あまり遅れてないですね。教えてくれてありがとうございます。」,-6.480647802352905,0.2633202373981476
93,遅れている,acknowledge,colleague,いまいち,よく遅れるからと大輔が避けていたバス路線を、同僚が最近はダイヤが見直されたと勧めます。大輔は半信半疑で乗りました。しかし、同僚の言った通りにスムーズに着きました。教えてもらったことについて感謝します。「バス、いまいち遅れてないですね。教えてくれてありがとうございます。」,-11.30910849571228,0.002106252359226346
93,遅れている,acknowledge,colleague,かなり,よく遅れるからと大輔が避けていたバス路線を、同僚が最近はダイヤが見直されたと勧めます。大輔は半信半疑で乗りました。しかし、同僚の言った通りにスムーズに着きました。教えてもらったことについて感謝します。「バス、かなり遅れてないですね。教えてくれてありがとうございます。」,-9.856273651123047,0.009004687890410423
93,遅れている,acknowledge,colleague,すごく,よく遅れるからと大輔が避けていたバス路線を、同僚が最近はダイヤが見直されたと勧めます。大輔は半信半疑で乗りました。しかし、同僚の言った通りにスムーズに着きました。教えてもらったことについて感謝します。「バス、すごく遅れてないですね。教えてくれてありがとうございます。」,-10.173576354980469,0.0065564061515033245
93,遅れている,acknowledge,colleague,そこまで,よく遅れるからと大輔が避けていたバス路線を、同僚が最近はダイヤが見直されたと勧めます。大輔は半信半疑で乗りました。しかし、同僚の言った通りにスムーズに着きました。教えてもらったことについて感謝します。「バス、そこまで遅れてないですね。教えてくれてありがとうございます。」,-10.113544464111328,0.00696205347776413
93,遅れている,acknowledge,colleague,それほど,よく遅れるからと大輔が避けていたバス路線を、同僚が最近はダイヤが見直されたと勧めます。大輔は半信半疑で乗りました。しかし、同僚の言った通りにスムーズに着きました。教えてもらったことについて感謝します。「バス、それほど遅れてないですね。教えてくれてありがとうございます。」,-9.576824188232422,0.011907813139259815
93,遅れている,acknowledge,colleague,そんなに,よく遅れるからと大輔が避けていたバス路線を、同僚が最近はダイヤが見直されたと勧めます。大輔は半信半疑で乗りました。しかし、同僚の言った通りにスムーズに着きました。教えてもらったことについて感謝します。「バス、そんなに遅れてないですね。教えてくれてありがとうございます。」,-7.142730474472046,0.13581426441669464
93,遅れている,acknowledge,colleague,たいして,よく遅れるからと大輔が避けていたバス路線を、同僚が最近はダイヤが見直されたと勧めます。大輔は半信半疑で乗りました。しかし、同僚の言った通りにスムーズに着きました。教えてもらったことについて感謝します。「バス、たいして遅れてないですね。教えてくれてありがとうございます。」,-15.258812665939331,4.0567258110968396e-05
93,遅れている,acknowledge,colleague,だいぶ,よく遅れるからと大輔が避けていたバス路線を、同僚が最近はダイヤが見直されたと勧めます。大輔は半信半疑で乗りました。しかし、同僚の言った通りにスムーズに着きました。教えてもらったことについて感謝します。「バス、だいぶ遅れてないですね。教えてくれてありがとうございます。」,-11.657408765284345,0.0014867762802168727
93,遅れている,acknowledge,colleague,ちっとも,よく遅れるからと大輔が避けていたバス路線を、同僚が最近はダイヤが見直されたと勧めます。大輔は半信半疑で乗りました。しかし、同僚の言った通りにスムーズに着きました。教えてもらったことについて感謝します。「バス、ちっとも遅れてないですね。教えてくれてありがとうございます。」,-15.094019949436188,4.7834844735916704e-05
93,遅れている,acknowledge,colleague,ちょっと,よく遅れるからと大輔が避けていたバス路線を、同僚が最近はダイヤが見直されたと勧めます。大輔は半信半疑で乗りました。しかし、同僚の言った通りにスムーズに着きました。教えてもらったことについて感謝します。「バス、ちょっと遅れてないですね。教えてくれてありがとうございます。」,-9.35055923461914,0.014931300655007362
93,遅れている,acknowledge,colleague,とても,よく遅れるからと大輔が避けていたバス路線を、同僚が最近はダイヤが見直されたと勧めます。大輔は半信半疑で乗りました。しかし、同僚の言った通りにスムーズに着きました。教えてもらったことについて感謝します。「バス、とても遅れてないですね。教えてくれてありがとうございます。」,-9.22201156616211,0.016979509964585304
93,遅れている,acknowledge,colleague,なかなか,よく遅れるからと大輔が避けていたバス路線を、同僚が最近はダイヤが見直されたと勧めます。大輔は半信半疑で乗りました。しかし、同僚の言った通りにスムーズに着きました。教えてもらったことについて感謝します。「バス、なかなか遅れてないですね。教えてくれてありがとうございます。」,-6.3975865840911865,0.28612595796585083
93,遅れている,acknowledge,colleague,（なし）,よく遅れるからと大輔が避けていたバス路線を、同僚が最近はダイヤが見直されたと勧めます。大輔は半信半疑で乗りました。しかし、同僚の言った通りにスムーズに着きました。教えてもらったことについて感謝します。「バス、（なし）遅れてないですね。教えてくれてありがとうございます。」,-27.21388053894043,2.607088434025684e-10
93,遅れている,acknowledge,colleague,ひどく,よく遅れるからと大輔が避けていたバス路線を、同僚が最近はダイヤが見直されたと勧めます。大輔は半信半疑で乗りました。しかし、同僚の言った通りにスムーズに着きました。教えてもらったことについて感謝します。「バス、ひどく遅れてないですね。教えてくれてありがとうございます。」,-14.192614078521729,0.00011782030196627602
93,遅れている,acknowledge,colleague,まあまあ,よく遅れるからと大輔が避けていたバス路線を、同僚が最近はダイヤが見直されたと勧めます。大輔は半信半疑で乗りました。しかし、同僚の言った通りにスムーズに着きました。教えてもらったことについて感謝します。「バス、まあまあ遅れてないですね。教えてくれてありがとうございます。」,-13.0144522190094,0.0003827271284535527
93,遅れている,acknowledge,colleague,マジで,よく遅れるからと大輔が避けていたバス路線を、同僚が最近はダイヤが見直されたと勧めます。大輔は半信半疑で乗りました。しかし、同僚の言った通りにスムーズに着きました。教えてもらったことについて感謝します。「バス、マジで遅れてないですね。教えてくれてありがとうございます。」,-11.666046410799026,0.0014739895705133677
93,遅れている,acknowledge,colleague,めっちゃ,よく遅れるからと大輔が避けていたバス路線を、同僚が最近はダイヤが見直されたと勧めます。大輔は半信半疑で乗りました。しかし、同僚の言った通りにスムーズに着きました。教えてもらったことについて感謝します。「バス、めっちゃ遅れてないですね。教えてくれてありがとうございます。」,-12.409567952156067,0.0007007886888459325
93,遅れている,acknowledge,colleague,やや,よく遅れるからと大輔が避けていたバス路線を、同僚が最近はダイヤが見直されたと勧めます。大輔は半信半疑で乗りました。しかし、同僚の言った通りにスムーズに着きました。教えてもらったことについて感謝します。「バス、やや遅れてないですね。教えてくれてありがとうございます。」,-12.75521183013916,0.0004959932994097471
93,遅れている,acknowledge,colleague,結構,よく遅れるからと大輔が避けていたバス路線を、同僚が最近はダイヤが見直されたと勧めます。大輔は半信半疑で乗りました。しかし、同僚の言った通りにスムーズに着きました。教えてもらったことについて感謝します。「バス、結構遅れてないですね。教えてくれてありがとうございます。」,-10.3974609375,0.005241239443421364
93,遅れている,acknowledge,colleague,若干,よく遅れるからと大輔が避けていたバス路線を、同僚が最近はダイヤが見直されたと勧めます。大輔は半信半疑で乗りました。しかし、同僚の言った通りにスムーズに着きました。教えてもらったことについて感謝します。「バス、若干遅れてないですね。教えてくれてありがとうございます。」,-14.44647216796875,9.140517067862675e-05
93,遅れている,acknowledge,colleague,少し,よく遅れるからと大輔が避けていたバス路線を、同僚が最近はダイヤが見直されたと勧めます。大輔は半信半疑で乗りました。しかし、同僚の言った通りにスムーズに着きました。教えてもらったことについて感謝します。「バス、少し遅れてないですね。教えてくれてありがとうございます。」,-11.360122680664062,0.0020014988258481026
93,遅れている,acknowledge,colleague,少しも,よく遅れるからと大輔が避けていたバス路線を、同僚が最近はダイヤが見直されたと勧めます。大輔は半信半疑で乗りました。しかし、同僚の言った通りにスムーズに着きました。教えてもらったことについて感謝します。「バス、少しも遅れてないですね。教えてくれてありがとうございます。」,-12.206464409828186,0.0008586053736507893
93,遅れている,acknowledge,colleague,全然,よく遅れるからと大輔が避けていたバス路線を、同僚が最近はダイヤが見直されたと勧めます。大輔は半信半疑で乗りました。しかし、同僚の言った通りにスムーズに着きました。教えてもらったことについて感謝します。「バス、全然遅れてないですね。教えてくれてありがとうございます。」,-6.915725469589233,0.17042464017868042
93,遅れている,acknowledge,colleague,相当,よく遅れるからと大輔が避けていたバス路線を、同僚が最近はダイヤが見直されたと勧めます。大輔は半信半疑で乗りました。しかし、同僚の言った通りにスムーズに着きました。教えてもらったことについて感謝します。「バス、相当遅れてないですね。教えてくれてありがとうございます。」,-11.516349792480469,0.0017120118718594313
93,遅れている,acknowledge,colleague,超,よく遅れるからと大輔が避けていたバス路線を、同僚が最近はダイヤが見直されたと勧めます。大輔は半信半疑で乗りました。しかし、同僚の言った通りにスムーズに着きました。教えてもらったことについて感謝します。「バス、超遅れてないですね。教えてくれてありがとうございます。」,-11.95815658569336,0.0011006075656041503
93,遅れている,acknowledge,colleague,非常に,よく遅れるからと大輔が避けていたバス路線を、同僚が最近はダイヤが見直されたと勧めます。大輔は半信半疑で乗りました。しかし、同僚の言った通りにスムーズに着きました。教えてもらったことについて感謝します。「バス、非常に遅れてないですね。教えてくれてありがとうございます。」,-11.56949234008789,0.001623406307771802
93,遅れている,acknowledge,colleague,微妙に,よく遅れるからと大輔が避けていたバス路線を、同僚が最近はダイヤが見直されたと勧めます。大輔は半信半疑で乗りました。しかし、同僚の言った通りにスムーズに着きました。教えてもらったことについて感謝します。「バス、微妙に遅れてないですね。教えてくれてありがとうございます。」,-11.641239583492279,0.0015110122039914131
93,遅れている,acknowledge,colleague,普通に,よく遅れるからと大輔が避けていたバス路線を、同僚が最近はダイヤが見直されたと勧めます。大輔は半信半疑で乗りました。しかし、同僚の言った通りにスムーズに着きました。教えてもらったことについて感謝します。「バス、普通に遅れてないですね。教えてくれてありがとうございます。」,-12.082138061523438,0.0009722725371830165
93,遅れている,acknowledge,colleague,本当に,よく遅れるからと大輔が避けていたバス路線を、同僚が最近はダイヤが見直されたと勧めます。大輔は半信半疑で乗りました。しかし、同僚の言った通りにスムーズに着きました。教えてもらったことについて感謝します。「バス、本当に遅れてないですね。教えてくれてありがとうございます。」,-8.510753631591797,0.034579649567604065
93,遅れている,acknowledge,colleague,全く,よく遅れるからと大輔が避けていたバス路線を、同僚が最近はダイヤが見直されたと勧めます。大輔は半信半疑で乗りました。しかし、同僚の言った通りにスムーズに着きました。教えてもらったことについて感謝します。「バス、全く遅れてないですね。教えてくれてありがとうございます。」,-8.98929214477539,0.021428607404232025
94,遅れている,neutral-positive,colleague,あまり,同じ路線のバスを通勤に使おうかと迷っている同僚に、大輔は今朝のバスがどれくらい遅れていたか聞かれ、答えます。「バス、あまり遅れていませんでした。」,-6.878910064697266,0.13532781600952148
94,遅れている,neutral-positive,colleague,いまいち,同じ路線のバスを通勤に使おうかと迷っている同僚に、大輔は今朝のバスがどれくらい遅れていたか聞かれ、答えます。「バス、いまいち遅れていませんでした。」,-11.1005699634552,0.0019858370069414377
94,遅れている,neutral-positive,colleague,かなり,同じ路線のバスを通勤に使おうかと迷っている同僚に、大輔は今朝のバスがどれくらい遅れていたか聞かれ、答えます。「バス、かなり遅れていませんでした。」,-9.706794738769531,0.008002991788089275
94,遅れている,neutral-positive,colleague,すごく,同じ路線のバスを通勤に使おうかと迷っている同僚に、大輔は今朝のバスがどれくらい遅れていたか聞かれ、答えます。「バス、すごく遅れていませんでした。」,-11.166389465332031,0.0018593384884297848
94,遅れている,neutral-positive,colleague,そこまで,同じ路線のバスを通勤に使おうかと迷っている同僚に、大輔は今朝のバスがどれくらい遅れていたか聞かれ、答えます。「バス、そこまで遅れていませんでした。」,-10.685646057128906,0.003007063874974847
94,遅れている,neutral-positive,colleague,それほど,同じ路線のバスを通勤に使おうかと迷っている同僚に、大輔は今朝のバスがどれくらい遅れていたか聞かれ、答えます。「バス、それほど遅れていませんでした。」,-8.798080444335938,0.019856465980410576
94,遅れている,neutral-positive,colleague,そんなに,同じ路線のバスを通勤に使おうかと迷っている同僚に、大輔は今朝のバスがどれくらい遅れていたか聞かれ、答えます。「バス、そんなに遅れていませんでした。」,-7.2540283203125,0.09299835562705994
94,遅れている,neutral-positive,colleague,たいして,同じ路線のバスを通勤に使おうかと迷っている同僚に、大輔は今朝のバスがどれくらい遅れていたか聞かれ、答えます。「バス、たいして遅れていませんでした。」,-14.655062198638916,5.678679372067563e-05
94,遅れている,neutral-positive,colleague,だいぶ,同じ路線のバスを通勤に使おうかと迷っている同僚に、大輔は今朝のバスがどれくらい遅れていたか聞かれ、答えます。「バス、だいぶ遅れていませんでした。」,-10.804481706116349,0.002670133952051401
94,遅れている,neutral-positive,colleague,ちっとも,同じ路線のバスを通勤に使おうかと迷っている同僚に、大輔は今朝のバスがどれくらい遅れていたか聞かれ、答えます。「バス、ちっとも遅れていませんでした。」,-13.263361155986786,0.00022837852884549648
94,遅れている,neutral-positive,colleague,ちょっと,同じ路線のバスを通勤に使おうかと迷っている同僚に、大輔は今朝のバスがどれくらい遅れていたか聞かれ、答えます。「バス、ちょっと遅れていませんでした。」,-8.467704772949219,0.027630090713500977
94,遅れている,neutral-positive,colleague,とても,同じ路線のバスを通勤に使おうかと迷っている同僚に、大輔は今朝のバスがどれくらい遅れていたか聞かれ、答えます。「バス、とても遅れていませんでした。」,-8.700851440429688,0.021884065121412277
94,遅れている,neutral-positive,colleague,なかなか,同じ路線のバスを通勤に使おうかと迷っている同僚に、大輔は今朝のバスがどれくらい遅れていたか聞かれ、答えます。「バス、なかなか遅れていませんでした。」,-9.084819793701172,0.01490639615803957
94,遅れている,neutral-positive,colleague,（なし）,同じ路線のバスを通勤に使おうかと迷っている同僚に、大輔は今朝のバスがどれくらい遅れていたか聞かれ、答えます。「バス、（なし）遅れていませんでした。」,-27.65297269821167,1.286252077070671e-10
94,遅れている,neutral-positive,colleague,ひどく,同じ路線のバスを通勤に使おうかと迷っている同僚に、大輔は今朝のバスがどれくらい遅れていたか聞かれ、答えます。「バス、ひどく遅れていませんでした。」,-13.149523228406906,0.00025591428857296705
94,遅れている,neutral-positive,colleague,まあまあ,同じ路線のバスを通勤に使おうかと迷っている同僚に、大輔は今朝のバスがどれくらい遅れていたか聞かれ、答えます。「バス、まあまあ遅れていませんでした。」,-13.631642818450928,0.0001580200914759189
94,遅れている,neutral-positive,colleague,マジで,同じ路線のバスを通勤に使おうかと迷っている同僚に、大輔は今朝のバスがどれくらい遅れていたか聞かれ、答えます。「バス、マジで遅れていませんでした。」,-12.260968148708344,0.0006222844240255654
94,遅れている,neutral-positive,colleague,めっちゃ,同じ路線のバスを通勤に使おうかと迷っている同僚に、大輔は今朝のバスがどれくらい遅れていたか聞かれ、答えます。「バス、めっちゃ遅れていませんでした。」,-14.160964220762253,9.307461004937068e-05
94,遅れている,neutral-positive,colleague,やや,同じ路線のバスを通勤に使おうかと迷っている同僚に、大輔は今朝のバスがどれくらい遅れていたか聞かれ、答えます。「バス、やや遅れていませんでした。」,-12.84162187576294,0.00034818853600881994
94,遅れている,neutral-positive,colleague,結構,同じ路線のバスを通勤に使おうかと迷っている同僚に、大輔は今朝のバスがどれくらい遅れていたか聞かれ、答えます。「バス、結構遅れていませんでした。」,-11.676448822021484,0.0011164582101628184
94,遅れている,neutral-positive,colleague,若干,同じ路線のバスを通勤に使おうかと迷っている同僚に、大輔は今朝のバスがどれくらい遅れていたか聞かれ、答えます。「バス、若干遅れていませんでした。」,-11.828800201416016,0.0009586876258254051
94,遅れている,neutral-positive,colleague,少し,同じ路線のバスを通勤に使おうかと迷っている同僚に、大輔は今朝のバスがどれくらい遅れていたか聞かれ、答えます。「バス、少し遅れていませんでした。」,-9.788291931152344,0.007376639638096094
94,遅れている,neutral-positive,colleague,少しも,同じ路線のバスを通勤に使おうかと迷っている同僚に、大輔は今朝のバスがどれくらい遅れていたか聞かれ、答えます。「バス、少しも遅れていませんでした。」,-11.520015001296997,0.0013055121526122093
94,遅れている,neutral-positive,colleague,全然,同じ路線のバスを通勤に使おうかと迷っている同僚に、大輔は今朝のバスがどれくらい遅れていたか聞かれ、答えます。「バス、全然遅れていませんでした。」,-5.783840179443359,0.4045478403568268
94,遅れている,neutral-positive,colleague,相当,同じ路線のバスを通勤に使おうかと迷っている同僚に、大輔は今朝のバスがどれくらい遅れていたか聞かれ、答えます。「バス、相当遅れていませんでした。」,-11.584548950195312,0.0012239229399710894
94,遅れている,neutral-positive,colleague,超,同じ路線のバスを通勤に使おうかと迷っている同僚に、大輔は今朝のバスがどれくらい遅れていたか聞かれ、答えます。「バス、超遅れていませんでした。」,-12.515724182128906,0.00048233612324111164
94,遅れている,neutral-positive,colleague,非常に,同じ路線のバスを通勤に使おうかと迷っている同僚に、大輔は今朝のバスがどれくらい遅れていたか聞かれ、答えます。「バス、非常に遅れていませんでした。」,-11.114402770996094,0.0019585557747632265
94,遅れている,neutral-positive,colleague,微妙に,同じ路線のバスを通勤に使おうかと迷っている同僚に、大輔は今朝のバスがどれくらい遅れていたか聞かれ、答えます。「バス、微妙に遅れていませんでした。」,-11.354717493057251,0.0015401701675727963
94,遅れている,neutral-positive,colleague,普通に,同じ路線のバスを通勤に使おうかと迷っている同僚に、大輔は今朝のバスがどれくらい遅れていたか聞かれ、答えます。「バス、普通に遅れていませんでした。」,-11.48785400390625,0.0013481809291988611
94,遅れている,neutral-positive,colleague,本当に,同じ路線のバスを通勤に使おうかと迷っている同僚に、大輔は今朝のバスがどれくらい遅れていたか聞かれ、答えます。「バス、本当に遅れていませんでした。」,-7.750766754150391,0.05659063160419464
94,遅れている,neutral-positive,colleague,全く,同じ路線のバスを通勤に使おうかと迷っている同僚に、大輔は今朝のバスがどれくらい遅れていたか聞かれ、答えます。「バス、全く遅れていませんでした。」,-6.541378021240234,0.18965984880924225
95,遅れている,neutral-negative,colleague,あまり,同じ路線のバスを通勤に使おうかと迷っている同僚に、大輔は今朝のバスがどれくらい遅れていたか聞かれ、答えます。「バス、あまり遅れていました。」,-8.445305347442627,0.006675638258457184
95,遅れている,neutral-negative,colleague,いまいち,同じ路線のバスを通勤に使おうかと迷っている同僚に、大輔は今朝のバスがどれくらい遅れていたか聞かれ、答えます。「バス、いまいち遅れていました。」,-13.274664402008057,5.33492820977699e-05
95,遅れている,neutral-negative,colleague,かなり,同じ路線のバスを通勤に使おうかと迷っている同僚に、大輔は今朝のバスがどれくらい遅れていたか聞かれ、答えます。「バス、かなり遅れていました。」,-4.4609187841415405,0.3588307201862335
95,遅れている,neutral-negative,colleague,すごく,同じ路線のバスを通勤に使おうかと迷っている同僚に、大輔は今朝のバスがどれくらい遅れていたか聞かれ、答えます。「バス、すごく遅れていました。」,-6.317375659942627,0.05605839565396309
95,遅れている,neutral-negative,colleague,そこまで,同じ路線のバスを通勤に使おうかと迷っている同僚に、大輔は今朝のバスがどれくらい遅れていたか聞かれ、答えます。「バス、そこまで遅れていました。」,-11.279270648956299,0.00039238942554220557
95,遅れている,neutral-negative,colleague,それほど,同じ路線のバスを通勤に使おうかと迷っている同僚に、大輔は今朝のバスがどれくらい遅れていたか聞かれ、答えます。「バス、それほど遅れていました。」,-9.862553119659424,0.0016180422389879823
95,遅れている,neutral-negative,colleague,そんなに,同じ路線のバスを通勤に使おうかと迷っている同僚に、大輔は今朝のバスがどれくらい遅れていたか聞かれ、答えます。「バス、そんなに遅れていました。」,-8.90006685256958,0.00423635495826602
95,遅れている,neutral-negative,colleague,たいして,同じ路線のバスを通勤に使おうかと迷っている同僚に、大輔は今朝のバスがどれくらい遅れていたか聞かれ、答えます。「バス、たいして遅れていました。」,-13.91151475906372,2.821941234287806e-05
95,遅れている,neutral-negative,colleague,だいぶ,同じ路線のバスを通勤に使おうかと迷っている同僚に、大輔は今朝のバスがどれくらい遅れていたか聞かれ、答えます。「バス、だいぶ遅れていました。」,-9.420159728382714,0.00251836609095335
95,遅れている,neutral-negative,colleague,ちっとも,同じ路線のバスを通勤に使おうかと迷っている同僚に、大輔は今朝のバスがどれくらい遅れていたか聞かれ、答えます。「バス、ちっとも遅れていました。」,-13.992700099945068,2.6018919015768915e-05
95,遅れている,neutral-negative,colleague,ちょっと,同じ路線のバスを通勤に使おうかと迷っている同僚に、大輔は今朝のバスがどれくらい遅れていたか聞かれ、答えます。「バス、ちょっと遅れていました。」,-5.218143939971924,0.16827939450740814
95,遅れている,neutral-negative,colleague,とても,同じ路線のバスを通勤に使おうかと迷っている同僚に、大輔は今朝のバスがどれくらい遅れていたか聞かれ、答えます。「バス、とても遅れていました。」,-6.481430530548096,0.04757650941610336
95,遅れている,neutral-negative,colleague,なかなか,同じ路線のバスを通勤に使おうかと迷っている同僚に、大輔は今朝のバスがどれくらい遅れていたか聞かれ、答えます。「バス、なかなか遅れていました。」,-9.043415546417236,0.0036705981474369764
95,遅れている,neutral-negative,colleague,（なし）,同じ路線のバスを通勤に使おうかと迷っている同僚に、大輔は今朝のバスがどれくらい遅れていたか聞かれ、答えます。「バス、（なし）遅れていました。」,-24.604176998138428,6.40889785685772e-10
95,遅れている,neutral-negative,colleague,ひどく,同じ路線のバスを通勤に使おうかと迷っている同僚に、大輔は今朝のバスがどれくらい遅れていたか聞かれ、答えます。「バス、ひどく遅れていました。」,-11.358704298734665,0.00036242601345293224
95,遅れている,neutral-negative,colleague,まあまあ,同じ路線のバスを通勤に使おうかと迷っている同僚に、大輔は今朝のバスがどれくらい遅れていたか聞かれ、答えます。「バス、まあまあ遅れていました。」,-12.017696619033813,0.00018750931485556066
95,遅れている,neutral-negative,colleague,マジで,同じ路線のバスを通勤に使おうかと迷っている同僚に、大輔は今朝のバスがどれくらい遅れていたか聞かれ、答えます。「バス、マジで遅れていました。」,-11.013433814048767,0.0005118806147947907
95,遅れている,neutral-negative,colleague,めっちゃ,同じ路線のバスを通勤に使おうかと迷っている同僚に、大輔は今朝のバスがどれくらい遅れていたか聞かれ、答えます。「バス、めっちゃ遅れていました。」,-12.33037157356739,0.00013716067769564688
95,遅れている,neutral-negative,colleague,やや,同じ路線のバスを通勤に使おうかと迷っている同僚に、大輔は今朝のバスがどれくらい遅れていたか聞かれ、答えます。「バス、やや遅れていました。」,-10.783081412315369,0.000644480052869767
95,遅れている,neutral-negative,colleague,結構,同じ路線のバスを通勤に使おうかと迷っている同僚に、大輔は今朝のバスがどれくらい遅れていたか聞かれ、答えます。「バス、結構遅れていました。」,-6.630672931671143,0.040980514138936996
95,遅れている,neutral-negative,colleague,若干,同じ路線のバスを通勤に使おうかと迷っている同僚に、大輔は今朝のバスがどれくらい遅れていたか聞かれ、答えます。「バス、若干遅れていました。」,-8.23722505569458,0.008219793438911438
95,遅れている,neutral-negative,colleague,少し,同じ路線のバスを通勤に使おうかと迷っている同僚に、大輔は今朝のバスがどれくらい遅れていたか聞かれ、答えます。「バス、少し遅れていました。」,-6.123367786407471,0.06806083023548126
95,遅れている,neutral-negative,colleague,少しも,同じ路線のバスを通勤に使おうかと迷っている同僚に、大輔は今朝のバスがどれくらい遅れていたか聞かれ、答えます。「バス、少しも遅れていました。」,-11.115780115127563,0.00046208323328755796
95,遅れている,neutral-negative,colleague,全然,同じ路線のバスを通勤に使おうかと迷っている同僚に、大輔は今朝のバスがどれくらい遅れていたか聞かれ、答えます。「バス、全然遅れていました。」,-7.064964771270752,0.026544030755758286
95,遅れている,neutral-negative,colleague,相当,同じ路線のバスを通勤に使おうかと迷っている同僚に、大輔は今朝のバスがどれくらい遅れていたか聞かれ、答えます。「バス、相当遅れていました。」,-7.268642902374268,0.021652625873684883
95,遅れている,neutral-negative,colleague,超,同じ路線のバスを通勤に使おうかと迷っている同僚に、大輔は今朝のバスがどれくらい遅れていたか聞かれ、答えます。「バス、超遅れていました。」,-8.715954303741455,0.005092739127576351
95,遅れている,neutral-negative,colleague,非常に,同じ路線のバスを通勤に使おうかと迷っている同僚に、大輔は今朝のバスがどれくらい遅れていたか聞かれ、答えます。「バス、非常に遅れていました。」,-7.343857288360596,0.020083775743842125
95,遅れている,neutral-negative,colleague,微妙に,同じ路線のバスを通勤に使おうかと迷っている同僚に、大輔は今朝のバスがどれくらい遅れていたか聞かれ、答えます。「バス、微妙に遅れていました。」,-9.249311245977879,0.0029875636100769043
95,遅れている,neutral-negative,colleague,普通に,同じ路線のバスを通勤に使おうかと迷っている同僚に、大輔は今朝のバスがどれくらい遅れていたか聞かれ、答えます。「バス、普通に遅れていました。」,-8.147400379180908,0.008992309682071209
95,遅れている,neutral-negative,colleague,本当に,同じ路線のバスを通勤に使おうかと迷っている同僚に、大輔は今朝のバスがどれくらい遅れていたか聞かれ、答えます。「バス、本当に遅れていました。」,-5.454197406768799,0.13289670646190643
95,遅れている,neutral-negative,colleague,全く,同じ路線のバスを通勤に使おうかと迷っている同僚に、大輔は今朝のバスがどれくらい遅れていたか聞かれ、答えます。「バス、全く遅れていました。」,-7.840733051300049,0.012219543568789959
96,遅れている,annoyed,colleague,あまり,大輔は、一緒に担当している急ぎの仕事で、同僚に任せた作業が数日遅れています。まだ一向に手をつけていないにも関わらず、暇そうにしている様子に苛立った大輔は言います。「お願いした仕事、あまり遅いんですけど、今日中に出してもらえますか？」,-10.04967451095581,0.0149847948923707
96,遅れている,annoyed,colleague,いまいち,大輔は、一緒に担当している急ぎの仕事で、同僚に任せた作業が数日遅れています。まだ一向に手をつけていないにも関わらず、暇そうにしている様子に苛立った大輔は言います。「お願いした仕事、いまいち遅いんですけど、今日中に出してもらえますか？」,-14.012469291687012,0.00028485976508818567
96,遅れている,annoyed,colleague,かなり,大輔は、一緒に担当している急ぎの仕事で、同僚に任せた作業が数日遅れています。まだ一向に手をつけていないにも関わらず、暇そうにしている様子に苛立った大輔は言います。「お願いした仕事、かなり遅いんですけど、今日中に出してもらえますか？」,-8.418296337127686,0.07658599317073822
96,遅れている,annoyed,colleague,すごく,大輔は、一緒に担当している急ぎの仕事で、同僚に任せた作業が数日遅れています。まだ一向に手をつけていないにも関わらず、暇そうにしている様子に苛立った大輔は言います。「お願いした仕事、すごく遅いんですけど、今日中に出してもらえますか？」,-9.482470989227295,0.026423124596476555
96,遅れている,annoyed,colleague,そこまで,大輔は、一緒に担当している急ぎの仕事で、同僚に任せた作業が数日遅れています。まだ一向に手をつけていないにも関わらず、暇そうにしている様子に苛立った大輔は言います。「お願いした仕事、そこまで遅いんですけど、今日中に出してもらえますか？」,-13.37625503540039,0.000538189779035747
96,遅れている,annoyed,colleague,それほど,大輔は、一緒に担当している急ぎの仕事で、同僚に任せた作業が数日遅れています。まだ一向に手をつけていないにも関わらず、暇そうにしている様子に苛立った大輔は言います。「お願いした仕事、それほど遅いんですけど、今日中に出してもらえますか？」,-13.943092346191406,0.00030532412347383797
96,遅れている,annoyed,colleague,そんなに,大輔は、一緒に担当している急ぎの仕事で、同僚に任せた作業が数日遅れています。まだ一向に手をつけていないにも関わらず、暇そうにしている様子に苛立った大輔は言います。「お願いした仕事、そんなに遅いんですけど、今日中に出してもらえますか？」,-10.698367595672607,0.007832979783415794
96,遅れている,annoyed,colleague,たいして,大輔は、一緒に担当している急ぎの仕事で、同僚に任せた作業が数日遅れています。まだ一向に手をつけていないにも関わらず、暇そうにしている様子に苛立った大輔は言います。「お願いした仕事、たいして遅いんですけど、今日中に出してもらえますか？」,-16.789723992347717,1.7720858522807248e-05
96,遅れている,annoyed,colleague,だいぶ,大輔は、一緒に担当している急ぎの仕事で、同僚に任せた作業が数日遅れています。まだ一向に手をつけていないにも関わらず、暇そうにしている様子に苛立った大輔は言います。「お願いした仕事、だいぶ遅いんですけど、今日中に出してもらえますか？」,-13.494781838729978,0.0004780353920068592
96,遅れている,annoyed,colleague,ちっとも,大輔は、一緒に担当している急ぎの仕事で、同僚に任せた作業が数日遅れています。まだ一向に手をつけていないにも関わらず、暇そうにしている様子に苛立った大輔は言います。「お願いした仕事、ちっとも遅いんですけど、今日中に出してもらえますか？」,-18.448354721069336,3.3740441267582355e-06
96,遅れている,annoyed,colleague,ちょっと,大輔は、一緒に担当している急ぎの仕事で、同僚に任せた作業が数日遅れています。まだ一向に手をつけていないにも関わらず、暇そうにしている様子に苛立った大輔は言います。「お願いした仕事、ちょっと遅いんですけど、今日中に出してもらえますか？」,-6.4840312004089355,0.5298954844474792
96,遅れている,annoyed,colleague,とても,大輔は、一緒に担当している急ぎの仕事で、同僚に任せた作業が数日遅れています。まだ一向に手をつけていないにも関わらず、暇そうにしている様子に苛立った大輔は言います。「お願いした仕事、とても遅いんですけど、今日中に出してもらえますか？」,-8.267364025115967,0.08906321972608566
96,遅れている,annoyed,colleague,なかなか,大輔は、一緒に担当している急ぎの仕事で、同僚に任せた作業が数日遅れています。まだ一向に手をつけていないにも関わらず、暇そうにしている様子に苛立った大輔は言います。「お願いした仕事、なかなか遅いんですけど、今日中に出してもらえますか？」,-10.215903759002686,0.012689905241131783
96,遅れている,annoyed,colleague,（なし）,大輔は、一緒に担当している急ぎの仕事で、同僚に任せた作業が数日遅れています。まだ一向に手をつけていないにも関わらず、暇そうにしている様子に苛立った大輔は言います。「お願いした仕事、（なし）遅いんですけど、今日中に出してもらえますか？」,-32.230706214904785,3.4878031452550973e-12
96,遅れている,annoyed,colleague,ひどく,大輔は、一緒に担当している急ぎの仕事で、同僚に任せた作業が数日遅れています。まだ一向に手をつけていないにも関わらず、暇そうにしている様子に苛立った大輔は言います。「お願いした仕事、ひどく遅いんですけど、今日中に出してもらえますか？」,-16.096594214439392,3.544112405506894e-05
96,遅れている,annoyed,colleague,まあまあ,大輔は、一緒に担当している急ぎの仕事で、同僚に任せた作業が数日遅れています。まだ一向に手をつけていないにも関わらず、暇そうにしている様子に苛立った大輔は言います。「お願いした仕事、まあまあ遅いんですけど、今日中に出してもらえますか？」,-14.098800659179688,0.0002612990792840719
96,遅れている,annoyed,colleague,マジで,大輔は、一緒に担当している急ぎの仕事で、同僚に任せた作業が数日遅れています。まだ一向に手をつけていないにも関わらず、暇そうにしている様子に苛立った大輔は言います。「お願いした仕事、マジで遅いんですけど、今日中に出してもらえますか？」,-16.009716659784317,3.8657883123960346e-05
96,遅れている,annoyed,colleague,めっちゃ,大輔は、一緒に担当している急ぎの仕事で、同僚に任せた作業が数日遅れています。まだ一向に手をつけていないにも関わらず、暇そうにしている様子に苛立った大輔は言います。「お願いした仕事、めっちゃ遅いんですけど、今日中に出してもらえますか？」,-13.693328015506268,0.00039195158751681447
96,遅れている,annoyed,colleague,やや,大輔は、一緒に担当している急ぎの仕事で、同僚に任せた作業が数日遅れています。まだ一向に手をつけていないにも関わらず、暇そうにしている様子に苛立った大輔は言います。「お願いした仕事、やや遅いんですけど、今日中に出してもらえますか？」,-19.61664628982544,1.048982767315465e-06
96,遅れている,annoyed,colleague,結構,大輔は、一緒に担当している急ぎの仕事で、同僚に任せた作業が数日遅れています。まだ一向に手をつけていないにも関わらず、暇そうにしている様子に苛立った大輔は言います。「お願いした仕事、結構遅いんですけど、今日中に出してもらえますか？」,-10.268950939178467,0.012034283019602299
96,遅れている,annoyed,colleague,若干,大輔は、一緒に担当している急ぎの仕事で、同僚に任せた作業が数日遅れています。まだ一向に手をつけていないにも関わらず、暇そうにしている様子に苛立った大輔は言います。「お願いした仕事、若干遅いんですけど、今日中に出してもらえますか？」,-10.79747724533081,0.007093885447829962
96,遅れている,annoyed,colleague,少し,大輔は、一緒に担当している急ぎの仕事で、同僚に任せた作業が数日遅れています。まだ一向に手をつけていないにも関わらず、暇そうにしている様子に苛立った大輔は言います。「お願いした仕事、少し遅いんですけど、今日中に出してもらえますか？」,-7.7401652336120605,0.15088920295238495
96,遅れている,annoyed,colleague,少しも,大輔は、一緒に担当している急ぎの仕事で、同僚に任せた作業が数日遅れています。まだ一向に手をつけていないにも関わらず、暇そうにしている様子に苛立った大輔は言います。「お願いした仕事、少しも遅いんですけど、今日中に出してもらえますか？」,-12.56152081489563,0.0012155423173680902
96,遅れている,annoyed,colleague,全然,大輔は、一緒に担当している急ぎの仕事で、同僚に任せた作業が数日遅れています。まだ一向に手をつけていないにも関わらず、暇そうにしている様子に苛立った大輔は言います。「お願いした仕事、全然遅いんですけど、今日中に出してもらえますか？」,-9.925506114959717,0.01696588285267353
96,遅れている,annoyed,colleague,相当,大輔は、一緒に担当している急ぎの仕事で、同僚に任せた作業が数日遅れています。まだ一向に手をつけていないにも関わらず、暇そうにしている様子に苛立った大輔は言います。「お願いした仕事、相当遅いんですけど、今日中に出してもらえますか？」,-11.787028789520264,0.0026371050626039505
96,遅れている,annoyed,colleague,超,大輔は、一緒に担当している急ぎの仕事で、同僚に任せた作業が数日遅れています。まだ一向に手をつけていないにも関わらず、暇そうにしている様子に苛立った大輔は言います。「お願いした仕事、超遅いんですけど、今日中に出してもらえますか？」,-11.167354106903076,0.004900593776255846
96,遅れている,annoyed,colleague,非常に,大輔は、一緒に担当している急ぎの仕事で、同僚に任せた作業が数日遅れています。まだ一向に手をつけていないにも関わらず、暇そうにしている様子に苛立った大輔は言います。「お願いした仕事、非常に遅いんですけど、今日中に出してもらえますか？」,-10.315894603729248,0.01148240640759468
96,遅れている,annoyed,colleague,微妙に,大輔は、一緒に担当している急ぎの仕事で、同僚に任せた作業が数日遅れています。まだ一向に手をつけていないにも関わらず、暇そうにしている様子に苛立った大輔は言います。「お願いした仕事、微妙に遅いんですけど、今日中に出してもらえますか？」,-12.584006488323212,0.0011885149870067835
96,遅れている,annoyed,colleague,普通に,大輔は、一緒に担当している急ぎの仕事で、同僚に任せた作業が数日遅れています。まだ一向に手をつけていないにも関わらず、暇そうにしている様子に苛立った大輔は言います。「お願いした仕事、普通に遅いんですけど、今日中に出してもらえますか？」,-13.3560791015625,0.0005491585470736027
96,遅れている,annoyed,colleague,本当に,大輔は、一緒に担当している急ぎの仕事で、同僚に任せた作業が数日遅れています。まだ一向に手をつけていないにも関わらず、暇そうにしている様子に苛立った大輔は言います。「お願いした仕事、本当に遅いんですけど、今日中に出してもらえますか？」,-9.382522106170654,0.02920057438313961
96,遅れている,annoyed,colleague,全く,大輔は、一緒に担当している急ぎの仕事で、同僚に任せた作業が数日遅れています。まだ一向に手をつけていないにも関わらず、暇そうにしている様子に苛立った大輔は言います。「お願いした仕事、全く遅いんですけど、今日中に出してもらえますか？」,-12.057849407196045,0.0020114604849368334
97,遅れている,encouraging,colleague,あまり,慣れない作業を任された同僚の進捗が、予定より押しています。それを申し訳ないと言ってきた同僚を、大輔が励まします。「作業、あまり遅くないですよ。ここからは私も入りますし、十分間に合います。」,-10.869109153747559,0.1406799554824829
97,遅れている,encouraging,colleague,いまいち,慣れない作業を任された同僚の進捗が、予定より押しています。それを申し訳ないと言ってきた同僚を、大輔が励まします。「作業、いまいち遅くないですよ。ここからは私も入りますし、十分間に合います。」,-14.641690254211426,0.0032346032094210386
97,遅れている,encouraging,colleague,かなり,慣れない作業を任された同僚の進捗が、予定より押しています。それを申し訳ないと言ってきた同僚を、大輔が励まします。「作業、かなり遅くないですよ。ここからは私も入りますし、十分間に合います。」,-12.6771879196167,0.023067129775881767
97,遅れている,encouraging,colleague,すごく,慣れない作業を任された同僚の進捗が、予定より押しています。それを申し訳ないと言ってきた同僚を、大輔が励まします。「作業、すごく遅くないですよ。ここからは私も入りますし、十分間に合います。」,-13.314753532409668,0.012192768976092339
97,遅れている,encouraging,colleague,そこまで,慣れない作業を任された同僚の進捗が、予定より押しています。それを申し訳ないと言ってきた同僚を、大輔が励まします。「作業、そこまで遅くないですよ。ここからは私も入りますし、十分間に合います。」,-13.136561393737793,0.014571028761565685
97,遅れている,encouraging,colleague,それほど,慣れない作業を任された同僚の進捗が、予定より押しています。それを申し訳ないと言ってきた同僚を、大輔が励まします。「作業、それほど遅くないですよ。ここからは私も入りますし、十分間に合います。」,-13.458701133728027,0.010558121837675571
97,遅れている,encouraging,colleague,そんなに,慣れない作業を任された同僚の進捗が、予定より押しています。それを申し訳ないと言ってきた同僚を、大輔が励まします。「作業、そんなに遅くないですよ。ここからは私も入りますし、十分間に合います。」,-11.77857494354248,0.0566573441028595
97,遅れている,encouraging,colleague,たいして,慣れない作業を任された同僚の進捗が、予定より押しています。それを申し訳ないと言ってきた同僚を、大輔が励まします。「作業、たいして遅くないですよ。ここからは私も入りますし、十分間に合います。」,-17.219510078430176,0.0002456340298522264
97,遅れている,encouraging,colleague,だいぶ,慣れない作業を任された同僚の進捗が、予定より押しています。それを申し訳ないと言ってきた同僚を、大輔が励まします。「作業、だいぶ遅くないですよ。ここからは私も入りますし、十分間に合います。」,-14.697635333519429,0.0030586111824959517
97,遅れている,encouraging,colleague,ちっとも,慣れない作業を任された同僚の進捗が、予定より押しています。それを申し訳ないと言ってきた同僚を、大輔が励まします。「作業、ちっとも遅くないですよ。ここからは私も入りますし、十分間に合います。」,-19.154487013816833,3.547627784428187e-05
97,遅れている,encouraging,colleague,ちょっと,慣れない作業を任された同僚の進捗が、予定より押しています。それを申し訳ないと言ってきた同僚を、大輔が励まします。「作業、ちょっと遅くないですよ。ここからは私も入りますし、十分間に合います。」,-10.513190269470215,0.2008194625377655
97,遅れている,encouraging,colleague,とても,慣れない作業を任された同僚の進捗が、予定より押しています。それを申し訳ないと言ってきた同僚を、大輔が励まします。「作業、とても遅くないですよ。ここからは私も入りますし、十分間に合います。」,-11.340609550476074,0.08779346197843552
97,遅れている,encouraging,colleague,なかなか,慣れない作業を任された同僚の進捗が、予定より押しています。それを申し訳ないと言ってきた同僚を、大輔が励まします。「作業、なかなか遅くないですよ。ここからは私も入りますし、十分間に合います。」,-11.158648490905762,0.10531418025493622
97,遅れている,encouraging,colleague,（なし）,慣れない作業を任された同僚の進捗が、予定より押しています。それを申し訳ないと言ってきた同僚を、大輔が励まします。「作業、（なし）遅くないですよ。ここからは私も入りますし、十分間に合います。」,-31.981074333190918,9.537228645717377e-11
97,遅れている,encouraging,colleague,ひどく,慣れない作業を任された同僚の進捗が、予定より押しています。それを申し訳ないと言ってきた同僚を、大輔が励まします。「作業、ひどく遅くないですよ。ここからは私も入りますし、十分間に合います。」,-18.675334930419922,5.728374526370317e-05
97,遅れている,encouraging,colleague,まあまあ,慣れない作業を任された同僚の進捗が、予定より押しています。それを申し訳ないと言ってきた同僚を、大輔が励まします。「作業、まあまあ遅くないですよ。ここからは私も入りますし、十分間に合います。」,-13.480523586273193,0.010330208577215672
97,遅れている,encouraging,colleague,マジで,慣れない作業を任された同僚の進捗が、予定より押しています。それを申し訳ないと言ってきた同僚を、大輔が励まします。「作業、マジで遅くないですよ。ここからは私も入りますし、十分間に合います。」,-16.768976151943207,0.00038543620030395687
97,遅れている,encouraging,colleague,めっちゃ,慣れない作業を任された同僚の進捗が、予定より押しています。それを申し訳ないと言ってきた同僚を、大輔が励まします。「作業、めっちゃ遅くないですよ。ここからは私も入りますし、十分間に合います。」,-14.522830069065094,0.00364285078831017
97,遅れている,encouraging,colleague,やや,慣れない作業を任された同僚の進捗が、予定より押しています。それを申し訳ないと言ってきた同僚を、大輔が励まします。「作業、やや遅くないですよ。ここからは私も入りますし、十分間に合います。」,-22.970767498016357,7.808156965438684e-07
97,遅れている,encouraging,colleague,結構,慣れない作業を任された同僚の進捗が、予定より押しています。それを申し訳ないと言ってきた同僚を、大輔が励まします。「作業、結構遅くないですよ。ここからは私も入りますし、十分間に合います。」,-14.482683658599854,0.0037920752074569464
97,遅れている,encouraging,colleague,若干,慣れない作業を任された同僚の進捗が、予定より押しています。それを申し訳ないと言ってきた同僚を、大輔が励まします。「作業、若干遅くないですよ。ここからは私も入りますし、十分間に合います。」,-17.96251916885376,0.00011684324272209778
97,遅れている,encouraging,colleague,少し,慣れない作業を任された同僚の進捗が、予定より押しています。それを申し訳ないと言ってきた同僚を、大輔が励まします。「作業、少し遅くないですよ。ここからは私も入りますし、十分間に合います。」,-12.23972225189209,0.03572584688663483
97,遅れている,encouraging,colleague,少しも,慣れない作業を任された同僚の進捗が、予定より押しています。それを申し訳ないと言ってきた同僚を、大輔が励まします。「作業、少しも遅くないですよ。ここからは私も入りますし、十分間に合います。」,-14.153033018112183,0.005272809416055679
97,遅れている,encouraging,colleague,全然,慣れない作業を任された同僚の進捗が、予定より押しています。それを申し訳ないと言ってきた同僚を、大輔が励まします。「作業、全然遅くないですよ。ここからは私も入りますし、十分間に合います。」,-10.922839164733887,0.13332068920135498
97,遅れている,encouraging,colleague,相当,慣れない作業を任された同僚の進捗が、予定より押しています。それを申し訳ないと言ってきた同僚を、大輔が励まします。「作業、相当遅くないですよ。ここからは私も入りますし、十分間に合います。」,-14.51330041885376,0.0036777332425117493
97,遅れている,encouraging,colleague,超,慣れない作業を任された同僚の進捗が、予定より押しています。それを申し訳ないと言ってきた同僚を、大輔が励まします。「作業、超遅くないですよ。ここからは私も入りますし、十分間に合います。」,-16.835764408111572,0.00036053461371921003
97,遅れている,encouraging,colleague,非常に,慣れない作業を任された同僚の進捗が、予定より押しています。それを申し訳ないと言ってきた同僚を、大輔が励まします。「作業、非常に遅くないですよ。ここからは私も入りますし、十分間に合います。」,-13.052908897399902,0.015842365100979805
97,遅れている,encouraging,colleague,微妙に,慣れない作業を任された同僚の進捗が、予定より押しています。それを申し訳ないと言ってきた同僚を、大輔が励まします。「作業、微妙に遅くないですよ。ここからは私も入りますし、十分間に合います。」,-15.677992463111877,0.0011475208448246121
97,遅れている,encouraging,colleague,普通に,慣れない作業を任された同僚の進捗が、予定より押しています。それを申し訳ないと言ってきた同僚を、大輔が励まします。「作業、普通に遅くないですよ。ここからは私も入りますし、十分間に合います。」,-15.790285587310791,0.0010256344685330987
97,遅れている,encouraging,colleague,本当に,慣れない作業を任された同僚の進捗が、予定より押しています。それを申し訳ないと言ってきた同僚を、大輔が励まします。「作業、本当に遅くないですよ。ここからは私も入りますし、十分間に合います。」,-11.04492473602295,0.11799849569797516
97,遅れている,encouraging,colleague,全く,慣れない作業を任された同僚の進捗が、予定より押しています。それを申し訳ないと言ってきた同僚を、大輔が励まします。「作業、全く遅くないですよ。ここからは私も入りますし、十分間に合います。」,-13.610060691833496,0.009075113572180271
98,遅れている,warning,boss,あまり,上司が視察の移動をバスで組んでいます。大輔は力になりたいと思い、遠慮がちに指摘します。「その時間帯のバス、あまり遅れやすいようですので、電車にされてはいかがでしょうか？」,-8.42335033416748,0.022588705644011497
98,遅れている,warning,boss,いまいち,上司が視察の移動をバスで組んでいます。大輔は力になりたいと思い、遠慮がちに指摘します。「その時間帯のバス、いまいち遅れやすいようですので、電車にされてはいかがでしょうか？」,-12.569602251052856,0.00035743502667173743
98,遅れている,warning,boss,かなり,上司が視察の移動をバスで組んでいます。大輔は力になりたいと思い、遠慮がちに指摘します。「その時間帯のバス、かなり遅れやすいようですので、電車にされてはいかがでしょうか？」,-5.9042041301727295,0.2805062532424927
98,遅れている,warning,boss,すごく,上司が視察の移動をバスで組んでいます。大輔は力になりたいと思い、遠慮がちに指摘します。「その時間帯のバス、すごく遅れやすいようですので、電車にされてはいかがでしょうか？」,-8.77521800994873,0.015888290479779243
98,遅れている,warning,boss,そこまで,上司が視察の移動をバスで組んでいます。大輔は力になりたいと思い、遠慮がちに指摘します。「その時間帯のバス、そこまで遅れやすいようですので、電車にされてはいかがでしょうか？」,-13.108084678649902,0.0002086109307128936
98,遅れている,warning,boss,それほど,上司が視察の移動をバスで組んでいます。大輔は力になりたいと思い、遠慮がちに指摘します。「その時間帯のバス、それほど遅れやすいようですので、電車にされてはいかがでしょうか？」,-11.636813163757324,0.0009084524353966117
98,遅れている,warning,boss,そんなに,上司が視察の移動をバスで組んでいます。大輔は力になりたいと思い、遠慮がちに指摘します。「その時間帯のバス、そんなに遅れやすいようですので、電車にされてはいかがでしょうか？」,-11.726618766784668,0.0008304243674501777
98,遅れている,warning,boss,たいして,上司が視察の移動をバスで組んでいます。大輔は力になりたいと思い、遠慮がちに指摘します。「その時間帯のバス、たいして遅れやすいようですので、電車にされてはいかがでしょうか？」,-15.822956800460815,1.3812839824822731e-05
98,遅れている,warning,boss,だいぶ,上司が視察の移動をバスで組んでいます。大輔は力になりたいと思い、遠慮がちに指摘します。「その時間帯のバス、だいぶ遅れやすいようですので、電車にされてはいかがでしょうか？」,-13.559287880314514,0.0001328562357230112
98,遅れている,warning,boss,ちっとも,上司が視察の移動をバスで組んでいます。大輔は力になりたいと思い、遠慮がちに指摘します。「その時間帯のバス、ちっとも遅れやすいようですので、電車にされてはいかがでしょうか？」,-16.92078971862793,4.607871233019978e-06
98,遅れている,warning,boss,ちょっと,上司が視察の移動をバスで組んでいます。大輔は力になりたいと思い、遠慮がちに指摘します。「その時間帯のバス、ちょっと遅れやすいようですので、電車にされてはいかがでしょうか？」,-6.192858457565308,0.21017524600028992
98,遅れている,warning,boss,とても,上司が視察の移動をバスで組んでいます。大輔は力になりたいと思い、遠慮がちに指摘します。「その時間帯のバス、とても遅れやすいようですので、電車にされてはいかがでしょうか？」,-7.272700071334839,0.07138588279485703
98,遅れている,warning,boss,なかなか,上司が視察の移動をバスで組んでいます。大輔は力になりたいと思い、遠慮がちに指摘します。「その時間帯のバス、なかなか遅れやすいようですので、電車にされてはいかがでしょうか？」,-8.894389152526855,0.01410333439707756
98,遅れている,warning,boss,（なし）,上司が視察の移動をバスで組んでいます。大輔は力になりたいと思い、遠慮がちに指摘します。「その時間帯のバス、（なし）遅れやすいようですので、電車にされてはいかがでしょうか？」,-28.80586576461792,3.17597857735219e-11
98,遅れている,warning,boss,ひどく,上司が視察の移動をバスで組んでいます。大輔は力になりたいと思い、遠慮がちに指摘します。「その時間帯のバス、ひどく遅れやすいようですので、電車にされてはいかがでしょうか？」,-15.423938915133476,2.0586117898346856e-05
98,遅れている,warning,boss,まあまあ,上司が視察の移動をバスで組んでいます。大輔は力になりたいと思い、遠慮がちに指摘します。「その時間帯のバス、まあまあ遅れやすいようですので、電車にされてはいかがでしょうか？」,-14.011003971099854,8.456767682218924e-05
98,遅れている,warning,boss,マジで,上司が視察の移動をバスで組んでいます。大輔は力になりたいと思い、遠慮がちに指摘します。「その時間帯のバス、マジで遅れやすいようですので、電車にされてはいかがでしょうか？」,-14.688212484121323,4.296316910767928e-05
98,遅れている,warning,boss,めっちゃ,上司が視察の移動をバスで組んでいます。大輔は力になりたいと思い、遠慮がちに指摘します。「その時間帯のバス、めっちゃ遅れやすいようですので、電車にされてはいかがでしょうか？」,-13.142490357160568,0.00020155559468548745
98,遅れている,warning,boss,やや,上司が視察の移動をバスで組んでいます。大輔は力になりたいと思い、遠慮がちに指摘します。「その時間帯のバス、やや遅れやすいようですので、電車にされてはいかがでしょうか？」,-11.300025522708893,0.0012722340179607272
98,遅れている,warning,boss,結構,上司が視察の移動をバスで組んでいます。大輔は力になりたいと思い、遠慮がちに指摘します。「その時間帯のバス、結構遅れやすいようですので、電車にされてはいかがでしょうか？」,-7.249556303024292,0.07305728644132614
98,遅れている,warning,boss,若干,上司が視察の移動をバスで組んでいます。大輔は力になりたいと思い、遠慮がちに指摘します。「その時間帯のバス、若干遅れやすいようですので、電車にされてはいかがでしょうか？」,-8.408556938171387,0.022925354540348053
98,遅れている,warning,boss,少し,上司が視察の移動をバスで組んでいます。大輔は力になりたいと思い、遠慮がちに指摘します。「その時間帯のバス、少し遅れやすいようですので、電車にされてはいかがでしょうか？」,-6.537264585494995,0.14893880486488342
98,遅れている,warning,boss,少しも,上司が視察の移動をバスで組んでいます。大輔は力になりたいと思い、遠慮がちに指摘します。「その時間帯のバス、少しも遅れやすいようですので、電車にされてはいかがでしょうか？」,-12.957391023635864,0.00024253956507891417
98,遅れている,warning,boss,全然,上司が視察の移動をバスで組んでいます。大輔は力になりたいと思い、遠慮がちに指摘します。「その時間帯のバス、全然遅れやすいようですので、電車にされてはいかがでしょうか？」,-11.363261222839355,0.0011942748678848147
98,遅れている,warning,boss,相当,上司が視察の移動をバスで組んでいます。大輔は力になりたいと思い、遠慮がちに指摘します。「その時間帯のバス、相当遅れやすいようですので、電車にされてはいかがでしょうか？」,-8.830168724060059,0.01503877155482769
98,遅れている,warning,boss,超,上司が視察の移動をバスで組んでいます。大輔は力になりたいと思い、遠慮がちに指摘します。「その時間帯のバス、超遅れやすいようですので、電車にされてはいかがでしょうか？」,-12.179381370544434,0.0005280412151478231
98,遅れている,warning,boss,非常に,上司が視察の移動をバスで組んでいます。大輔は力になりたいと思い、遠慮がちに指摘します。「その時間帯のバス、非常に遅れやすいようですので、電車にされてはいかがでしょうか？」,-6.874705076217651,0.10628191381692886
98,遅れている,warning,boss,微妙に,上司が視察の移動をバスで組んでいます。大輔は力になりたいと思い、遠慮がちに指摘します。「その時間帯のバス、微妙に遅れやすいようですので、電車にされてはいかがでしょうか？」,-12.826521767303348,0.00027645102818496525
98,遅れている,warning,boss,普通に,上司が視察の移動をバスで組んでいます。大輔は力になりたいと思い、遠慮がちに指摘します。「その時間帯のバス、普通に遅れやすいようですので、電車にされてはいかがでしょうか？」,-12.04614543914795,0.0006032973760738969
98,遅れている,warning,boss,本当に,上司が視察の移動をバスで組んでいます。大輔は力になりたいと思い、遠慮がちに指摘します。「その時間帯のバス、本当に遅れやすいようですので、電車にされてはいかがでしょうか？」,-9.071898460388184,0.011809471994638443
98,遅れている,warning,boss,全く,上司が視察の移動をバスで組んでいます。大輔は力になりたいと思い、遠慮がちに指摘します。「その時間帯のバス、全く遅れやすいようですので、電車にされてはいかがでしょうか？」,-12.513876914978027,0.0003779185644816607
99,遅れている,non-committal,boss,あまり,出張の移動手段について上司に意見を求められます。自分の意見を押し付けたくない大輔は、慎重に答えます。「バス、あまり遅れているようですが、乗り換えがなく楽です。」,-11.727796077728271,0.004061821848154068
99,遅れている,non-committal,boss,いまいち,出張の移動手段について上司に意見を求められます。自分の意見を押し付けたくない大輔は、慎重に答えます。「バス、いまいち遅れているようですが、乗り換えがなく楽です。」,-15.548789262771606,8.897842053556815e-05
99,遅れている,non-committal,boss,かなり,出張の移動手段について上司に意見を求められます。自分の意見を押し付けたくない大輔は、慎重に答えます。「バス、かなり遅れているようですが、乗り換えがなく楽です。」,-8.54395055770874,0.09804996103048325
99,遅れている,non-committal,boss,すごく,出張の移動手段について上司に意見を求められます。自分の意見を押し付けたくない大輔は、慎重に答えます。「バス、すごく遅れているようですが、乗り換えがなく楽です。」,-11.695203304290771,0.004196389112621546
99,遅れている,non-committal,boss,そこまで,出張の移動手段について上司に意見を求められます。自分の意見を押し付けたくない大輔は、慎重に答えます。「バス、そこまで遅れているようですが、乗り換えがなく楽です。」,-15.240926742553711,0.00012105648056603968
99,遅れている,non-committal,boss,それほど,出張の移動手段について上司に意見を求められます。自分の意見を押し付けたくない大輔は、慎重に答えます。「バス、それほど遅れているようですが、乗り換えがなく楽です。」,-14.353384017944336,0.0002940645790658891
99,遅れている,non-committal,boss,そんなに,出張の移動手段について上司に意見を求められます。自分の意見を押し付けたくない大輔は、慎重に答えます。「バス、そんなに遅れているようですが、乗り換えがなく楽です。」,-13.939516067504883,0.0004448189283721149
99,遅れている,non-committal,boss,たいして,出張の移動手段について上司に意見を求められます。自分の意見を押し付けたくない大輔は、慎重に答えます。「バス、たいして遅れているようですが、乗り換えがなく楽です。」,-19.332579016685486,2.023047954935464e-06
99,遅れている,non-committal,boss,だいぶ,出張の移動手段について上司に意見を求められます。自分の意見を押し付けたくない大輔は、慎重に答えます。「バス、だいぶ遅れているようですが、乗り換えがなく楽です。」,-14.007502722903155,0.00041558241355232894
99,遅れている,non-committal,boss,ちっとも,出張の移動手段について上司に意見を求められます。自分の意見を押し付けたくない大輔は、慎重に答えます。「バス、ちっとも遅れているようですが、乗り換えがなく楽です。」,-17.36618709564209,1.4454355550697073e-05
99,遅れている,non-committal,boss,ちょっと,出張の移動手段について上司に意見を求められます。自分の意見を押し付けたくない大輔は、慎重に答えます。「バス、ちょっと遅れているようですが、乗り換えがなく楽です。」,-7.1238112449646,0.4057011902332306
99,遅れている,non-committal,boss,とても,出張の移動手段について上司に意見を求められます。自分の意見を押し付けたくない大輔は、慎重に答えます。「バス、とても遅れているようですが、乗り換えがなく楽です。」,-11.330403804779053,0.006043745204806328
99,遅れている,non-committal,boss,なかなか,出張の移動手段について上司に意見を求められます。自分の意見を押し付けたくない大輔は、慎重に答えます。「バス、なかなか遅れているようですが、乗り換えがなく楽です。」,-12.916768550872803,0.0012369629694148898
99,遅れている,non-committal,boss,（なし）,出張の移動手段について上司に意見を求められます。自分の意見を押し付けたくない大輔は、慎重に答えます。「バス、（なし）遅れているようですが、乗り換えがなく楽です。」,-28.431190490722656,2.2621909900877313e-10
99,遅れている,non-committal,boss,ひどく,出張の移動手段について上司に意見を求められます。自分の意見を押し付けたくない大輔は、慎重に答えます。「バス、ひどく遅れているようですが、乗り換えがなく楽です。」,-16.072411127388477,5.2708317525684834e-05
99,遅れている,non-committal,boss,まあまあ,出張の移動手段について上司に意見を求められます。自分の意見を押し付けたくない大輔は、慎重に答えます。「バス、まあまあ遅れているようですが、乗り換えがなく楽です。」,-18.95809817314148,2.941990715044085e-06
99,遅れている,non-committal,boss,マジで,出張の移動手段について上司に意見を求められます。自分の意見を押し付けたくない大輔は、慎重に答えます。「バス、マジで遅れているようですが、乗り換えがなく楽です。」,-15.399304181337357,0.00010332492092857137
99,遅れている,non-committal,boss,めっちゃ,出張の移動手段について上司に意見を求められます。自分の意見を押し付けたくない大輔は、慎重に答えます。「バス、めっちゃ遅れているようですが、乗り換えがなく楽です。」,-17.479655101895332,1.2903899005323183e-05
99,遅れている,non-committal,boss,やや,出張の移動手段について上司に意見を求められます。自分の意見を押し付けたくない大輔は、慎重に答えます。「バス、やや遅れているようですが、乗り換えがなく楽です。」,-12.320095896720886,0.0022464070934802294
99,遅れている,non-committal,boss,結構,出張の移動手段について上司に意見を求められます。自分の意見を押し付けたくない大輔は、慎重に答えます。「バス、結構遅れているようですが、乗り換えがなく楽です。」,-10.82562780380249,0.010012155398726463
99,遅れている,non-committal,boss,若干,出張の移動手段について上司に意見を求められます。自分の意見を押し付けたくない大輔は、慎重に答えます。「バス、若干遅れているようですが、乗り換えがなく楽です。」,-9.007020473480225,0.06170760840177536
99,遅れている,non-committal,boss,少し,出張の移動手段について上司に意見を求められます。自分の意見を押し付けたくない大輔は、慎重に答えます。「バス、少し遅れているようですが、乗り換えがなく楽です。」,-7.156545162200928,0.3926360011100769
99,遅れている,non-committal,boss,少しも,出張の移動手段について上司に意見を求められます。自分の意見を押し付けたくない大輔は、慎重に答えます。「バス、少しも遅れているようですが、乗り換えがなく楽です。」,-15.148443698883057,0.00013278625556267798
99,遅れている,non-committal,boss,全然,出張の移動手段について上司に意見を求められます。自分の意見を押し付けたくない大輔は、慎重に答えます。「バス、全然遅れているようですが、乗り換えがなく楽です。」,-13.206822872161865,0.0009255239856429398
99,遅れている,non-committal,boss,相当,出張の移動手段について上司に意見を求められます。自分の意見を押し付けたくない大輔は、慎重に答えます。「バス、相当遅れているようですが、乗り換えがなく楽です。」,-11.69833517074585,0.004183266777545214
99,遅れている,non-committal,boss,超,出張の移動手段について上司に意見を求められます。自分の意見を押し付けたくない大輔は、慎重に答えます。「バス、超遅れているようですが、乗り換えがなく楽です。」,-13.780618667602539,0.0005214246339164674
99,遅れている,non-committal,boss,非常に,出張の移動手段について上司に意見を求められます。自分の意見を押し付けたくない大輔は、慎重に答えます。「バス、非常に遅れているようですが、乗り換えがなく楽です。」,-11.627458095550537,0.004490524996072054
99,遅れている,non-committal,boss,微妙に,出張の移動手段について上司に意見を求められます。自分の意見を押し付けたくない大輔は、慎重に答えます。「バス、微妙に遅れているようですが、乗り換えがなく楽です。」,-17.508392818272114,1.2538344890344888e-05
99,遅れている,non-committal,boss,普通に,出張の移動手段について上司に意見を求められます。自分の意見を押し付けたくない大輔は、慎重に答えます。「バス、普通に遅れているようですが、乗り換えがなく楽です。」,-14.169973373413086,0.0003532620321493596
99,遅れている,non-committal,boss,本当に,出張の移動手段について上司に意見を求められます。自分の意見を押し付けたくない大輔は、慎重に答えます。「バス、本当に遅れているようですが、乗り換えがなく楽です。」,-12.694867610931396,0.0015442835865542293
99,遅れている,non-committal,boss,全く,出張の移動手段について上司に意見を求められます。自分の意見を押し付けたくない大輔は、慎重に答えます。「バス、全く遅れているようですが、乗り換えがなく楽です。」,-14.067956924438477,0.0003912029496859759
100,遅れている,acknowledge,boss,あまり,よく遅れるからと大輔が避けていたバス路線を、上司が最近はダイヤが見直されたと勧めます。大輔は半信半疑で乗りました。しかし、上司の言った通りにスムーズに着きました。翌日、教えてもらったことについて感謝します。「バス、あまり遅れていませんでした。教えていただいてありがとうございます。」,-5.931885361671448,0.3559778928756714
100,遅れている,acknowledge,boss,いまいち,よく遅れるからと大輔が避けていたバス路線を、上司が最近はダイヤが見直されたと勧めます。大輔は半信半疑で乗りました。しかし、上司の言った通りにスムーズに着きました。翌日、教えてもらったことについて感謝します。「バス、いまいち遅れていませんでした。教えていただいてありがとうございます。」,-12.124491214752197,0.0007277942495420575
100,遅れている,acknowledge,boss,かなり,よく遅れるからと大輔が避けていたバス路線を、上司が最近はダイヤが見直されたと勧めます。大輔は半信半疑で乗りました。しかし、上司の言った通りにスムーズに着きました。翌日、教えてもらったことについて感謝します。「バス、かなり遅れていませんでした。教えていただいてありがとうございます。」,-8.734055042266846,0.021600129082798958
100,遅れている,acknowledge,boss,すごく,よく遅れるからと大輔が避けていたバス路線を、上司が最近はダイヤが見直されたと勧めます。大輔は半信半疑で乗りました。しかし、上司の言った通りにスムーズに着きました。翌日、教えてもらったことについて感謝します。「バス、すごく遅れていませんでした。教えていただいてありがとうございます。」,-10.064045429229736,0.005712797865271568
100,遅れている,acknowledge,boss,そこまで,よく遅れるからと大輔が避けていたバス路線を、上司が最近はダイヤが見直されたと勧めます。大輔は半信半疑で乗りました。しかし、上司の言った通りにスムーズに着きました。翌日、教えてもらったことについて感謝します。「バス、そこまで遅れていませんでした。教えていただいてありがとうございます。」,-10.38765001296997,0.004133416805416346
100,遅れている,acknowledge,boss,それほど,よく遅れるからと大輔が避けていたバス路線を、上司が最近はダイヤが見直されたと勧めます。大輔は半信半疑で乗りました。しかし、上司の言った通りにスムーズに着きました。翌日、教えてもらったことについて感謝します。「バス、それほど遅れていませんでした。教えていただいてありがとうございます。」,-8.781094074249268,0.020607607439160347
100,遅れている,acknowledge,boss,そんなに,よく遅れるからと大輔が避けていたバス路線を、上司が最近はダイヤが見直されたと勧めます。大輔は半信半疑で乗りました。しかし、上司の言った通りにスムーズに着きました。翌日、教えてもらったことについて感謝します。「バス、そんなに遅れていませんでした。教えていただいてありがとうございます。」,-7.53904390335083,0.07135803252458572
100,遅れている,acknowledge,boss,たいして,よく遅れるからと大輔が避けていたバス路線を、上司が最近はダイヤが見直されたと勧めます。大輔は半信半疑で乗りました。しかし、上司の言った通りにスムーズに着きました。翌日、教えてもらったことについて感謝します。「バス、たいして遅れていませんでした。教えていただいてありがとうございます。」,-15.08264148235321,3.778329482884146e-05
100,遅れている,acknowledge,boss,だいぶ,よく遅れるからと大輔が避けていたバス路線を、上司が最近はダイヤが見直されたと勧めます。大輔は半信半疑で乗りました。しかし、上司の言った通りにスムーズに着きました。翌日、教えてもらったことについて感謝します。「バス、だいぶ遅れていませんでした。教えていただいてありがとうございます。」,-10.973205024492927,0.002301472704857588
100,遅れている,acknowledge,boss,ちっとも,よく遅れるからと大輔が避けていたバス路線を、上司が最近はダイヤが見直されたと勧めます。大輔は半信半疑で乗りました。しかし、上司の言った通りにスムーズに着きました。翌日、教えてもらったことについて感謝します。「バス、ちっとも遅れていませんでした。教えていただいてありがとうございます。」,-14.216859549283981,8.980573329608887e-05
100,遅れている,acknowledge,boss,ちょっと,よく遅れるからと大輔が避けていたバス路線を、上司が最近はダイヤが見直されたと勧めます。大輔は半信半疑で乗りました。しかし、上司の言った通りにスムーズに着きました。翌日、教えてもらったことについて感謝します。「バス、ちょっと遅れていませんでした。教えていただいてありがとうございます。」,-8.099339008331299,0.04074835032224655
100,遅れている,acknowledge,boss,とても,よく遅れるからと大輔が避けていたバス路線を、上司が最近はダイヤが見直されたと勧めます。大輔は半信半疑で乗りました。しかし、上司の言った通りにスムーズに着きました。翌日、教えてもらったことについて感謝します。「バス、とても遅れていませんでした。教えていただいてありがとうございます。」,-7.539852619171143,0.07130035012960434
100,遅れている,acknowledge,boss,なかなか,よく遅れるからと大輔が避けていたバス路線を、上司が最近はダイヤが見直されたと勧めます。大輔は半信半疑で乗りました。しかし、上司の言った通りにスムーズに着きました。翌日、教えてもらったことについて感謝します。「バス、なかなか遅れていませんでした。教えていただいてありがとうございます。」,-7.364593982696533,0.08495824038982391
100,遅れている,acknowledge,boss,（なし）,よく遅れるからと大輔が避けていたバス路線を、上司が最近はダイヤが見直されたと勧めます。大輔は半信半疑で乗りました。しかし、上司の言った通りにスムーズに着きました。翌日、教えてもらったことについて感謝します。「バス、（なし）遅れていませんでした。教えていただいてありがとうございます。」,-26.350523948669434,4.827477861901741e-10
100,遅れている,acknowledge,boss,ひどく,よく遅れるからと大輔が避けていたバス路線を、上司が最近はダイヤが見直されたと勧めます。大輔は半信半疑で乗りました。しかし、上司の言った通りにスムーズに着きました。翌日、教えてもらったことについて感謝します。「バス、ひどく遅れていませんでした。教えていただいてありがとうございます。」,-13.805723421275616,0.00013547483831644058
100,遅れている,acknowledge,boss,まあまあ,よく遅れるからと大輔が避けていたバス路線を、上司が最近はダイヤが見直されたと勧めます。大輔は半信半疑で乗りました。しかし、上司の言った通りにスムーズに着きました。翌日、教えてもらったことについて感謝します。「バス、まあまあ遅れていませんでした。教えていただいてありがとうございます。」,-12.889133930206299,0.00033878840622492135
100,遅れている,acknowledge,boss,マジで,よく遅れるからと大輔が避けていたバス路線を、上司が最近はダイヤが見直されたと勧めます。大輔は半信半疑で乗りました。しかし、上司の言った通りにスムーズに着きました。翌日、教えてもらったことについて感謝します。「バス、マジで遅れていませんでした。教えていただいてありがとうございます。」,-11.314054876565933,0.001636728411540389
100,遅れている,acknowledge,boss,めっちゃ,よく遅れるからと大輔が避けていたバス路線を、上司が最近はダイヤが見直されたと勧めます。大輔は半信半疑で乗りました。しかし、上司の言った通りにスムーズに着きました。翌日、教えてもらったことについて感謝します。「バス、めっちゃ遅れていませんでした。教えていただいてありがとうございます。」,-12.74184849858284,0.000392548565287143
100,遅れている,acknowledge,boss,やや,よく遅れるからと大輔が避けていたバス路線を、上司が最近はダイヤが見直されたと勧めます。大輔は半信半疑で乗りました。しかし、上司の言った通りにスムーズに着きました。翌日、教えてもらったことについて感謝します。「バス、やや遅れていませんでした。教えていただいてありがとうございます。」,-11.388572454452515,0.001519195968285203
100,遅れている,acknowledge,boss,結構,よく遅れるからと大輔が避けていたバス路線を、上司が最近はダイヤが見直されたと勧めます。大輔は半信半疑で乗りました。しかし、上司の言った通りにスムーズに着きました。翌日、教えてもらったことについて感謝します。「バス、結構遅れていませんでした。教えていただいてありがとうございます。」,-10.808987140655518,0.0027122192550450563
100,遅れている,acknowledge,boss,若干,よく遅れるからと大輔が避けていたバス路線を、上司が最近はダイヤが見直されたと勧めます。大輔は半信半疑で乗りました。しかし、上司の言った通りにスムーズに着きました。翌日、教えてもらったことについて感謝します。「バス、若干遅れていませんでした。教えていただいてありがとうございます。」,-12.634987831115723,0.0004368200316093862
100,遅れている,acknowledge,boss,少し,よく遅れるからと大輔が避けていたバス路線を、上司が最近はダイヤが見直されたと勧めます。大輔は半信半疑で乗りました。しかし、上司の言った通りにスムーズに着きました。翌日、教えてもらったことについて感謝します。「バス、少し遅れていませんでした。教えていただいてありがとうございます。」,-9.105518817901611,0.014898126944899559
100,遅れている,acknowledge,boss,少しも,よく遅れるからと大輔が避けていたバス路線を、上司が最近はダイヤが見直されたと勧めます。大輔は半信半疑で乗りました。しかし、上司の言った通りにスムーズに着きました。翌日、教えてもらったことについて感謝します。「バス、少しも遅れていませんでした。教えていただいてありがとうございます。」,-11.174118399620056,0.0018825661391019821
100,遅れている,acknowledge,boss,全然,よく遅れるからと大輔が避けていたバス路線を、上司が最近はダイヤが見直されたと勧めます。大輔は半信半疑で乗りました。しかし、上司の言った通りにスムーズに着きました。翌日、教えてもらったことについて感謝します。「バス、全然遅れていませんでした。教えていただいてありがとうございます。」,-7.070679187774658,0.11398588865995407
100,遅れている,acknowledge,boss,相当,よく遅れるからと大輔が避けていたバス路線を、上司が最近はダイヤが見直されたと勧めます。大輔は半信半疑で乗りました。しかし、上司の言った通りにスムーズに着きました。翌日、教えてもらったことについて感謝します。「バス、相当遅れていませんでした。教えていただいてありがとうございます。」,-10.80198335647583,0.0027312817983329296
100,遅れている,acknowledge,boss,超,よく遅れるからと大輔が避けていたバス路線を、上司が最近はダイヤが見直されたと勧めます。大輔は半信半疑で乗りました。しかし、上司の言った通りにスムーズに着きました。翌日、教えてもらったことについて感謝します。「バス、超遅れていませんでした。教えていただいてありがとうございます。」,-11.854149341583252,0.0009537105797789991
100,遅れている,acknowledge,boss,非常に,よく遅れるからと大輔が避けていたバス路線を、上司が最近はダイヤが見直されたと勧めます。大輔は半信半疑で乗りました。しかし、上司の言った通りにスムーズに着きました。翌日、教えてもらったことについて感謝します。「バス、非常に遅れていませんでした。教えていただいてありがとうございます。」,-9.502270221710205,0.010019008070230484
100,遅れている,acknowledge,boss,微妙に,よく遅れるからと大輔が避けていたバス路線を、上司が最近はダイヤが見直されたと勧めます。大輔は半信半疑で乗りました。しかし、上司の言った通りにスムーズに着きました。翌日、教えてもらったことについて感謝します。「バス、微妙に遅れていませんでした。教えていただいてありがとうございます。」,-11.50585862249136,0.001351068029180169
100,遅れている,acknowledge,boss,普通に,よく遅れるからと大輔が避けていたバス路線を、上司が最近はダイヤが見直されたと勧めます。大輔は半信半疑で乗りました。しかし、上司の言った通りにスムーズに着きました。翌日、教えてもらったことについて感謝します。「バス、普通に遅れていませんでした。教えていただいてありがとうございます。」,-12.31035327911377,0.000604351400397718
100,遅れている,acknowledge,boss,本当に,よく遅れるからと大輔が避けていたバス路線を、上司が最近はダイヤが見直されたと勧めます。大輔は半信半疑で乗りました。しかし、上司の言った通りにスムーズに着きました。翌日、教えてもらったことについて感謝します。「バス、本当に遅れていませんでした。教えていただいてありがとうございます。」,-7.343677997589111,0.08675394207239151
100,遅れている,acknowledge,boss,全く,よく遅れるからと大輔が避けていたバス路線を、上司が最近はダイヤが見直されたと勧めます。大輔は半信半疑で乗りました。しかし、上司の言った通りにスムーズに着きました。翌日、教えてもらったことについて感謝します。「バス、全く遅れていませんでした。教えていただいてありがとうございます。」,-7.423546314239502,0.08009453117847443
101,遅れている,neutral-positive,boss,あまり,上司が出張で同じバス路線を使う予定でいるため、大輔に今朝のバスがどれくらい遅れていたか尋ねます。大輔は答えます。「バス、あまり遅れていませんでした。」,-6.506898880004883,0.20096944272518158
101,遅れている,neutral-positive,boss,いまいち,上司が出張で同じバス路線を使う予定でいるため、大輔に今朝のバスがどれくらい遅れていたか尋ねます。大輔は答えます。「バス、いまいち遅れていませんでした。」,-11.041468858718872,0.002156708389520645
101,遅れている,neutral-positive,boss,かなり,上司が出張で同じバス路線を使う予定でいるため、大輔に今朝のバスがどれくらい遅れていたか尋ねます。大輔は答えます。「バス、かなり遅れていませんでした。」,-9.001153707504272,0.016591619700193405
101,遅れている,neutral-positive,boss,すごく,上司が出張で同じバス路線を使う予定でいるため、大輔に今朝のバスがどれくらい遅れていたか尋ねます。大輔は答えます。「バス、すごく遅れていませんでした。」,-10.726789236068726,0.0029543014243245125
101,遅れている,neutral-positive,boss,そこまで,上司が出張で同じバス路線を使う予定でいるため、大輔に今朝のバスがどれくらい遅れていたか尋ねます。大輔は答えます。「バス、そこまで遅れていませんでした。」,-10.396417379379272,0.004110867623239756
101,遅れている,neutral-positive,boss,それほど,上司が出張で同じバス路線を使う予定でいるため、大輔に今朝のバスがどれくらい遅れていたか尋ねます。大輔は答えます。「バス、それほど遅れていませんでした。」,-8.381826162338257,0.030821897089481354
101,遅れている,neutral-positive,boss,そんなに,上司が出張で同じバス路線を使う予定でいるため、大輔に今朝のバスがどれくらい遅れていたか尋ねます。大輔は答えます。「バス、そんなに遅れていませんでした。」,-7.192258834838867,0.10127027332782745
101,遅れている,neutral-positive,boss,たいして,上司が出張で同じバス路線を使う予定でいるため、大輔に今朝のバスがどれくらい遅れていたか尋ねます。大輔は答えます。「バス、たいして遅れていませんでした。」,-15.181051969528198,3.4355249226791784e-05
101,遅れている,neutral-positive,boss,だいぶ,上司が出張で同じバス路線を使う予定でいるため、大輔に今朝のバスがどれくらい遅れていたか尋ねます。大輔は答えます。「バス、だいぶ遅れていませんでした。」,-11.779133328003809,0.0010314008686691523
101,遅れている,neutral-positive,boss,ちっとも,上司が出張で同じバス路線を使う予定でいるため、大輔に今朝のバスがどれくらい遅れていたか尋ねます。大輔は答えます。「バス、ちっとも遅れていませんでした。」,-14.019393742084503,0.00010977283818647265
101,遅れている,neutral-positive,boss,ちょっと,上司が出張で同じバス路線を使う予定でいるため、大輔に今朝のバスがどれくらい遅れていたか尋ねます。大輔は答えます。「バス、ちょっと遅れていませんでした。」,-8.061582326889038,0.04245603829622269
101,遅れている,neutral-positive,boss,とても,上司が出張で同じバス路線を使う予定でいるため、大輔に今朝のバスがどれくらい遅れていたか尋ねます。大輔は答えます。「バス、とても遅れていませんでした。」,-7.973806142807007,0.0463511161506176
101,遅れている,neutral-positive,boss,なかなか,上司が出張で同じバス路線を使う予定でいるため、大輔に今朝のバスがどれくらい遅れていたか尋ねます。大輔は答えます。「バス、なかなか遅れていませんでした。」,-8.920324087142944,0.017988404259085655
101,遅れている,neutral-positive,boss,（なし）,上司が出張で同じバス路線を使う予定でいるため、大輔に今朝のバスがどれくらい遅れていたか尋ねます。大輔は答えます。「バス、（なし）遅れていませんでした。」,-28.018905639648438,9.132385125898423e-11
101,遅れている,neutral-positive,boss,ひどく,上司が出張で同じバス路線を使う予定でいるため、大輔に今朝のバスがどれくらい遅れていたか尋ねます。大輔は答えます。「バス、ひどく遅れていませんでした。」,-13.564871311187744,0.00017293852579314262
101,遅れている,neutral-positive,boss,まあまあ,上司が出張で同じバス路線を使う予定でいるため、大輔に今朝のバスがどれくらい遅れていたか尋ねます。大輔は答えます。「バス、まあまあ遅れていませんでした。」,-13.929357290267944,0.00012011497892672196
101,遅れている,neutral-positive,boss,マジで,上司が出張で同じバス路線を使う予定でいるため、大輔に今朝のバスがどれくらい遅れていたか尋ねます。大輔は答えます。「バス、マジで遅れていませんでした。」,-12.95949962735176,0.00031681169639341533
101,遅れている,neutral-positive,boss,めっちゃ,上司が出張で同じバス路線を使う予定でいるため、大輔に今朝のバスがどれくらい遅れていたか尋ねます。大輔は答えます。「バス、めっちゃ遅れていませんでした。」,-14.644871056079865,5.8729150623548776e-05
101,遅れている,neutral-positive,boss,やや,上司が出張で同じバス路線を使う予定でいるため、大輔に今朝のバスがどれくらい遅れていたか尋ねます。大輔は答えます。「バス、やや遅れていませんでした。」,-12.799496173858643,0.000371783331502229
101,遅れている,neutral-positive,boss,結構,上司が出張で同じバス路線を使う予定でいるため、大輔に今朝のバスがどれくらい遅れていたか尋ねます。大輔は答えます。「バス、結構遅れていませんでした。」,-11.628583669662476,0.00119897595141083
101,遅れている,neutral-positive,boss,若干,上司が出張で同じバス路線を使う予定でいるため、大輔に今朝のバスがどれくらい遅れていたか尋ねます。大輔は答えます。「バス、若干遅れていませんでした。」,-11.30411696434021,0.0016585347475484014
101,遅れている,neutral-positive,boss,少し,上司が出張で同じバス路線を使う予定でいるため、大輔に今朝のバスがどれくらい遅れていたか尋ねます。大輔は答えます。「バス、少し遅れていませんでした。」,-9.06800627708435,0.015518692322075367
101,遅れている,neutral-positive,boss,少しも,上司が出張で同じバス路線を使う予定でいるため、大輔に今朝のバスがどれくらい遅れていたか尋ねます。大輔は答えます。「バス、少しも遅れていませんでした。」,-11.59334909915924,0.001241974183358252
101,遅れている,neutral-positive,boss,全然,上司が出張で同じバス路線を使う予定でいるため、大輔に今朝のバスがどれくらい遅れていたか尋ねます。大輔は答えます。「バス、全然遅れていませんでした。」,-6.308721542358398,0.2450176328420639
101,遅れている,neutral-positive,boss,相当,上司が出張で同じバス路線を使う予定でいるため、大輔に今朝のバスがどれくらい遅れていたか尋ねます。大輔は答えます。「バス、相当遅れていませんでした。」,-10.919759511947632,0.002435840666294098
101,遅れている,neutral-positive,boss,超,上司が出張で同じバス路線を使う予定でいるため、大輔に今朝のバスがどれくらい遅れていたか尋ねます。大輔は答えます。「バス、超遅れていませんでした。」,-12.232106924057007,0.0006556976586580276
101,遅れている,neutral-positive,boss,非常に,上司が出張で同じバス路線を使う予定でいるため、大輔に今朝のバスがどれくらい遅れていたか尋ねます。大輔は答えます。「バス、非常に遅れていませんでした。」,-10.032331228256226,0.005916353315114975
101,遅れている,neutral-positive,boss,微妙に,上司が出張で同じバス路線を使う予定でいるため、大輔に今朝のバスがどれくらい遅れていたか尋ねます。大輔は答えます。「バス、微妙に遅れていませんでした。」,-11.434411749243736,0.0014559224946424365
101,遅れている,neutral-positive,boss,普通に,上司が出張で同じバス路線を使う予定でいるため、大輔に今朝のバスがどれくらい遅れていたか尋ねます。大輔は答えます。「バス、普通に遅れていませんでした。」,-11.535173177719116,0.0013163704425096512
101,遅れている,neutral-positive,boss,本当に,上司が出張で同じバス路線を使う予定でいるため、大輔に今朝のバスがどれくらい遅れていたか尋ねます。大輔は答えます。「バス、本当に遅れていませんでした。」,-7.56031608581543,0.07008688151836395
101,遅れている,neutral-positive,boss,全く,上司が出張で同じバス路線を使う予定でいるため、大輔に今朝のバスがどれくらい遅れていたか尋ねます。大輔は答えます。「バス、全く遅れていませんでした。」,-6.586400985717773,0.1856105625629425
102,遅れている,neutral-negative,boss,あまり,上司が出張で同じバス路線を使う予定でいるため、大輔に今朝のバスがどれくらい遅れていたか尋ねます。大輔は答えます。「バス、あまり遅れていました。」,-8.174423694610596,0.007102232426404953
102,遅れている,neutral-negative,boss,いまいち,上司が出張で同じバス路線を使う予定でいるため、大輔に今朝のバスがどれくらい遅れていたか尋ねます。大輔は答えます。「バス、いまいち遅れていました。」,-13.258074283599854,4.40142466686666e-05
102,遅れている,neutral-negative,boss,かなり,上司が出張で同じバス路線を使う予定でいるため、大輔に今朝のバスがどれくらい遅れていたか尋ねます。大輔は答えます。「バス、かなり遅れていました。」,-4.225841999053955,0.3683340847492218
102,遅れている,neutral-negative,boss,すごく,上司が出張で同じバス路線を使う予定でいるため、大輔に今朝のバスがどれくらい遅れていたか尋ねます。大輔は答えます。「バス、すごく遅れていました。」,-6.397819995880127,0.04197240248322487
102,遅れている,neutral-negative,boss,そこまで,上司が出張で同じバス路線を使う予定でいるため、大輔に今朝のバスがどれくらい遅れていたか尋ねます。大輔は答えます。「バス、そこまで遅れていました。」,-11.111905097961426,0.00037641136441379786
102,遅れている,neutral-negative,boss,それほど,上司が出張で同じバス路線を使う予定でいるため、大輔に今朝のバスがどれくらい遅れていたか尋ねます。大輔は答えます。「バス、それほど遅れていました。」,-9.632694721221924,0.001652250182814896
102,遅れている,neutral-negative,boss,そんなに,上司が出張で同じバス路線を使う予定でいるため、大輔に今朝のバスがどれくらい遅れていたか尋ねます。大輔は答えます。「バス、そんなに遅れていました。」,-9.01356554031372,0.003068740712478757
102,遅れている,neutral-negative,boss,たいして,上司が出張で同じバス路線を使う予定でいるため、大輔に今朝のバスがどれくらい遅れていたか尋ねます。大輔は答えます。「バス、たいして遅れていました。」,-13.94784688949585,2.2081492716097273e-05
102,遅れている,neutral-negative,boss,だいぶ,上司が出張で同じバス路線を使う予定でいるため、大輔に今朝のバスがどれくらい遅れていたか尋ねます。大輔は答えます。「バス、だいぶ遅れていました。」,-9.978545704856515,0.0011691608233377337
102,遅れている,neutral-negative,boss,ちっとも,上司が出張で同じバス路線を使う予定でいるため、大輔に今朝のバスがどれくらい遅れていたか尋ねます。大輔は答えます。「バス、ちっとも遅れていました。」,-14.3620126247406,1.459347186028026e-05
102,遅れている,neutral-negative,boss,ちょっと,上司が出張で同じバス路線を使う予定でいるため、大輔に今朝のバスがどれくらい遅れていたか尋ねます。大輔は答えます。「バス、ちょっと遅れていました。」,-4.809067249298096,0.20556557178497314
102,遅れている,neutral-negative,boss,とても,上司が出張で同じバス路線を使う予定でいるため、大輔に今朝のバスがどれくらい遅れていたか尋ねます。大輔は答えます。「バス、とても遅れていました。」,-6.217026233673096,0.05028999596834183
102,遅れている,neutral-negative,boss,なかなか,上司が出張で同じバス路線を使う予定でいるため、大輔に今朝のバスがどれくらい遅れていたか尋ねます。大輔は答えます。「バス、なかなか遅れていました。」,-9.430546283721924,0.0020224032923579216
102,遅れている,neutral-negative,boss,（なし）,上司が出張で同じバス路線を使う予定でいるため、大輔に今朝のバスがどれくらい遅れていたか尋ねます。大輔は答えます。「バス、（なし）遅れていました。」,-25.889673709869385,1.4380015234127796e-10
102,遅れている,neutral-negative,boss,ひどく,上司が出張で同じバス路線を使う予定でいるため、大輔に今朝のバスがどれくらい遅れていたか尋ねます。大輔は答えます。「バス、ひどく遅れていました。」,-11.619246751070023,0.00022663507843390107
102,遅れている,neutral-negative,boss,まあまあ,上司が出張で同じバス路線を使う予定でいるため、大輔に今朝のバスがどれくらい遅れていたか尋ねます。大輔は答えます。「バス、まあまあ遅れていました。」,-12.529513835906982,9.120164031628519e-05
102,遅れている,neutral-negative,boss,マジで,上司が出張で同じバス路線を使う予定でいるため、大輔に今朝のバスがどれくらい遅れていたか尋ねます。大輔は答えます。「バス、マジで遅れていました。」,-11.374038726091385,0.00028961399220861495
102,遅れている,neutral-negative,boss,めっちゃ,上司が出張で同じバス路線を使う予定でいるため、大輔に今朝のバスがどれくらい遅れていたか尋ねます。大輔は答えます。「バス、めっちゃ遅れていました。」,-12.74277675151825,7.368581282207742e-05
102,遅れている,neutral-negative,boss,やや,上司が出張で同じバス路線を使う予定でいるため、大輔に今朝のバスがどれくらい遅れていたか尋ねます。大輔は答えます。「バス、やや遅れていました。」,-10.81609034538269,0.0005059799877926707
102,遅れている,neutral-negative,boss,結構,上司が出張で同じバス路線を使う予定でいるため、大輔に今朝のバスがどれくらい遅れていたか尋ねます。大輔は答えます。「バス、結構遅れていました。」,-7.234341144561768,0.01818307489156723
102,遅れている,neutral-negative,boss,若干,上司が出張で同じバス路線を使う予定でいるため、大輔に今朝のバスがどれくらい遅れていたか尋ねます。大輔は答えます。「バス、若干遅れていました。」,-7.767914295196533,0.010664474219083786
102,遅れている,neutral-negative,boss,少し,上司が出張で同じバス路線を使う予定でいるため、大輔に今朝のバスがどれくらい遅れていたか尋ねます。大輔は答えます。「バス、少し遅れていました。」,-5.227604389190674,0.13526393473148346
102,遅れている,neutral-negative,boss,少しも,上司が出張で同じバス路線を使う予定でいるため、大輔に今朝のバスがどれくらい遅れていたか尋ねます。大輔は答えます。「バス、少しも遅れていました。」,-10.713110446929932,0.0005608635838143528
102,遅れている,neutral-negative,boss,全然,上司が出張で同じバス路線を使う予定でいるため、大輔に今朝のバスがどれくらい遅れていたか尋ねます。大輔は答えます。「バス、全然遅れていました。」,-7.7305989265441895,0.011069941334426403
102,遅れている,neutral-negative,boss,相当,上司が出張で同じバス路線を使う予定でいるため、大輔に今朝のバスがどれくらい遅れていたか尋ねます。大輔は答えます。「バス、相当遅れていました。」,-7.273594379425049,0.01748315803706646
102,遅れている,neutral-negative,boss,超,上司が出張で同じバス路線を使う予定でいるため、大輔に今朝のバスがどれくらい遅れていたか尋ねます。大輔は答えます。「バス、超遅れていました。」,-8.96418809890747,0.0032240706495940685
102,遅れている,neutral-negative,boss,非常に,上司が出張で同じバス路線を使う予定でいるため、大輔に今朝のバスがどれくらい遅れていたか尋ねます。大輔は答えます。「バス、非常に遅れていました。」,-6.743458271026611,0.029706742614507675
102,遅れている,neutral-negative,boss,微妙に,上司が出張で同じバス路線を使う予定でいるため、大輔に今朝のバスがどれくらい遅れていたか尋ねます。大輔は答えます。「バス、微妙に遅れていました。」,-8.98425167053938,0.0031600261572748423
102,遅れている,neutral-negative,boss,普通に,上司が出張で同じバス路線を使う予定でいるため、大輔に今朝のバスがどれくらい遅れていたか尋ねます。大輔は答えます。「バス、普通に遅れていました。」,-8.640419483184814,0.004456721246242523
102,遅れている,neutral-negative,boss,本当に,上司が出張で同じバス路線を使う予定でいるため、大輔に今朝のバスがどれくらい遅れていたか尋ねます。大輔は答えます。「バス、本当に遅れていました。」,-5.82951021194458,0.07409308105707169
102,遅れている,neutral-negative,boss,全く,上司が出張で同じバス路線を使う予定でいるため、大輔に今朝のバスがどれくらい遅れていたか尋ねます。大輔は答えます。「バス、全く遅れていました。」,-7.903439044952393,0.009312832728028297
103,遅れている,annoyed,boss,あまり,大輔は、急ぎの案件について、上司に申請した内容が数日経ってもまだ確認されません。苛立った大輔は言います。「申請させていただいた内容の確認があまり遅いようなのですが、今日中にご確認いただくことは可能でしょうか？」,-7.598266124725342,0.01105631422251463
103,遅れている,annoyed,boss,いまいち,大輔は、急ぎの案件について、上司に申請した内容が数日経ってもまだ確認されません。苛立った大輔は言います。「申請させていただいた内容の確認がいまいち遅いようなのですが、今日中にご確認いただくことは可能でしょうか？」,-10.9798983335495,0.000375825387891382
103,遅れている,annoyed,boss,かなり,大輔は、急ぎの案件について、上司に申請した内容が数日経ってもまだ確認されません。苛立った大輔は言います。「申請させていただいた内容の確認がかなり遅いようなのですが、今日中にご確認いただくことは可能でしょうか？」,-4.733493328094482,0.1939837634563446
103,遅れている,annoyed,boss,すごく,大輔は、急ぎの案件について、上司に申請した内容が数日経ってもまだ確認されません。苛立った大輔は言います。「申請させていただいた内容の確認がすごく遅いようなのですが、今日中にご確認いただくことは可能でしょうか？」,-6.847938060760498,0.023413896560668945
103,遅れている,annoyed,boss,そこまで,大輔は、急ぎの案件について、上司に申請した内容が数日経ってもまだ確認されません。苛立った大輔は言います。「申請させていただいた内容の確認がそこまで遅いようなのですが、今日中にご確認いただくことは可能でしょうか？」,-10.834037780761719,0.0004348431248217821
103,遅れている,annoyed,boss,それほど,大輔は、急ぎの案件について、上司に申請した内容が数日経ってもまだ確認されません。苛立った大輔は言います。「申請させていただいた内容の確認がそれほど遅いようなのですが、今日中にご確認いただくことは可能でしょうか？」,-10.374289989471436,0.0006886496557854116
103,遅れている,annoyed,boss,そんなに,大輔は、急ぎの案件について、上司に申請した内容が数日経ってもまだ確認されません。苛立った大輔は言います。「申請させていただいた内容の確認がそんなに遅いようなのですが、今日中にご確認いただくことは可能でしょうか？」,-8.736209392547607,0.003543298225849867
103,遅れている,annoyed,boss,たいして,大輔は、急ぎの案件について、上司に申請した内容が数日経ってもまだ確認されません。苛立った大輔は言います。「申請させていただいた内容の確認がたいして遅いようなのですが、今日中にご確認いただくことは可能でしょうか？」,-12.956400036811829,5.207180947763845e-05
103,遅れている,annoyed,boss,だいぶ,大輔は、急ぎの案件について、上司に申請した内容が数日経ってもまだ確認されません。苛立った大輔は言います。「申請させていただいた内容の確認がだいぶ遅いようなのですが、今日中にご確認いただくことは可能でしょうか？」,-11.674940994940698,0.0001875568414106965
103,遅れている,annoyed,boss,ちっとも,大輔は、急ぎの案件について、上司に申請した内容が数日経ってもまだ確認されません。苛立った大輔は言います。「申請させていただいた内容の確認がちっとも遅いようなのですが、今日中にご確認いただくことは可能でしょうか？」,-17.724934995174408,4.422358585998154e-07
103,遅れている,annoyed,boss,ちょっと,大輔は、急ぎの案件について、上司に申請した内容が数日経ってもまだ確認されません。苛立った大輔は言います。「申請させていただいた内容の確認がちょっと遅いようなのですが、今日中にご確認いただくことは可能でしょうか？」,-4.890578746795654,0.165784552693367
103,遅れている,annoyed,boss,とても,大輔は、急ぎの案件について、上司に申請した内容が数日経ってもまだ確認されません。苛立った大輔は言います。「申請させていただいた内容の確認がとても遅いようなのですが、今日中にご確認いただくことは可能でしょうか？」,-5.677375316619873,0.07548186928033829
103,遅れている,annoyed,boss,なかなか,大輔は、急ぎの案件について、上司に申請した内容が数日経ってもまだ確認されません。苛立った大輔は言います。「申請させていただいた内容の確認がなかなか遅いようなのですが、今日中にご確認いただくことは可能でしょうか？」,-8.171447277069092,0.006232765037566423
103,遅れている,annoyed,boss,（なし）,大輔は、急ぎの案件について、上司に申請した内容が数日経ってもまだ確認されません。苛立った大輔は言います。「申請させていただいた内容の確認が（なし）遅いようなのですが、今日中にご確認いただくことは可能でしょうか？」,-29.2398738861084,4.413465686664564e-12
103,遅れている,annoyed,boss,ひどく,大輔は、急ぎの案件について、上司に申請した内容が数日経ってもまだ確認されません。苛立った大輔は言います。「申請させていただいた内容の確認がひどく遅いようなのですが、今日中にご確認いただくことは可能でしょうか？」,-13.575835779309273,2.8027532607666217e-05
103,遅れている,annoyed,boss,まあまあ,大輔は、急ぎの案件について、上司に申請した内容が数日経ってもまだ確認されません。苛立った大輔は言います。「申請させていただいた内容の確認がまあまあ遅いようなのですが、今日中にご確認いただくことは可能でしょうか？」,-11.726647198200226,0.00017810544522944838
103,遅れている,annoyed,boss,マジで,大輔は、急ぎの案件について、上司に申請した内容が数日経ってもまだ確認されません。苛立った大輔は言います。「申請させていただいた内容の確認がマジで遅いようなのですが、今日中にご確認いただくことは可能でしょうか？」,-14.762644052505493,8.553835868951865e-06
103,遅れている,annoyed,boss,めっちゃ,大輔は、急ぎの案件について、上司に申請した内容が数日経ってもまだ確認されません。苛立った大輔は言います。「申請させていただいた内容の確認がめっちゃ遅いようなのですが、今日中にご確認いただくことは可能でしょうか？」,-11.329104959964752,0.000265049806330353
103,遅れている,annoyed,boss,やや,大輔は、急ぎの案件について、上司に申請した内容が数日経ってもまだ確認されません。苛立った大輔は言います。「申請させていただいた内容の確認がやや遅いようなのですが、今日中にご確認いただくことは可能でしょうか？」,-9.699020750820637,0.0013528959825634956
103,遅れている,annoyed,boss,結構,大輔は、急ぎの案件について、上司に申請した内容が数日経ってもまだ確認されません。苛立った大輔は言います。「申請させていただいた内容の確認が結構遅いようなのですが、今日中にご確認いただくことは可能でしょうか？」,-7.821723461151123,0.00884227640926838
103,遅れている,annoyed,boss,若干,大輔は、急ぎの案件について、上司に申請した内容が数日経ってもまだ確認されません。苛立った大輔は言います。「申請させていただいた内容の確認が若干遅いようなのですが、今日中にご確認いただくことは可能でしょうか？」,-6.882628917694092,0.022615578025579453
103,遅れている,annoyed,boss,少し,大輔は、急ぎの案件について、上司に申請した内容が数日経ってもまだ確認されません。苛立った大輔は言います。「申請させていただいた内容の確認が少し遅いようなのですが、今日中にご確認いただくことは可能でしょうか？」,-4.156077980995178,0.3455681800842285
103,遅れている,annoyed,boss,少しも,大輔は、急ぎの案件について、上司に申請した内容が数日経ってもまだ確認されません。苛立った大輔は言います。「申請させていただいた内容の確認が少しも遅いようなのですが、今日中にご確認いただくことは可能でしょうか？」,-8.85880422592163,0.0031344792805612087
103,遅れている,annoyed,boss,全然,大輔は、急ぎの案件について、上司に申請した内容が数日経ってもまだ確認されません。苛立った大輔は言います。「申請させていただいた内容の確認が全然遅いようなのですが、今日中にご確認いただくことは可能でしょうか？」,-8.863254070281982,0.0031205625273287296
103,遅れている,annoyed,boss,相当,大輔は、急ぎの案件について、上司に申請した内容が数日経ってもまだ確認されません。苛立った大輔は言います。「申請させていただいた内容の確認が相当遅いようなのですが、今日中にご確認いただくことは可能でしょうか？」,-6.472957134246826,0.03406636789441109
103,遅れている,annoyed,boss,超,大輔は、急ぎの案件について、上司に申請した内容が数日経ってもまだ確認されません。苛立った大輔は言います。「申請させていただいた内容の確認が超遅いようなのですが、今日中にご確認いただくことは可能でしょうか？」,-10.326560497283936,0.0007223155698738992
103,遅れている,annoyed,boss,非常に,大輔は、急ぎの案件について、上司に申請した内容が数日経ってもまだ確認されません。苛立った大輔は言います。「申請させていただいた内容の確認が非常に遅いようなのですが、今日中にご確認いただくことは可能でしょうか？」,-5.5837321281433105,0.08289176225662231
103,遅れている,annoyed,boss,微妙に,大輔は、急ぎの案件について、上司に申請した内容が数日経ってもまだ確認されません。苛立った大輔は言います。「申請させていただいた内容の確認が微妙に遅いようなのですが、今日中にご確認いただくことは可能でしょうか？」,-10.49539764225483,0.0006101016188040376
103,遅れている,annoyed,boss,普通に,大輔は、急ぎの案件について、上司に申請した内容が数日経ってもまだ確認されません。苛立った大輔は言います。「申請させていただいた内容の確認が普通に遅いようなのですが、今日中にご確認いただくことは可能でしょうか？」,-12.252944946289062,0.00010522265074541792
103,遅れている,annoyed,boss,本当に,大輔は、急ぎの案件について、上司に申請した内容が数日経ってもまだ確認されません。苛立った大輔は言います。「申請させていただいた内容の確認が本当に遅いようなのですが、今日中にご確認いただくことは可能でしょうか？」,-7.403102397918701,0.013439060188829899
103,遅れている,annoyed,boss,全く,大輔は、急ぎの案件について、上司に申請した内容が数日経ってもまだ確認されません。苛立った大輔は言います。「申請させていただいた内容の確認が全く遅いようなのですが、今日中にご確認いただくことは可能でしょうか？」,-9.40483045578003,0.0018156379228457808
104,遅れている,encouraging,boss,あまり,上司が引き受けた確認作業が、予定より押しています。気にしている様子の上司を、大輔が励まします。「確認、あまり遅くありませんよ。明日の朝までにいただければ十分間に合います。」,-8.98456859588623,0.1883096992969513
104,遅れている,encouraging,boss,いまいち,上司が引き受けた確認作業が、予定より押しています。気にしている様子の上司を、大輔が励まします。「確認、いまいち遅くありませんよ。明日の朝までにいただければ十分間に合います。」,-12.389577388763428,0.006253108847886324
104,遅れている,encouraging,boss,かなり,上司が引き受けた確認作業が、予定より押しています。気にしている様子の上司を、大輔が励まします。「確認、かなり遅くありませんよ。明日の朝までにいただければ十分間に合います。」,-11.940653800964355,0.009796279482543468
104,遅れている,encouraging,boss,すごく,上司が引き受けた確認作業が、予定より押しています。気にしている様子の上司を、大輔が励まします。「確認、すごく遅くありませんよ。明日の朝までにいただければ十分間に合います。」,-12.18616771697998,0.00766365323215723
104,遅れている,encouraging,boss,そこまで,上司が引き受けた確認作業が、予定より押しています。気にしている様子の上司を、大輔が励まします。「確認、そこまで遅くありませんよ。明日の朝までにいただければ十分間に合います。」,-11.868178367614746,0.010532631538808346
104,遅れている,encouraging,boss,それほど,上司が引き受けた確認作業が、予定より押しています。気にしている様子の上司を、大輔が励まします。「確認、それほど遅くありませんよ。明日の朝までにいただければ十分間に合います。」,-11.959792137145996,0.009610578417778015
104,遅れている,encouraging,boss,そんなに,上司が引き受けた確認作業が、予定より押しています。気にしている様子の上司を、大輔が励まします。「確認、そんなに遅くありませんよ。明日の朝までにいただければ十分間に合います。」,-9.811495780944824,0.0823650136590004
104,遅れている,encouraging,boss,たいして,上司が引き受けた確認作業が、予定より押しています。気にしている様子の上司を、大輔が励まします。「確認、たいして遅くありませんよ。明日の朝までにいただければ十分間に合います。」,-15.240093231201172,0.00036152044776827097
104,遅れている,encouraging,boss,だいぶ,上司が引き受けた確認作業が、予定より押しています。気にしている様子の上司を、大輔が励まします。「確認、だいぶ遅くありませんよ。明日の朝までにいただければ十分間に合います。」,-12.137618480133824,0.008044901303946972
104,遅れている,encouraging,boss,ちっとも,上司が引き受けた確認作業が、予定より押しています。気にしている様子の上司を、大輔が励まします。「確認、ちっとも遅くありませんよ。明日の朝までにいただければ十分間に合います。」,-17.789231777191162,2.8252432457520626e-05
104,遅れている,encouraging,boss,ちょっと,上司が引き受けた確認作業が、予定より押しています。気にしている様子の上司を、大輔が励まします。「確認、ちょっと遅くありませんよ。明日の朝までにいただければ十分間に合います。」,-9.996539115905762,0.06845095008611679
104,遅れている,encouraging,boss,とても,上司が引き受けた確認作業が、予定より押しています。気にしている様子の上司を、大輔が励まします。「確認、とても遅くありませんよ。明日の朝までにいただければ十分間に合います。」,-8.997252464294434,0.18593628704547882
104,遅れている,encouraging,boss,なかなか,上司が引き受けた確認作業が、予定より押しています。気にしている様子の上司を、大輔が励まします。「確認、なかなか遅くありませんよ。明日の朝までにいただければ十分間に合います。」,-10.953009605407715,0.026302052661776543
104,遅れている,encouraging,boss,（なし）,上司が引き受けた確認作業が、予定より押しています。気にしている様子の上司を、大輔が励まします。「確認、（なし）遅くありませんよ。明日の朝までにいただければ十分間に合います。」,-26.91662883758545,3.0695721520146435e-09
104,遅れている,encouraging,boss,ひどく,上司が引き受けた確認作業が、予定より押しています。気にしている様子の上司を、大輔が励まします。「確認、ひどく遅くありませんよ。明日の朝までにいただければ十分間に合います。」,-17.127952933311462,5.4732587159378454e-05
104,遅れている,encouraging,boss,まあまあ,上司が引き受けた確認作業が、予定より押しています。気にしている様子の上司を、大輔が励まします。「確認、まあまあ遅くありませんよ。明日の朝までにいただければ十分間に合います。」,-12.485301971435547,0.005682291928678751
104,遅れている,encouraging,boss,マジで,上司が引き受けた確認作業が、予定より押しています。気にしている様子の上司を、大輔が励まします。「確認、マジで遅くありませんよ。明日の朝までにいただければ十分間に合います。」,-15.356492400169373,0.00032179662957787514
104,遅れている,encouraging,boss,めっちゃ,上司が引き受けた確認作業が、予定より押しています。気にしている様子の上司を、大輔が励まします。「確認、めっちゃ遅くありませんよ。明日の朝までにいただければ十分間に合います。」,-13.045642018318176,0.003244673367589712
104,遅れている,encouraging,boss,やや,上司が引き受けた確認作業が、予定より押しています。気にしている様子の上司を、大輔が励まします。「確認、やや遅くありませんよ。明日の朝までにいただければ十分間に合います。」,-19.472023487091064,5.25084396940656e-06
104,遅れている,encouraging,boss,結構,上司が引き受けた確認作業が、予定より押しています。気にしている様子の上司を、大輔が励まします。「確認、結構遅くありませんよ。明日の朝までにいただければ十分間に合います。」,-14.576018333435059,0.0007023230427876115
104,遅れている,encouraging,boss,若干,上司が引き受けた確認作業が、予定より押しています。気にしている様子の上司を、大輔が励まします。「確認、若干遅くありませんよ。明日の朝までにいただければ十分間に合います。」,-17.31135845184326,4.55610133940354e-05
104,遅れている,encouraging,boss,少し,上司が引き受けた確認作業が、予定より押しています。気にしている様子の上司を、大輔が励まします。「確認、少し遅くありませんよ。明日の朝までにいただければ十分間に合います。」,-10.776507377624512,0.031379323452711105
104,遅れている,encouraging,boss,少しも,上司が引き受けた確認作業が、予定より押しています。気にしている様子の上司を、大輔が励まします。「確認、少しも遅くありませんよ。明日の朝までにいただければ十分間に合います。」,-12.401576161384583,0.006178530864417553
104,遅れている,encouraging,boss,全然,上司が引き受けた確認作業が、予定より押しています。気にしている様子の上司を、大輔が励まします。「確認、全然遅くありませんよ。明日の朝までにいただければ十分間に合います。」,-10.619437217712402,0.036716245114803314
104,遅れている,encouraging,boss,相当,上司が引き受けた確認作業が、予定より押しています。気にしている様子の上司を、大輔が励まします。「確認、相当遅くありませんよ。明日の朝までにいただければ十分間に合います。」,-14.408843040466309,0.000830118777230382
104,遅れている,encouraging,boss,超,上司が引き受けた確認作業が、予定より押しています。気にしている様子の上司を、大輔が励まします。「確認、超遅くありませんよ。明日の朝までにいただければ十分間に合います。」,-16.155261039733887,0.00014477051445282996
104,遅れている,encouraging,boss,非常に,上司が引き受けた確認作業が、予定より押しています。気にしている様子の上司を、大輔が励まします。「確認、非常に遅くありませんよ。明日の朝までにいただければ十分間に合います。」,-10.700480461120605,0.033858027309179306
104,遅れている,encouraging,boss,微妙に,上司が引き受けた確認作業が、予定より押しています。気にしている様子の上司を、大輔が励まします。「確認、微妙に遅くありませんよ。明日の朝までにいただければ十分間に合います。」,-15.106717765331268,0.00041310169035568833
104,遅れている,encouraging,boss,普通に,上司が引き受けた確認作業が、予定より押しています。気にしている様子の上司を、大輔が励まします。「確認、普通に遅くありませんよ。明日の朝までにいただければ十分間に合います。」,-15.713435173034668,0.00022519724734593183
104,遅れている,encouraging,boss,本当に,上司が引き受けた確認作業が、予定より押しています。気にしている様子の上司を、大輔が励まします。「確認、本当に遅くありませんよ。明日の朝までにいただければ十分間に合います。」,-8.62290072441101,0.2703603208065033
104,遅れている,encouraging,boss,全く,上司が引き受けた確認作業が、予定より押しています。気にしている様子の上司を、大輔が励まします。「確認、全く遅くありませんよ。明日の朝までにいただければ十分間に合います。」,-12.40088939666748,0.006182774901390076
105,遅れている,warning,stranger,あまり,バス営業所の係員が、停留所に掲示する運行情報を書き終えて大輔に見せてきます。大輔は力になりたいと思い、遠慮がちに指摘します。「この路線のバスも今あまり遅れているようですので、書き足されてはいかがでしょうか？」,-10.568434000015259,0.004422998521476984
105,遅れている,warning,stranger,いまいち,バス営業所の係員が、停留所に掲示する運行情報を書き終えて大輔に見せてきます。大輔は力になりたいと思い、遠慮がちに指摘します。「この路線のバスも今いまいち遅れているようですので、書き足されてはいかがでしょうか？」,-13.25635552406311,0.0003008619823958725
105,遅れている,warning,stranger,かなり,バス営業所の係員が、停留所に掲示する運行情報を書き終えて大輔に見せてきます。大輔は力になりたいと思い、遠慮がちに指摘します。「この路線のバスも今かなり遅れているようですので、書き足されてはいかがでしょうか？」,-6.255559921264648,0.3301977515220642
105,遅れている,warning,stranger,すごく,バス営業所の係員が、停留所に掲示する運行情報を書き終えて大輔に見せてきます。大輔は力になりたいと思い、遠慮がちに指摘します。「この路線のバスも今すごく遅れているようですので、書き足されてはいかがでしょうか？」,-9.048120737075806,0.02022928185760975
105,遅れている,warning,stranger,そこまで,バス営業所の係員が、停留所に掲示する運行情報を書き終えて大輔に見せてきます。大輔は力になりたいと思い、遠慮がちに指摘します。「この路線のバスも今そこまで遅れているようですので、書き足されてはいかがでしょうか？」,-12.322580575942993,0.0007654214277863503
105,遅れている,warning,stranger,それほど,バス営業所の係員が、停留所に掲示する運行情報を書き終えて大輔に見せてきます。大輔は力になりたいと思い、遠慮がちに指摘します。「この路線のバスも今それほど遅れているようですので、書き足されてはいかがでしょうか？」,-12.26857590675354,0.0008078943355940282
105,遅れている,warning,stranger,そんなに,バス営業所の係員が、停留所に掲示する運行情報を書き終えて大輔に見せてきます。大輔は力になりたいと思い、遠慮がちに指摘します。「この路線のバスも今そんなに遅れているようですので、書き足されてはいかがでしょうか？」,-12.208414316177368,0.0008579903515055776
105,遅れている,warning,stranger,たいして,バス営業所の係員が、停留所に掲示する運行情報を書き終えて大輔に見せてきます。大輔は力になりたいと思い、遠慮がちに指摘します。「この路線のバスも今たいして遅れているようですので、書き足されてはいかがでしょうか？」,-17.74768614768982,3.371374305061181e-06
105,遅れている,warning,stranger,だいぶ,バス営業所の係員が、停留所に掲示する運行情報を書き終えて大輔に見せてきます。大輔は力になりたいと思い、遠慮がちに指摘します。「この路線のバスも今だいぶ遅れているようですので、書き足されてはいかがでしょうか？」,-11.603774988092482,0.0015706297708675265
105,遅れている,warning,stranger,ちっとも,バス営業所の係員が、停留所に掲示する運行情報を書き終えて大輔に見せてきます。大輔は力になりたいと思い、遠慮がちに指摘します。「この路線のバスも今ちっとも遅れているようですので、書き足されてはいかがでしょうか？」,-19.52448832988739,5.70363454244216e-07
105,遅れている,warning,stranger,ちょっと,バス営業所の係員が、停留所に掲示する運行情報を書き終えて大輔に見せてきます。大輔は力になりたいと思い、遠慮がちに指摘します。「この路線のバスも今ちょっと遅れているようですので、書き足されてはいかがでしょうか？」,-6.848653793334961,0.18247219920158386
105,遅れている,warning,stranger,とても,バス営業所の係員が、停留所に掲示する運行情報を書き終えて大輔に見せてきます。大輔は力になりたいと思い、遠慮がちに指摘します。「この路線のバスも今とても遅れているようですので、書き足されてはいかがでしょうか？」,-7.900919198989868,0.06370943784713745
105,遅れている,warning,stranger,なかなか,バス営業所の係員が、停留所に掲示する運行情報を書き終えて大輔に見せてきます。大輔は力になりたいと思い、遠慮がちに指摘します。「この路線のバスも今なかなか遅れているようですので、書き足されてはいかがでしょうか？」,-11.882292032241821,0.0011888183653354645
105,遅れている,warning,stranger,（なし）,バス営業所の係員が、停留所に掲示する運行情報を書き終えて大輔に見せてきます。大輔は力になりたいと思い、遠慮がちに指摘します。「この路線のバスも今（なし）遅れているようですので、書き足されてはいかがでしょうか？」,-23.30487632751465,1.3012179778115751e-08
105,遅れている,warning,stranger,ひどく,バス営業所の係員が、停留所に掲示する運行情報を書き終えて大輔に見せてきます。大輔は力になりたいと思い、遠慮がちに指摘します。「この路線のバスも今ひどく遅れているようですので、書き足されてはいかがでしょうか？」,-14.37089241296053,9.870290523394942e-05
105,遅れている,warning,stranger,まあまあ,バス営業所の係員が、停留所に掲示する運行情報を書き終えて大輔に見せてきます。大輔は力になりたいと思い、遠慮がちに指摘します。「この路線のバスも今まあまあ遅れているようですので、書き足されてはいかがでしょうか？」,-15.88766074180603,2.1657373508787714e-05
105,遅れている,warning,stranger,マジで,バス営業所の係員が、停留所に掲示する運行情報を書き終えて大輔に見せてきます。大輔は力になりたいと思い、遠慮がちに指摘します。「この路線のバスも今マジで遅れているようですので、書き足されてはいかがでしょうか？」,-12.382711708545685,0.0007207522867247462
105,遅れている,warning,stranger,めっちゃ,バス営業所の係員が、停留所に掲示する運行情報を書き終えて大輔に見せてきます。大輔は力になりたいと思い、遠慮がちに指摘します。「この路線のバスも今めっちゃ遅れているようですので、書き足されてはいかがでしょうか？」,-17.760466814041138,3.3285587051068433e-06
105,遅れている,warning,stranger,やや,バス営業所の係員が、停留所に掲示する運行情報を書き終えて大輔に見せてきます。大輔は力になりたいと思い、遠慮がちに指摘します。「この路線のバスも今やや遅れているようですので、書き足されてはいかがでしょうか？」,-10.179015636444092,0.006528880447149277
105,遅れている,warning,stranger,結構,バス営業所の係員が、停留所に掲示する運行情報を書き終えて大輔に見せてきます。大輔は力になりたいと思い、遠慮がちに指摘します。「この路線のバスも今結構遅れているようですので、書き足されてはいかがでしょうか？」,-8.81846833229065,0.025451725348830223
105,遅れている,warning,stranger,若干,バス営業所の係員が、停留所に掲示する運行情報を書き終えて大輔に見せてきます。大輔は力になりたいと思い、遠慮がちに指摘します。「この路線のバスも今若干遅れているようですので、書き足されてはいかがでしょうか？」,-9.37654709815979,0.014566214755177498
105,遅れている,warning,stranger,少し,バス営業所の係員が、停留所に掲示する運行情報を書き終えて大輔に見せてきます。大輔は力になりたいと思い、遠慮がちに指摘します。「この路線のバスも今少し遅れているようですので、書き足されてはいかがでしょうか？」,-6.511713027954102,0.2555808126926422
105,遅れている,warning,stranger,少しも,バス営業所の係員が、停留所に掲示する運行情報を書き終えて大輔に見せてきます。大輔は力になりたいと思い、遠慮がちに指摘します。「この路線のバスも今少しも遅れているようですので、書き足されてはいかがでしょうか？」,-11.990569829940796,0.0010668192990124226
105,遅れている,warning,stranger,全然,バス営業所の係員が、停留所に掲示する運行情報を書き終えて大輔に見せてきます。大輔は力になりたいと思い、遠慮がちに指摘します。「この路線のバスも今全然遅れているようですので、書き足されてはいかがでしょうか？」,-11.540495157241821,0.001673231367021799
105,遅れている,warning,stranger,相当,バス営業所の係員が、停留所に掲示する運行情報を書き終えて大輔に見せてきます。大輔は力になりたいと思い、遠慮がちに指摘します。「この路線のバスも今相当遅れているようですので、書き足されてはいかがでしょうか？」,-9.728552103042603,0.010244078002870083
105,遅れている,warning,stranger,超,バス営業所の係員が、停留所に掲示する運行情報を書き終えて大輔に見せてきます。大輔は力になりたいと思い、遠慮がちに指摘します。「この路線のバスも今超遅れているようですので、書き足されてはいかがでしょうか？」,-13.923460245132446,0.00015440004062838852
105,遅れている,warning,stranger,非常に,バス営業所の係員が、停留所に掲示する運行情報を書き終えて大輔に見せてきます。大輔は力になりたいと思い、遠慮がちに指摘します。「この路線のバスも今非常に遅れているようですので、書き足されてはいかがでしょうか？」,-7.878309488296509,0.06516629457473755
105,遅れている,warning,stranger,微妙に,バス営業所の係員が、停留所に掲示する運行情報を書き終えて大輔に見せてきます。大輔は力になりたいと思い、遠慮がちに指摘します。「この路線のバスも今微妙に遅れているようですので、書き足されてはいかがでしょうか？」,-10.46140230819583,0.004922663327306509
105,遅れている,warning,stranger,普通に,バス営業所の係員が、停留所に掲示する運行情報を書き終えて大輔に見せてきます。大輔は力になりたいと思い、遠慮がちに指摘します。「この路線のバスも今普通に遅れているようですので、書き足されてはいかがでしょうか？」,-12.65264344215393,0.0005502450512722135
105,遅れている,warning,stranger,本当に,バス営業所の係員が、停留所に掲示する運行情報を書き終えて大輔に見せてきます。大輔は力になりたいと思い、遠慮がちに指摘します。「この路線のバスも今本当に遅れているようですので、書き足されてはいかがでしょうか？」,-10.374269723892212,0.005370828788727522
105,遅れている,warning,stranger,全く,バス営業所の係員が、停留所に掲示する運行情報を書き終えて大輔に見せてきます。大輔は力になりたいと思い、遠慮がちに指摘します。「この路線のバスも今全く遅れているようですので、書き足されてはいかがでしょうか？」,-11.753660440444946,0.0013520086649805307
106,遅れている,non-committal,stranger,あまり,バス停で隣に立った客に、バスと電車のどちらがいいか聞かれます。自分の意見を押し付けたくない大輔は、慎重に答えます。「バス、あまり遅れているみたいですけど、乗り換えがなくて楽ですよ。」,-11.420419692993164,0.0025273761712014675
106,遅れている,non-committal,stranger,いまいち,バス停で隣に立った客に、バスと電車のどちらがいいか聞かれます。自分の意見を押し付けたくない大輔は、慎重に答えます。「バス、いまいち遅れているみたいですけど、乗り換えがなくて楽ですよ。」,-12.77349591255188,0.0006531854160130024
106,遅れている,non-committal,stranger,かなり,バス停で隣に立った客に、バスと電車のどちらがいいか聞かれます。自分の意見を押し付けたくない大輔は、慎重に答えます。「バス、かなり遅れているみたいですけど、乗り換えがなくて楽ですよ。」,-7.646512746810913,0.11006691306829453
106,遅れている,non-committal,stranger,すごく,バス停で隣に立った客に、バスと電車のどちらがいいか聞かれます。自分の意見を押し付けたくない大輔は、慎重に答えます。「バス、すごく遅れているみたいですけど、乗り換えがなくて楽ですよ。」,-9.459432601928711,0.01796039007604122
106,遅れている,non-committal,stranger,そこまで,バス停で隣に立った客に、バスと電車のどちらがいいか聞かれます。自分の意見を押し付けたくない大輔は、慎重に答えます。「バス、そこまで遅れているみたいですけど、乗り換えがなくて楽ですよ。」,-14.669275283813477,9.810923074837774e-05
106,遅れている,non-committal,stranger,それほど,バス停で隣に立った客に、バスと電車のどちらがいいか聞かれます。自分の意見を押し付けたくない大輔は、慎重に答えます。「バス、それほど遅れているみたいですけど、乗り換えがなくて楽ですよ。」,-14.07524299621582,0.00017770302656572312
106,遅れている,non-committal,stranger,そんなに,バス停で隣に立った客に、バスと電車のどちらがいいか聞かれます。自分の意見を押し付けたくない大輔は、慎重に答えます。「バス、そんなに遅れているみたいですけど、乗り換えがなくて楽ですよ。」,-13.110342025756836,0.00046638649655506015
106,遅れている,non-committal,stranger,たいして,バス停で隣に立った客に、バスと電車のどちらがいいか聞かれます。自分の意見を押し付けたくない大輔は、慎重に答えます。「バス、たいして遅れているみたいですけど、乗り換えがなくて楽ですよ。」,-17.325196981430054,6.890609256515745e-06
106,遅れている,non-committal,stranger,だいぶ,バス停で隣に立った客に、バスと電車のどちらがいいか聞かれます。自分の意見を押し付けたくない大輔は、慎重に答えます。「バス、だいぶ遅れているみたいですけど、乗り換えがなくて楽ですよ。」,-13.121168224315625,0.00046136457240208983
106,遅れている,non-committal,stranger,ちっとも,バス停で隣に立った客に、バスと電車のどちらがいいか聞かれます。自分の意見を押し付けたくない大輔は、慎重に答えます。「バス、ちっとも遅れているみたいですけど、乗り換えがなくて楽ですよ。」,-15.487345337867737,4.329386865720153e-05
106,遅れている,non-committal,stranger,ちょっと,バス停で隣に立った客に、バスと電車のどちらがいいか聞かれます。自分の意見を押し付けたくない大輔は、慎重に答えます。「バス、ちょっと遅れているみたいですけど、乗り換えがなくて楽ですよ。」,-5.950086355209351,0.6003512144088745
106,遅れている,non-committal,stranger,とても,バス停で隣に立った客に、バスと電車のどちらがいいか聞かれます。自分の意見を押し付けたくない大輔は、慎重に答えます。「バス、とても遅れているみたいですけど、乗り換えがなくて楽ですよ。」,-10.897001266479492,0.00426567392423749
106,遅れている,non-committal,stranger,なかなか,バス停で隣に立った客に、バスと電車のどちらがいいか聞かれます。自分の意見を押し付けたくない大輔は、慎重に答えます。「バス、なかなか遅れているみたいですけど、乗り換えがなくて楽ですよ。」,-11.313791275024414,0.002811758778989315
106,遅れている,non-committal,stranger,（なし）,バス停で隣に立った客に、バスと電車のどちらがいいか聞かれます。自分の意見を押し付けたくない大輔は、慎重に答えます。「バス、（なし）遅れているみたいですけど、乗り換えがなくて楽ですよ。」,-28.548330307006836,9.206887335855285e-11
106,遅れている,non-committal,stranger,ひどく,バス停で隣に立った客に、バスと電車のどちらがいいか聞かれます。自分の意見を押し付けたくない大輔は、慎重に答えます。「バス、ひどく遅れているみたいですけど、乗り換えがなくて楽ですよ。」,-14.421575002372265,0.00012568541569635272
106,遅れている,non-committal,stranger,まあまあ,バス停で隣に立った客に、バスと電車のどちらがいいか聞かれます。自分の意見を押し付けたくない大輔は、慎重に答えます。「バス、まあまあ遅れているみたいですけど、乗り換えがなくて楽ですよ。」,-16.872857570648193,1.0831934559973888e-05
106,遅れている,non-committal,stranger,マジで,バス停で隣に立った客に、バスと電車のどちらがいいか聞かれます。自分の意見を押し付けたくない大輔は、慎重に答えます。「バス、マジで遅れているみたいですけど、乗り換えがなくて楽ですよ。」,-13.521977111697197,0.00030901175341568887
106,遅れている,non-committal,stranger,めっちゃ,バス停で隣に立った客に、バスと電車のどちらがいいか聞かれます。自分の意見を押し付けたくない大輔は、慎重に答えます。「バス、めっちゃ遅れているみたいですけど、乗り換えがなくて楽ですよ。」,-14.75154933333397,9.036048140842468e-05
106,遅れている,non-committal,stranger,やや,バス停で隣に立った客に、バスと電車のどちらがいいか聞かれます。自分の意見を押し付けたくない大輔は、慎重に答えます。「バス、やや遅れているみたいですけど、乗り換えがなくて楽ですよ。」,-11.461610078811646,0.0024253882002085447
106,遅れている,non-committal,stranger,結構,バス停で隣に立った客に、バスと電車のどちらがいいか聞かれます。自分の意見を押し付けたくない大輔は、慎重に答えます。「バス、結構遅れているみたいですけど、乗り換えがなくて楽ですよ。」,-8.669008016586304,0.039590656757354736
106,遅れている,non-committal,stranger,若干,バス停で隣に立った客に、バスと電車のどちらがいいか聞かれます。自分の意見を押し付けたくない大輔は、慎重に答えます。「バス、若干遅れているみたいですけど、乗り換えがなくて楽ですよ。」,-8.909463882446289,0.031128928065299988
106,遅れている,non-committal,stranger,少し,バス停で隣に立った客に、バスと電車のどちらがいいか聞かれます。自分の意見を押し付けたくない大輔は、慎重に答えます。「バス、少し遅れているみたいですけど、乗り換えがなくて楽ですよ。」,-7.218541860580444,0.16885821521282196
106,遅れている,non-committal,stranger,少しも,バス停で隣に立った客に、バスと電車のどちらがいいか聞かれます。自分の意見を押し付けたくない大輔は、慎重に答えます。「バス、少しも遅れているみたいですけど、乗り換えがなくて楽ですよ。」,-13.2559232711792,0.00040320027619600296
106,遅れている,non-committal,stranger,全然,バス停で隣に立った客に、バスと電車のどちらがいいか聞かれます。自分の意見を押し付けたくない大輔は、慎重に答えます。「バス、全然遅れているみたいですけど、乗り換えがなくて楽ですよ。」,-10.869386672973633,0.00438510999083519
106,遅れている,non-committal,stranger,相当,バス停で隣に立った客に、バスと電車のどちらがいいか聞かれます。自分の意見を押し付けたくない大輔は、慎重に答えます。「バス、相当遅れているみたいですけど、乗り換えがなくて楽ですよ。」,-10.691675186157227,0.00523792952299118
106,遅れている,non-committal,stranger,超,バス停で隣に立った客に、バスと電車のどちらがいいか聞かれます。自分の意見を押し付けたくない大輔は、慎重に答えます。「バス、超遅れているみたいですけど、乗り換えがなくて楽ですよ。」,-12.016374588012695,0.0013926756801083684
106,遅れている,non-committal,stranger,非常に,バス停で隣に立った客に、バスと電車のどちらがいいか聞かれます。自分の意見を押し付けたくない大輔は、慎重に答えます。「バス、非常に遅れているみたいですけど、乗り換えがなくて楽ですよ。」,-11.656435012817383,0.001996042439714074
106,遅れている,non-committal,stranger,微妙に,バス停で隣に立った客に、バスと電車のどちらがいいか聞かれます。自分の意見を押し付けたくない大輔は、慎重に答えます。「バス、微妙に遅れているみたいですけど、乗り換えがなくて楽ですよ。」,-13.18842577189207,0.0004313546814955771
106,遅れている,non-committal,stranger,普通に,バス停で隣に立った客に、バスと電車のどちらがいいか聞かれます。自分の意見を押し付けたくない大輔は、慎重に答えます。「バス、普通に遅れているみたいですけど、乗り換えがなくて楽ですよ。」,-12.401830673217773,0.0009472149540670216
106,遅れている,non-committal,stranger,本当に,バス停で隣に立った客に、バスと電車のどちらがいいか聞かれます。自分の意見を押し付けたくない大輔は、慎重に答えます。「バス、本当に遅れているみたいですけど、乗り換えがなくて楽ですよ。」,-11.552923202514648,0.002213728614151478
106,遅れている,non-committal,stranger,全く,バス停で隣に立った客に、バスと電車のどちらがいいか聞かれます。自分の意見を押し付けたくない大輔は、慎重に答えます。「バス、全く遅れているみたいですけど、乗り換えがなくて楽ですよ。」,-12.921384811401367,0.0005633898545056581
107,遅れている,acknowledge,stranger,あまり,運転手に、この路線は最近ダイヤが見直されたと勧められ、大輔は半信半疑で乗りました。しかし、運転手の言った通りにスムーズに着きました。降車時に、教えてもらったことについて感謝します。「バス、あまり遅れていませんでしたね。教えていただいてありがとうございます。」,-6.037006616592407,0.2220703512430191
107,遅れている,acknowledge,stranger,いまいち,運転手に、この路線は最近ダイヤが見直されたと勧められ、大輔は半信半疑で乗りました。しかし、運転手の言った通りにスムーズに着きました。降車時に、教えてもらったことについて感謝します。「バス、いまいち遅れていませんでしたね。教えていただいてありがとうございます。」,-11.80526351928711,0.0006940141902305186
107,遅れている,acknowledge,stranger,かなり,運転手に、この路線は最近ダイヤが見直されたと勧められ、大輔は半信半疑で乗りました。しかし、運転手の言った通りにスムーズに着きました。降車時に、教えてもらったことについて感謝します。「バス、かなり遅れていませんでしたね。教えていただいてありがとうございます。」,-8.187607049942017,0.025852149352431297
107,遅れている,acknowledge,stranger,すごく,運転手に、この路線は最近ダイヤが見直されたと勧められ、大輔は半信半疑で乗りました。しかし、運転手の言った通りにスムーズに着きました。降車時に、教えてもらったことについて感謝します。「バス、すごく遅れていませんでしたね。教えていただいてありがとうございます。」,-8.756813287734985,0.014631657861173153
107,遅れている,acknowledge,stranger,そこまで,運転手に、この路線は最近ダイヤが見直されたと勧められ、大輔は半信半疑で乗りました。しかし、運転手の言った通りにスムーズに着きました。降車時に、教えてもらったことについて感謝します。「バス、そこまで遅れていませんでしたね。教えていただいてありがとうございます。」,-9.646175622940063,0.006012407597154379
107,遅れている,acknowledge,stranger,それほど,運転手に、この路線は最近ダイヤが見直されたと勧められ、大輔は半信半疑で乗りました。しかし、運転手の言った通りにスムーズに着きました。降車時に、教えてもらったことについて感謝します。「バス、それほど遅れていませんでしたね。教えていただいてありがとうございます。」,-8.980285882949829,0.011701475828886032
107,遅れている,acknowledge,stranger,そんなに,運転手に、この路線は最近ダイヤが見直されたと勧められ、大輔は半信半疑で乗りました。しかし、運転手の言った通りにスムーズに着きました。降車時に、教えてもらったことについて感謝します。「バス、そんなに遅れていませんでしたね。教えていただいてありがとうございます。」,-6.77759575843811,0.10589044541120529
107,遅れている,acknowledge,stranger,たいして,運転手に、この路線は最近ダイヤが見直されたと勧められ、大輔は半信半疑で乗りました。しかし、運転手の言った通りにスムーズに着きました。降車時に、教えてもらったことについて感謝します。「バス、たいして遅れていませんでしたね。教えていただいてありがとうございます。」,-15.652313470840454,1.4812074368819594e-05
107,遅れている,acknowledge,stranger,だいぶ,運転手に、この路線は最近ダイヤが見直されたと勧められ、大輔は半信半疑で乗りました。しかし、運転手の言った通りにスムーズに着きました。降車時に、教えてもらったことについて感謝します。「バス、だいぶ遅れていませんでしたね。教えていただいてありがとうございます。」,-11.384477031067945,0.001057094312272966
107,遅れている,acknowledge,stranger,ちっとも,運転手に、この路線は最近ダイヤが見直されたと勧められ、大輔は半信半疑で乗りました。しかし、運転手の言った通りにスムーズに着きました。降車時に、教えてもらったことについて感謝します。「バス、ちっとも遅れていませんでしたね。教えていただいてありがとうございます。」,-14.265484422445297,5.9279947890900075e-05
107,遅れている,acknowledge,stranger,ちょっと,運転手に、この路線は最近ダイヤが見直されたと勧められ、大輔は半信半疑で乗りました。しかし、運転手の言った通りにスムーズに着きました。降車時に、教えてもらったことについて感謝します。「バス、ちょっと遅れていませんでしたね。教えていただいてありがとうございます。」,-6.409088373184204,0.15307262539863586
107,遅れている,acknowledge,stranger,とても,運転手に、この路線は最近ダイヤが見直されたと勧められ、大輔は半信半疑で乗りました。しかし、運転手の言った通りにスムーズに着きました。降車時に、教えてもらったことについて感謝します。「バス、とても遅れていませんでしたね。教えていただいてありがとうございます。」,-7.492706537246704,0.05179503560066223
107,遅れている,acknowledge,stranger,なかなか,運転手に、この路線は最近ダイヤが見直されたと勧められ、大輔は半信半疑で乗りました。しかし、運転手の言った通りにスムーズに着きました。降車時に、教えてもらったことについて感謝します。「バス、なかなか遅れていませんでしたね。教えていただいてありがとうございます。」,-7.15351128578186,0.07271077483892441
107,遅れている,acknowledge,stranger,（なし）,運転手に、この路線は最近ダイヤが見直されたと勧められ、大輔は半信半疑で乗りました。しかし、運転手の言った通りにスムーズに着きました。降車時に、教えてもらったことについて感謝します。「バス、（なし）遅れていませんでしたね。教えていただいてありがとうございます。」,-28.391322135925293,4.346445078851069e-11
107,遅れている,acknowledge,stranger,ひどく,運転手に、この路線は最近ダイヤが見直されたと勧められ、大輔は半信半疑で乗りました。しかし、運転手の言った通りにスムーズに着きました。降車時に、教えてもらったことについて感謝します。「バス、ひどく遅れていませんでしたね。教えていただいてありがとうございます。」,-13.643285065889359,0.0001104398543247953
107,遅れている,acknowledge,stranger,まあまあ,運転手に、この路線は最近ダイヤが見直されたと勧められ、大輔は半信半疑で乗りました。しかし、運転手の言った通りにスムーズに着きました。降車時に、教えてもらったことについて感謝します。「バス、まあまあ遅れていませんでしたね。教えていただいてありがとうございます。」,-13.310579538345337,0.00015403449651785195
107,遅れている,acknowledge,stranger,マジで,運転手に、この路線は最近ダイヤが見直されたと勧められ、大輔は半信半疑で乗りました。しかし、運転手の言った通りにスムーズに着きました。降車時に、教えてもらったことについて感謝します。「バス、マジで遅れていませんでしたね。教えていただいてありがとうございます。」,-14.154718846082687,6.62236416246742e-05
107,遅れている,acknowledge,stranger,めっちゃ,運転手に、この路線は最近ダイヤが見直されたと勧められ、大輔は半信半疑で乗りました。しかし、運転手の言った通りにスムーズに着きました。降車時に、教えてもらったことについて感謝します。「バス、めっちゃ遅れていませんでしたね。教えていただいてありがとうございます。」,-12.771816700696945,0.0002639974991325289
107,遅れている,acknowledge,stranger,やや,運転手に、この路線は最近ダイヤが見直されたと勧められ、大輔は半信半疑で乗りました。しかし、運転手の言った通りにスムーズに着きました。降車時に、教えてもらったことについて感謝します。「バス、やや遅れていませんでしたね。教えていただいてありがとうございます。」,-12.092513918876648,0.0005207353387959301
107,遅れている,acknowledge,stranger,結構,運転手に、この路線は最近ダイヤが見直されたと勧められ、大輔は半信半疑で乗りました。しかし、運転手の言った通りにスムーズに着きました。降車時に、教えてもらったことについて感謝します。「バス、結構遅れていませんでしたね。教えていただいてありがとうございます。」,-9.206047296524048,0.00933670625090599
107,遅れている,acknowledge,stranger,若干,運転手に、この路線は最近ダイヤが見直されたと勧められ、大輔は半信半疑で乗りました。しかし、運転手の言った通りにスムーズに着きました。降車時に、教えてもらったことについて感謝します。「バス、若干遅れていませんでしたね。教えていただいてありがとうございます。」,-10.541790246963501,0.0024552056565880775
107,遅れている,acknowledge,stranger,少し,運転手に、この路線は最近ダイヤが見直されたと勧められ、大輔は半信半疑で乗りました。しかし、運転手の言った通りにスムーズに着きました。降車時に、教えてもらったことについて感謝します。「バス、少し遅れていませんでしたね。教えていただいてありがとうございます。」,-7.957176446914673,0.03255153074860573
107,遅れている,acknowledge,stranger,少しも,運転手に、この路線は最近ダイヤが見直されたと勧められ、大輔は半信半疑で乗りました。しかし、運転手の言った通りにスムーズに着きました。降車時に、教えてもらったことについて感謝します。「バス、少しも遅れていませんでしたね。教えていただいてありがとうございます。」,-11.070618510246277,0.0014468401204794645
107,遅れている,acknowledge,stranger,全然,運転手に、この路線は最近ダイヤが見直されたと勧められ、大輔は半信半疑で乗りました。しかし、運転手の言った通りにスムーズに着きました。降車時に、教えてもらったことについて感謝します。「バス、全然遅れていませんでしたね。教えていただいてありがとうございます。」,-6.193310022354126,0.18993669748306274
107,遅れている,acknowledge,stranger,相当,運転手に、この路線は最近ダイヤが見直されたと勧められ、大輔は半信半疑で乗りました。しかし、運転手の言った通りにスムーズに着きました。降車時に、教えてもらったことについて感謝します。「バス、相当遅れていませんでしたね。教えていただいてありがとうございます。」,-10.702274560928345,0.0020911754108965397
107,遅れている,acknowledge,stranger,超,運転手に、この路線は最近ダイヤが見直されたと勧められ、大輔は半信半疑で乗りました。しかし、運転手の言った通りにスムーズに着きました。降車時に、教えてもらったことについて感謝します。「バス、超遅れていませんでしたね。教えていただいてありがとうございます。」,-11.234405755996704,0.001228255801834166
107,遅れている,acknowledge,stranger,非常に,運転手に、この路線は最近ダイヤが見直されたと勧められ、大輔は半信半疑で乗りました。しかし、運転手の言った通りにスムーズに着きました。降車時に、教えてもらったことについて感謝します。「バス、非常に遅れていませんでしたね。教えていただいてありがとうございます。」,-9.902645349502563,0.004652271047234535
107,遅れている,acknowledge,stranger,微妙に,運転手に、この路線は最近ダイヤが見直されたと勧められ、大輔は半信半疑で乗りました。しかし、運転手の言った通りにスムーズに着きました。降車時に、教えてもらったことについて感謝します。「バス、微妙に遅れていませんでしたね。教えていただいてありがとうございます。」,-11.091850370168686,0.0014164451276883483
107,遅れている,acknowledge,stranger,普通に,運転手に、この路線は最近ダイヤが見直されたと勧められ、大輔は半信半疑で乗りました。しかし、運転手の言った通りにスムーズに着きました。降車時に、教えてもらったことについて感謝します。「バス、普通に遅れていませんでしたね。教えていただいてありがとうございます。」,-11.964081048965454,0.0005920996773056686
107,遅れている,acknowledge,stranger,本当に,運転手に、この路線は最近ダイヤが見直されたと勧められ、大輔は半信半疑で乗りました。しかし、運転手の言った通りにスムーズに着きました。降車時に、教えてもらったことについて感謝します。「バス、本当に遅れていませんでしたね。教えていただいてありがとうございます。」,-7.252117395401001,0.06588319689035416
107,遅れている,acknowledge,stranger,全く,運転手に、この路線は最近ダイヤが見直されたと勧められ、大輔は半信半疑で乗りました。しかし、運転手の言った通りにスムーズに着きました。降車時に、教えてもらったことについて感謝します。「バス、全く遅れていませんでしたね。教えていただいてありがとうございます。」,-8.36121392250061,0.02173202484846115
108,遅れている,neutral-positive,stranger,あまり,同じ路線のバスを通勤に使おうかと迷っている客に、大輔は今朝のバスがどれくらい遅れていたか聞かれ、答えます。「バス、あまり遅れていませんでした。」,-7.111395359039307,0.1340525597333908
108,遅れている,neutral-positive,stranger,いまいち,同じ路線のバスを通勤に使おうかと迷っている客に、大輔は今朝のバスがどれくらい遅れていたか聞かれ、答えます。「バス、いまいち遅れていませんでした。」,-10.50195860862732,0.004516188986599445
108,遅れている,neutral-positive,stranger,かなり,同じ路線のバスを通勤に使おうかと迷っている客に、大輔は今朝のバスがどれくらい遅れていたか聞かれ、答えます。「バス、かなり遅れていませんでした。」,-10.039862155914307,0.0071689956821501255
108,遅れている,neutral-positive,stranger,すごく,同じ路線のバスを通勤に使おうかと迷っている客に、大輔は今朝のバスがどれくらい遅れていたか聞かれ、答えます。「バス、すごく遅れていませんでした。」,-11.456228733062744,0.0017391543369740248
108,遅れている,neutral-positive,stranger,そこまで,同じ路線のバスを通勤に使おうかと迷っている客に、大輔は今朝のバスがどれくらい遅れていたか聞かれ、答えます。「バス、そこまで遅れていませんでした。」,-10.92971658706665,0.0029444179963320494
108,遅れている,neutral-positive,stranger,それほど,同じ路線のバスを通勤に使おうかと迷っている客に、大輔は今朝のバスがどれくらい遅れていたか聞かれ、答えます。「バス、それほど遅れていませんでした。」,-8.99593210220337,0.02036251313984394
108,遅れている,neutral-positive,stranger,そんなに,同じ路線のバスを通勤に使おうかと迷っている客に、大輔は今朝のバスがどれくらい遅れていたか聞かれ、答えます。「バス、そんなに遅れていませんでした。」,-7.423166751861572,0.09814642369747162
108,遅れている,neutral-positive,stranger,たいして,同じ路線のバスを通勤に使おうかと迷っている客に、大輔は今朝のバスがどれくらい遅れていたか聞かれ、答えます。「バス、たいして遅れていませんでした。」,-13.972075819969177,0.00014051399193704128
108,遅れている,neutral-positive,stranger,だいぶ,同じ路線のバスを通勤に使おうかと迷っている客に、大輔は今朝のバスがどれくらい遅れていたか聞かれ、答えます。「バス、だいぶ遅れていませんでした。」,-10.945889224531129,0.0028971796855330467
108,遅れている,neutral-positive,stranger,ちっとも,同じ路線のバスを通勤に使おうかと迷っている客に、大輔は今朝のバスがどれくらい遅れていたか聞かれ、答えます。「バス、ちっとも遅れていませんでした。」,-13.724142283201218,0.00018005106539931148
108,遅れている,neutral-positive,stranger,ちょっと,同じ路線のバスを通勤に使おうかと迷っている客に、大輔は今朝のバスがどれくらい遅れていたか聞かれ、答えます。「バス、ちょっと遅れていませんでした。」,-8.677984714508057,0.02798428386449814
108,遅れている,neutral-positive,stranger,とても,同じ路線のバスを通勤に使おうかと迷っている客に、大輔は今朝のバスがどれくらい遅れていたか聞かれ、答えます。「バス、とても遅れていませんでした。」,-8.975637912750244,0.02077997662127018
108,遅れている,neutral-positive,stranger,なかなか,同じ路線のバスを通勤に使おうかと迷っている客に、大輔は今朝のバスがどれくらい遅れていたか聞かれ、答えます。「バス、なかなか遅れていませんでした。」,-9.275938510894775,0.015389557927846909
108,遅れている,neutral-positive,stranger,（なし）,同じ路線のバスを通勤に使おうかと迷っている客に、大輔は今朝のバスがどれくらい遅れていたか聞かれ、答えます。「バス、（なし）遅れていませんでした。」,-25.721099853515625,1.1096420449163702e-09
108,遅れている,neutral-positive,stranger,ひどく,同じ路線のバスを通勤に使おうかと迷っている客に、大輔は今朝のバスがどれくらい遅れていたか聞かれ、答えます。「バス、ひどく遅れていませんでした。」,-13.415298223495483,0.000245202420046553
108,遅れている,neutral-positive,stranger,まあまあ,同じ路線のバスを通勤に使おうかと迷っている客に、大輔は今朝のバスがどれくらい遅れていたか聞かれ、答えます。「バス、まあまあ遅れていませんでした。」,-13.682037115097046,0.00018779392121359706
108,遅れている,neutral-positive,stranger,マジで,同じ路線のバスを通勤に使おうかと迷っている客に、大輔は今朝のバスがどれくらい遅れていたか聞かれ、答えます。「バス、マジで遅れていませんでした。」,-12.381945967674255,0.0006891348748467863
108,遅れている,neutral-positive,stranger,めっちゃ,同じ路線のバスを通勤に使おうかと迷っている客に、大輔は今朝のバスがどれくらい遅れていたか聞かれ、答えます。「バス、めっちゃ遅れていませんでした。」,-13.723791748285294,0.00018011408974416554
108,遅れている,neutral-positive,stranger,やや,同じ路線のバスを通勤に使おうかと迷っている客に、大輔は今朝のバスがどれくらい遅れていたか聞かれ、答えます。「バス、やや遅れていませんでした。」,-12.68360161781311,0.0005096790846437216
108,遅れている,neutral-positive,stranger,結構,同じ路線のバスを通勤に使おうかと迷っている客に、大輔は今朝のバスがどれくらい遅れていたか聞かれ、答えます。「バス、結構遅れていませんでした。」,-11.98711633682251,0.001022766693495214
108,遅れている,neutral-positive,stranger,若干,同じ路線のバスを通勤に使おうかと迷っている客に、大輔は今朝のバスがどれくらい遅れていたか聞かれ、答えます。「バス、若干遅れていませんでした。」,-12.098692417144775,0.0009147864184342325
108,遅れている,neutral-positive,stranger,少し,同じ路線のバスを通勤に使おうかと迷っている客に、大輔は今朝のバスがどれくらい遅れていたか聞かれ、答えます。「バス、少し遅れていませんでした。」,-10.022276401519775,0.00729618314653635
108,遅れている,neutral-positive,stranger,少しも,同じ路線のバスを通勤に使おうかと迷っている客に、大輔は今朝のバスがどれくらい遅れていたか聞かれ、答えます。「バス、少しも遅れていませんでした。」,-11.30963921546936,0.0020137291867285967
108,遅れている,neutral-positive,stranger,全然,同じ路線のバスを通勤に使おうかと迷っている客に、大輔は今朝のバスがどれくらい遅れていたか聞かれ、答えます。「バス、全然遅れていませんでした。」,-6.000647068023682,0.4070679843425751
108,遅れている,neutral-positive,stranger,相当,同じ路線のバスを通勤に使おうかと迷っている客に、大輔は今朝のバスがどれくらい遅れていたか聞かれ、答えます。「バス、相当遅れていませんでした。」,-11.915419101715088,0.0010987890418618917
108,遅れている,neutral-positive,stranger,超,同じ路線のバスを通勤に使おうかと迷っている客に、大輔は今朝のバスがどれくらい遅れていたか聞かれ、答えます。「バス、超遅れていませんでした。」,-12.850157260894775,0.00043148198164999485
108,遅れている,neutral-positive,stranger,非常に,同じ路線のバスを通勤に使おうかと迷っている客に、大輔は今朝のバスがどれくらい遅れていたか聞かれ、答えます。「バス、非常に遅れていませんでした。」,-11.473917484283447,0.001708661438897252
108,遅れている,neutral-positive,stranger,微妙に,同じ路線のバスを通勤に使おうかと迷っている客に、大輔は今朝のバスがどれくらい遅れていたか聞かれ、答えます。「バス、微妙に遅れていませんでした。」,-11.241318047046661,0.0021561183966696262
108,遅れている,neutral-positive,stranger,普通に,同じ路線のバスを通勤に使おうかと迷っている客に、大輔は今朝のバスがどれくらい遅れていたか聞かれ、答えます。「バス、普通に遅れていませんでした。」,-11.78951120376587,0.0012462219456210732
108,遅れている,neutral-positive,stranger,本当に,同じ路線のバスを通勤に使おうかと迷っている客に、大輔は今朝のバスがどれくらい遅れていたか聞かれ、答えます。「バス、本当に遅れていませんでした。」,-8.008280277252197,0.054671768099069595
108,遅れている,neutral-positive,stranger,全く,同じ路線のバスを通勤に使おうかと迷っている客に、大輔は今朝のバスがどれくらい遅れていたか聞かれ、答えます。「バス、全く遅れていませんでした。」,-6.804205417633057,0.182257741689682
109,遅れている,neutral-negative,stranger,あまり,同じ路線のバスを通勤に使おうかと迷っている客に、大輔は今朝のバスがどれくらい遅れていたか聞かれ、答えます。「バス、あまり遅れていました。」,-8.501299381256104,0.006489836145192385
109,遅れている,neutral-negative,stranger,いまいち,同じ路線のバスを通勤に使おうかと迷っている客に、大輔は今朝のバスがどれくらい遅れていたか聞かれ、答えます。「バス、いまいち遅れていました。」,-12.774450540542603,9.045397018780932e-05
109,遅れている,neutral-negative,stranger,かなり,同じ路線のバスを通勤に使おうかと迷っている客に、大輔は今朝のバスがどれくらい遅れていたか聞かれ、答えます。「バス、かなり遅れていました。」,-4.50708270072937,0.35228946805000305
109,遅れている,neutral-negative,stranger,すごく,同じ路線のバスを通勤に使おうかと迷っている客に、大輔は今朝のバスがどれくらい遅れていたか聞かれ、答えます。「バス、すごく遅れていました。」,-6.31042742729187,0.058038610965013504
109,遅れている,neutral-negative,stranger,そこまで,同じ路線のバスを通勤に使おうかと迷っている客に、大輔は今朝のバスがどれくらい遅れていたか聞かれ、答えます。「バス、そこまで遅れていました。」,-11.356619358062744,0.00037340831477195024
109,遅れている,neutral-negative,stranger,それほど,同じ路線のバスを通勤に使おうかと迷っている客に、大輔は今朝のバスがどれくらい遅れていたか聞かれ、答えます。「バス、それほど遅れていました。」,-9.893343448638916,0.0016131569864228368
109,遅れている,neutral-negative,stranger,そんなに,同じ路線のバスを通勤に使おうかと迷っている客に、大輔は今朝のバスがどれくらい遅れていたか聞かれ、答えます。「バス、そんなに遅れていました。」,-8.945677280426025,0.004161432385444641
109,遅れている,neutral-negative,stranger,たいして,同じ路線のバスを通勤に使おうかと迷っている客に、大輔は今朝のバスがどれくらい遅れていたか聞かれ、答えます。「バス、たいして遅れていました。」,-13.210854649543762,5.846550266142003e-05
109,遅れている,neutral-negative,stranger,だいぶ,同じ路線のバスを通勤に使おうかと迷っている客に、大輔は今朝のバスがどれくらい遅れていたか聞かれ、答えます。「バス、だいぶ遅れていました。」,-9.52478695200989,0.002332053380087018
109,遅れている,neutral-negative,stranger,ちっとも,同じ路線のバスを通勤に使おうかと迷っている客に、大輔は今朝のバスがどれくらい遅れていたか聞かれ、答えます。「バス、ちっとも遅れていました。」,-14.401203989982605,1.7780232155928388e-05
109,遅れている,neutral-negative,stranger,ちょっと,同じ路線のバスを通勤に使おうかと迷っている客に、大輔は今朝のバスがどれくらい遅れていたか聞かれ、答えます。「バス、ちょっと遅れていました。」,-5.189337491989136,0.17807385325431824
109,遅れている,neutral-negative,stranger,とても,同じ路線のバスを通勤に使おうかと迷っている客に、大輔は今朝のバスがどれくらい遅れていたか聞かれ、答えます。「バス、とても遅れていました。」,-6.518488645553589,0.04713648185133934
109,遅れている,neutral-negative,stranger,なかなか,同じ路線のバスを通勤に使おうかと迷っている客に、大輔は今朝のバスがどれくらい遅れていたか聞かれ、答えます。「バス、なかなか遅れていました。」,-9.064241886138916,0.003696161089465022
109,遅れている,neutral-negative,stranger,（なし）,同じ路線のバスを通勤に使おうかと迷っている客に、大輔は今朝のバスがどれくらい遅れていたか聞かれ、答えます。「バス、（なし）遅れていました。」,-20.44124549627304,4.234289718851869e-08
109,遅れている,neutral-negative,stranger,ひどく,同じ路線のバスを通勤に使おうかと迷っている客に、大輔は今朝のバスがどれくらい遅れていたか聞かれ、答えます。「バス、ひどく遅れていました。」,-11.587850093841553,0.00029632027144543827
109,遅れている,neutral-negative,stranger,まあまあ,同じ路線のバスを通勤に使おうかと迷っている客に、大輔は今朝のバスがどれくらい遅れていたか聞かれ、答えます。「バス、まあまあ遅れていました。」,-11.825420379638672,0.00023366093228105456
109,遅れている,neutral-negative,stranger,マジで,同じ路線のバスを通勤に使おうかと迷っている客に、大輔は今朝のバスがどれくらい遅れていたか聞かれ、答えます。「バス、マジで遅れていました。」,-11.03653860092163,0.0005142719601280987
109,遅れている,neutral-negative,stranger,めっちゃ,同じ路線のバスを通勤に使おうかと迷っている客に、大輔は今朝のバスがどれくらい遅れていたか聞かれ、答えます。「バス、めっちゃ遅れていました。」,-11.80949804186821,0.00023741117911413312
109,遅れている,neutral-negative,stranger,やや,同じ路線のバスを通勤に使おうかと迷っている客に、大輔は今朝のバスがどれくらい遅れていたか聞かれ、答えます。「バス、やや遅れていました。」,-10.436340928077698,0.0009372500353492796
109,遅れている,neutral-negative,stranger,結構,同じ路線のバスを通勤に使おうかと迷っている客に、大輔は今朝のバスがどれくらい遅れていたか聞かれ、答えます。「バス、結構遅れていました。」,-6.705931186676025,0.03907977044582367
109,遅れている,neutral-negative,stranger,若干,同じ路線のバスを通勤に使おうかと迷っている客に、大輔は今朝のバスがどれくらい遅れていたか聞かれ、答えます。「バス、若干遅れていました。」,-8.227999210357666,0.008529556915163994
109,遅れている,neutral-negative,stranger,少し,同じ路線のバスを通勤に使おうかと迷っている客に、大輔は今朝のバスがどれくらい遅れていたか聞かれ、答えます。「バス、少し遅れていました。」,-6.0790698528289795,0.07314663380384445
109,遅れている,neutral-negative,stranger,少しも,同じ路線のバスを通勤に使おうかと迷っている客に、大輔は今朝のバスがどれくらい遅れていたか聞かれ、答えます。「バス、少しも遅れていました。」,-10.746367692947388,0.0006874051759950817
109,遅れている,neutral-negative,stranger,全然,同じ路線のバスを通勤に使おうかと迷っている客に、大輔は今朝のバスがどれくらい遅れていたか聞かれ、答えます。「バス、全然遅れていました。」,-7.081854343414307,0.02683432400226593
109,遅れている,neutral-negative,stranger,相当,同じ路線のバスを通勤に使おうかと迷っている客に、大輔は今朝のバスがどれくらい遅れていたか聞かれ、答えます。「バス、相当遅れていました。」,-7.381571292877197,0.019884983077645302
109,遅れている,neutral-negative,stranger,超,同じ路線のバスを通勤に使おうかと迷っている客に、大輔は今朝のバスがどれくらい遅れていたか聞かれ、答えます。「バス、超遅れていました。」,-8.788549900054932,0.004869477823376656
109,遅れている,neutral-negative,stranger,非常に,同じ路線のバスを通勤に使おうかと迷っている客に、大輔は今朝のバスがどれくらい遅れていたか聞かれ、答えます。「バス、非常に遅れていました。」,-7.467871189117432,0.018240874633193016
109,遅れている,neutral-negative,stranger,微妙に,同じ路線のバスを通勤に使おうかと迷っている客に、大輔は今朝のバスがどれくらい遅れていたか聞かれ、答えます。「バス、微妙に遅れていました。」,-8.970076523721218,0.004061123356223106
109,遅れている,neutral-negative,stranger,普通に,同じ路線のバスを通勤に使おうかと迷っている客に、大輔は今朝のバスがどれくらい遅れていたか聞かれ、答えます。「バス、普通に遅れていました。」,-8.167276859283447,0.00906353909522295
109,遅れている,neutral-negative,stranger,本当に,同じ路線のバスを通勤に使おうかと迷っている客に、大輔は今朝のバスがどれくらい遅れていたか聞かれ、答えます。「バス、本当に遅れていました。」,-5.525534391403198,0.12723064422607422
109,遅れている,neutral-negative,stranger,全く,同じ路線のバスを通勤に使おうかと迷っている客に、大輔は今朝のバスがどれくらい遅れていたか聞かれ、答えます。「バス、全く遅れていました。」,-7.905004978179932,0.011781508103013039
110,遅れている,annoyed,stranger,あまり,大輔は昼食にサンドイッチを注文したのですが、三十分待っても来ません。他の客には次々と料理が運ばれ、休憩時間もあと十分となって焦っています。注文を受けた店員も昼休憩に入ってしまい、苛立った大輔は二度目に店員を呼び止めて言います。「注文したもの、あまり遅いんですけど、あとどれくらいで出来上がりますか？」,-9.589941501617432,0.02855081483721733
110,遅れている,annoyed,stranger,いまいち,大輔は昼食にサンドイッチを注文したのですが、三十分待っても来ません。他の客には次々と料理が運ばれ、休憩時間もあと十分となって焦っています。注文を受けた店員も昼休憩に入ってしまい、苛立った大輔は二度目に店員を呼び止めて言います。「注文したもの、いまいち遅いんですけど、あとどれくらいで出来上がりますか？」,-12.614081859588623,0.001387556316331029
110,遅れている,annoyed,stranger,かなり,大輔は昼食にサンドイッチを注文したのですが、三十分待っても来ません。他の客には次々と料理が運ばれ、休憩時間もあと十分となって焦っています。注文を受けた店員も昼休憩に入ってしまい、苛立った大輔は二度目に店員を呼び止めて言います。「注文したもの、かなり遅いんですけど、あとどれくらいで出来上がりますか？」,-8.591902256011963,0.07745713740587234
110,遅れている,annoyed,stranger,すごく,大輔は昼食にサンドイッチを注文したのですが、三十分待っても来ません。他の客には次々と料理が運ばれ、休憩時間もあと十分となって焦っています。注文を受けた店員も昼休憩に入ってしまい、苛立った大輔は二度目に店員を呼び止めて言います。「注文したもの、すごく遅いんですけど、あとどれくらいで出来上がりますか？」,-9.400488376617432,0.0345061831176281
110,遅れている,annoyed,stranger,そこまで,大輔は昼食にサンドイッチを注文したのですが、三十分待っても来ません。他の客には次々と料理が運ばれ、休憩時間もあと十分となって焦っています。注文を受けた店員も昼休憩に入ってしまい、苛立った大輔は二度目に店員を呼び止めて言います。「注文したもの、そこまで遅いんですけど、あとどれくらいで出来上がりますか？」,-12.601541519165039,0.0014050669269636273
110,遅れている,annoyed,stranger,それほど,大輔は昼食にサンドイッチを注文したのですが、三十分待っても来ません。他の客には次々と料理が運ばれ、休憩時間もあと十分となって焦っています。注文を受けた店員も昼休憩に入ってしまい、苛立った大輔は二度目に店員を呼び止めて言います。「注文したもの、それほど遅いんですけど、あとどれくらいで出来上がりますか？」,-12.875936508178711,0.0010678955586627126
110,遅れている,annoyed,stranger,そんなに,大輔は昼食にサンドイッチを注文したのですが、三十分待っても来ません。他の客には次々と料理が運ばれ、休憩時間もあと十分となって焦っています。注文を受けた店員も昼休憩に入ってしまい、苛立った大輔は二度目に店員を呼び止めて言います。「注文したもの、そんなに遅いんですけど、あとどれくらいで出来上がりますか？」,-10.547804355621338,0.01095529180020094
110,遅れている,annoyed,stranger,たいして,大輔は昼食にサンドイッチを注文したのですが、三十分待っても来ません。他の客には次々と料理が運ばれ、休憩時間もあと十分となって焦っています。注文を受けた店員も昼休憩に入ってしまい、苛立った大輔は二度目に店員を呼び止めて言います。「注文したもの、たいして遅いんですけど、あとどれくらいで出来上がりますか？」,-18.26707410812378,4.8661677283234894e-06
110,遅れている,annoyed,stranger,だいぶ,大輔は昼食にサンドイッチを注文したのですが、三十分待っても来ません。他の客には次々と料理が運ばれ、休憩時間もあと十分となって焦っています。注文を受けた店員も昼休憩に入ってしまい、苛立った大輔は二度目に店員を呼び止めて言います。「注文したもの、だいぶ遅いんですけど、あとどれくらいで出来上がりますか？」,-13.633085565175861,0.0005008449079468846
110,遅れている,annoyed,stranger,ちっとも,大輔は昼食にサンドイッチを注文したのですが、三十分待っても来ません。他の客には次々と料理が運ばれ、休憩時間もあと十分となって焦っています。注文を受けた店員も昼休憩に入ってしまい、苛立った大輔は二度目に店員を呼び止めて言います。「注文したもの、ちっとも遅いんですけど、あとどれくらいで出来上がりますか？」,-20.147404193878174,7.42284669286164e-07
110,遅れている,annoyed,stranger,ちょっと,大輔は昼食にサンドイッチを注文したのですが、三十分待っても来ません。他の客には次々と料理が運ばれ、休憩時間もあと十分となって焦っています。注文を受けた店員も昼休憩に入ってしまい、苛立った大輔は二度目に店員を呼び止めて言います。「注文したもの、ちょっと遅いんですけど、あとどれくらいで出来上がりますか？」,-6.70803689956665,0.5095813870429993
110,遅れている,annoyed,stranger,とても,大輔は昼食にサンドイッチを注文したのですが、三十分待っても来ません。他の客には次々と料理が運ばれ、休憩時間もあと十分となって焦っています。注文を受けた店員も昼休憩に入ってしまい、苛立った大輔は二度目に店員を呼び止めて言います。「注文したもの、とても遅いんですけど、あとどれくらいで出来上がりますか？」,-8.427099704742432,0.09133438020944595
110,遅れている,annoyed,stranger,なかなか,大輔は昼食にサンドイッチを注文したのですが、三十分待っても来ません。他の客には次々と料理が運ばれ、休憩時間もあと十分となって焦っています。注文を受けた店員も昼休憩に入ってしまい、苛立った大輔は二度目に店員を呼び止めて言います。「注文したもの、なかなか遅いんですけど、あとどれくらいで出来上がりますか？」,-11.032351016998291,0.006748200859874487
110,遅れている,annoyed,stranger,（なし）,大輔は昼食にサンドイッチを注文したのですが、三十分待っても来ません。他の客には次々と料理が運ばれ、休憩時間もあと十分となって焦っています。注文を受けた店員も昼休憩に入ってしまい、苛立った大輔は二度目に店員を呼び止めて言います。「注文したもの、（なし）遅いんですけど、あとどれくらいで出来上がりますか？」,-31.3837947845459,9.78741133278449e-12
110,遅れている,annoyed,stranger,ひどく,大輔は昼食にサンドイッチを注文したのですが、三十分待っても来ません。他の客には次々と料理が運ばれ、休憩時間もあと十分となって焦っています。注文を受けた店員も昼休憩に入ってしまい、苛立った大輔は二度目に店員を呼び止めて言います。「注文したもの、ひどく遅いんですけど、あとどれくらいで出来上がりますか？」,-18.43769383430481,4.1028702071344014e-06
110,遅れている,annoyed,stranger,まあまあ,大輔は昼食にサンドイッチを注文したのですが、三十分待っても来ません。他の客には次々と料理が運ばれ、休憩時間もあと十分となって焦っています。注文を受けた店員も昼休憩に入ってしまい、苛立った大輔は二度目に店員を呼び止めて言います。「注文したもの、まあまあ遅いんですけど、あとどれくらいで出来上がりますか？」,-14.57667064666748,0.00019494375737849623
110,遅れている,annoyed,stranger,マジで,大輔は昼食にサンドイッチを注文したのですが、三十分待っても来ません。他の客には次々と料理が運ばれ、休憩時間もあと十分となって焦っています。注文を受けた店員も昼休憩に入ってしまい、苛立った大輔は二度目に店員を呼び止めて言います。「注文したもの、マジで遅いんですけど、あとどれくらいで出来上がりますか？」,-16.452249497175217,2.987827974720858e-05
110,遅れている,annoyed,stranger,めっちゃ,大輔は昼食にサンドイッチを注文したのですが、三十分待っても来ません。他の客には次々と料理が運ばれ、休憩時間もあと十分となって焦っています。注文を受けた店員も昼休憩に入ってしまい、苛立った大輔は二度目に店員を呼び止めて言います。「注文したもの、めっちゃ遅いんですけど、あとどれくらいで出来上がりますか？」,-13.710820883512497,0.0004633860953617841
110,遅れている,annoyed,stranger,やや,大輔は昼食にサンドイッチを注文したのですが、三十分待っても来ません。他の客には次々と料理が運ばれ、休憩時間もあと十分となって焦っています。注文を受けた店員も昼休憩に入ってしまい、苛立った大輔は二度目に店員を呼び止めて言います。「注文したもの、やや遅いんですけど、あとどれくらいで出来上がりますか？」,-14.34924602508545,0.00024472514633089304
110,遅れている,annoyed,stranger,結構,大輔は昼食にサンドイッチを注文したのですが、三十分待っても来ません。他の客には次々と料理が運ばれ、休憩時間もあと十分となって焦っています。注文を受けた店員も昼休憩に入ってしまい、苛立った大輔は二度目に店員を呼び止めて言います。「注文したもの、結構遅いんですけど、あとどれくらいで出来上がりますか？」,-9.965548038482666,0.019610770046710968
110,遅れている,annoyed,stranger,若干,大輔は昼食にサンドイッチを注文したのですが、三十分待っても来ません。他の客には次々と料理が運ばれ、休憩時間もあと十分となって焦っています。注文を受けた店員も昼休憩に入ってしまい、苛立った大輔は二度目に店員を呼び止めて言います。「注文したもの、若干遅いんですけど、あとどれくらいで出来上がりますか？」,-10.743414402008057,0.00900889653712511
110,遅れている,annoyed,stranger,少し,大輔は昼食にサンドイッチを注文したのですが、三十分待っても来ません。他の客には次々と料理が運ばれ、休憩時間もあと十分となって焦っています。注文を受けた店員も昼休憩に入ってしまい、苛立った大輔は二度目に店員を呼び止めて言います。「注文したもの、少し遅いんですけど、あとどれくらいで出来上がりますか？」,-8.19414758682251,0.11529330164194107
110,遅れている,annoyed,stranger,少しも,大輔は昼食にサンドイッチを注文したのですが、三十分待っても来ません。他の客には次々と料理が運ばれ、休憩時間もあと十分となって焦っています。注文を受けた店員も昼休憩に入ってしまい、苛立った大輔は二度目に店員を呼び止めて言います。「注文したもの、少しも遅いんですけど、あとどれくらいで出来上がりますか？」,-14.76809310913086,0.00016098128980956972
110,遅れている,annoyed,stranger,全然,大輔は昼食にサンドイッチを注文したのですが、三十分待っても来ません。他の客には次々と料理が運ばれ、休憩時間もあと十分となって焦っています。注文を受けた店員も昼休憩に入ってしまい、苛立った大輔は二度目に店員を呼び止めて言います。「注文したもの、全然遅いんですけど、あとどれくらいで出来上がりますか？」,-10.465345859527588,0.011896939016878605
110,遅れている,annoyed,stranger,相当,大輔は昼食にサンドイッチを注文したのですが、三十分待っても来ません。他の客には次々と料理が運ばれ、休憩時間もあと十分となって焦っています。注文を受けた店員も昼休憩に入ってしまい、苛立った大輔は二度目に店員を呼び止めて言います。「注文したもの、相当遅いんですけど、あとどれくらいで出来上がりますか？」,-10.793406009674072,0.008569599129259586
110,遅れている,annoyed,stranger,超,大輔は昼食にサンドイッチを注文したのですが、三十分待っても来ません。他の客には次々と料理が運ばれ、休憩時間もあと十分となって焦っています。注文を受けた店員も昼休憩に入ってしまい、苛立った大輔は二度目に店員を呼び止めて言います。「注文したもの、超遅いんですけど、あとどれくらいで出来上がりますか？」,-11.27343225479126,0.00530258659273386
110,遅れている,annoyed,stranger,非常に,大輔は昼食にサンドイッチを注文したのですが、三十分待っても来ません。他の客には次々と料理が運ばれ、休憩時間もあと十分となって焦っています。注文を受けた店員も昼休憩に入ってしまい、苛立った大輔は二度目に店員を呼び止めて言います。「注文したもの、非常に遅いんですけど、あとどれくらいで出来上がりますか？」,-10.02538537979126,0.01847173273563385
110,遅れている,annoyed,stranger,微妙に,大輔は昼食にサンドイッチを注文したのですが、三十分待っても来ません。他の客には次々と料理が運ばれ、休憩時間もあと十分となって焦っています。注文を受けた店員も昼休憩に入ってしまい、苛立った大輔は二度目に店員を呼び止めて言います。「注文したもの、微妙に遅いんですけど、あとどれくらいで出来上がりますか？」,-13.420587658882141,0.0006194266024976969
110,遅れている,annoyed,stranger,普通に,大輔は昼食にサンドイッチを注文したのですが、三十分待っても来ません。他の客には次々と料理が運ばれ、休憩時間もあと十分となって焦っています。注文を受けた店員も昼休憩に入ってしまい、苛立った大輔は二度目に店員を呼び止めて言います。「注文したもの、普通に遅いんですけど、あとどれくらいで出来上がりますか？」,-12.496389389038086,0.001560860313475132
110,遅れている,annoyed,stranger,本当に,大輔は昼食にサンドイッチを注文したのですが、三十分待っても来ません。他の客には次々と料理が運ばれ、休憩時間もあと十分となって焦っています。注文を受けた店員も昼休憩に入ってしまい、苛立った大輔は二度目に店員を呼び止めて言います。「注文したもの、本当に遅いんですけど、あとどれくらいで出来上がりますか？」,-9.161444187164307,0.043824050575494766
110,遅れている,annoyed,stranger,全く,大輔は昼食にサンドイッチを注文したのですが、三十分待っても来ません。他の客には次々と料理が運ばれ、休憩時間もあと十分となって焦っています。注文を受けた店員も昼休憩に入ってしまい、苛立った大輔は二度目に店員を呼び止めて言います。「注文したもの、全く遅いんですけど、あとどれくらいで出来上がりますか？」,-12.723764419555664,0.0012434155214577913
111,遅れている,encouraging,stranger,あまり,運転手が、バスの遅れについて何度も頭を下げて謝ってきます。大輔はその運転手を励まします。「バス、あまり遅れていませんよ。この程度なら誰も困りません。」,-7.003488302230835,0.12023837119340897
111,遅れている,encouraging,stranger,いまいち,運転手が、バスの遅れについて何度も頭を下げて謝ってきます。大輔はその運転手を励まします。「バス、いまいち遅れていませんよ。この程度なら誰も困りません。」,-9.85056734085083,0.006975457072257996
111,遅れている,encouraging,stranger,かなり,運転手が、バスの遅れについて何度も頭を下げて謝ってきます。大輔はその運転手を励まします。「バス、かなり遅れていませんよ。この程度なら誰も困りません。」,-9.607519149780273,0.008894611150026321
111,遅れている,encouraging,stranger,すごく,運転手が、バスの遅れについて何度も頭を下げて謝ってきます。大輔はその運転手を励まします。「バス、すごく遅れていませんよ。この程度なら誰も困りません。」,-11.066438674926758,0.0020678844302892685
111,遅れている,encouraging,stranger,そこまで,運転手が、バスの遅れについて何度も頭を下げて謝ってきます。大輔はその運転手を励まします。「バス、そこまで遅れていませんよ。この程度なら誰も困りません。」,-9.204278945922852,0.013312265276908875
111,遅れている,encouraging,stranger,それほど,運転手が、バスの遅れについて何度も頭を下げて謝ってきます。大輔はその運転手を励まします。「バス、それほど遅れていませんよ。この程度なら誰も困りません。」,-8.020181655883789,0.04350096359848976
111,遅れている,encouraging,stranger,そんなに,運転手が、バスの遅れについて何度も頭を下げて謝ってきます。大輔はその運転手を励まします。「バス、そんなに遅れていませんよ。この程度なら誰も困りません。」,-6.56986403465271,0.18550845980644226
111,遅れている,encouraging,stranger,たいして,運転手が、バスの遅れについて何度も頭を下げて謝ってきます。大輔はその運転手を励まします。「バス、たいして遅れていませんよ。この程度なら誰も困りません。」,-12.415999710559845,0.000536314444616437
111,遅れている,encouraging,stranger,だいぶ,運転手が、バスの遅れについて何度も頭を下げて謝ってきます。大輔はその運転手を励まします。「バス、だいぶ遅れていませんよ。この程度なら誰も困りません。」,-12.745958326384425,0.0003855850372929126
111,遅れている,encouraging,stranger,ちっとも,運転手が、バスの遅れについて何度も頭を下げて謝ってきます。大輔はその運転手を励まします。「バス、ちっとも遅れていませんよ。この程度なら誰も困りません。」,-15.664018616080284,2.083639810734894e-05
111,遅れている,encouraging,stranger,ちょっと,運転手が、バスの遅れについて何度も頭を下げて謝ってきます。大輔はその運転手を励まします。「バス、ちょっと遅れていませんよ。この程度なら誰も困りません。」,-8.745450973510742,0.021062912419438362
111,遅れている,encouraging,stranger,とても,運転手が、バスの遅れについて何度も頭を下げて謝ってきます。大輔はその運転手を励まします。「バス、とても遅れていませんよ。この程度なら誰も困りません。」,-8.844682693481445,0.019073160365223885
111,遅れている,encouraging,stranger,なかなか,運転手が、バスの遅れについて何度も頭を下げて謝ってきます。大輔はその運転手を励まします。「バス、なかなか遅れていませんよ。この程度なら誰も困りません。」,-9.299928665161133,0.012097951024770737
111,遅れている,encouraging,stranger,（なし）,運転手が、バスの遅れについて何度も頭を下げて謝ってきます。大輔はその運転手を励まします。「バス、（なし）遅れていませんよ。この程度なら誰も困りません。」,-31.587717056274414,2.5307447110156644e-12
111,遅れている,encouraging,stranger,ひどく,運転手が、バスの遅れについて何度も頭を下げて謝ってきます。大輔はその運転手を励まします。「バス、ひどく遅れていませんよ。この程度なら誰も困りません。」,-13.547337837517262,0.00017301573825534433
111,遅れている,encouraging,stranger,まあまあ,運転手が、バスの遅れについて何度も頭を下げて謝ってきます。大輔はその運転手を励まします。「バス、まあまあ遅れていませんよ。この程度なら誰も困りません。」,-13.2890043258667,0.00022401560272555798
111,遅れている,encouraging,stranger,マジで,運転手が、バスの遅れについて何度も頭を下げて謝ってきます。大輔はその運転手を励まします。「バス、マジで遅れていませんよ。この程度なら誰も困りません。」,-13.974204272031784,0.00011290152178844437
111,遅れている,encouraging,stranger,めっちゃ,運転手が、バスの遅れについて何度も頭を下げて謝ってきます。大輔はその運転手を励まします。「バス、めっちゃ遅れていませんよ。この程度なら誰も困りません。」,-13.419932842254639,0.00019652443006634712
111,遅れている,encouraging,stranger,やや,運転手が、バスの遅れについて何度も頭を下げて謝ってきます。大輔はその運転手を励まします。「バス、やや遅れていませんよ。この程度なら誰も困りません。」,-12.438417434692383,0.0005244251224212348
111,遅れている,encouraging,stranger,結構,運転手が、バスの遅れについて何度も頭を下げて謝ってきます。大輔はその運転手を励まします。「バス、結構遅れていませんよ。この程度なら誰も困りません。」,-11.466646194458008,0.0013858567690476775
111,遅れている,encouraging,stranger,若干,運転手が、バスの遅れについて何度も頭を下げて謝ってきます。大輔はその運転手を励まします。「バス、若干遅れていませんよ。この程度なら誰も困りません。」,-14.447885513305664,7.030441338429227e-05
111,遅れている,encouraging,stranger,少し,運転手が、バスの遅れについて何度も頭を下げて謝ってきます。大輔はその運転手を励まします。「バス、少し遅れていませんよ。この程度なら誰も困りません。」,-10.693784713745117,0.0030017036478966475
111,遅れている,encouraging,stranger,少しも,運転手が、バスの遅れについて何度も頭を下げて謝ってきます。大輔はその運転手を励まします。「バス、少しも遅れていませんよ。この程度なら誰も困りません。」,-11.999074935913086,0.0008137433906085789
111,遅れている,encouraging,stranger,全然,運転手が、バスの遅れについて何度も頭を下げて謝ってきます。大輔はその運転手を励まします。「バス、全然遅れていませんよ。この程度なら誰も困りません。」,-5.96335768699646,0.34022489190101624
111,遅れている,encouraging,stranger,相当,運転手が、バスの遅れについて何度も頭を下げて謝ってきます。大輔はその運転手を励まします。「バス、相当遅れていませんよ。この程度なら誰も困りません。」,-10.976198196411133,0.002263170201331377
111,遅れている,encouraging,stranger,超,運転手が、バスの遅れについて何度も頭を下げて謝ってきます。大輔はその運転手を励まします。「バス、超遅れていませんよ。この程度なら誰も困りません。」,-12.655336380004883,0.00042215967550873756
111,遅れている,encouraging,stranger,非常に,運転手が、バスの遅れについて何度も頭を下げて謝ってきます。大輔はその運転手を励まします。「バス、非常に遅れていませんよ。この程度なら誰も困りません。」,-11.008062362670898,0.002192192943766713
111,遅れている,encouraging,stranger,微妙に,運転手が、バスの遅れについて何度も頭を下げて謝ってきます。大輔はその運転手を励まします。「バス、微妙に遅れていませんよ。この程度なら誰も困りません。」,-12.951192446053028,0.0003140421467833221
111,遅れている,encouraging,stranger,普通に,運転手が、バスの遅れについて何度も頭を下げて謝ってきます。大輔はその運転手を励まします。「バス、普通に遅れていませんよ。この程度なら誰も困りません。」,-11.994382858276367,0.0008175705443136394
111,遅れている,encouraging,stranger,本当に,運転手が、バスの遅れについて何度も頭を下げて謝ってきます。大輔はその運転手を励まします。「バス、本当に遅れていませんよ。この程度なら誰も困りません。」,-7.175641775131226,0.10122267156839371
111,遅れている,encouraging,stranger,全く,運転手が、バスの遅れについて何度も頭を下げて謝ってきます。大輔はその運転手を励まします。「バス、全く遅れていませんよ。この程度なら誰も困りません。」,-7.071202993392944,0.11236601322889328
112,寒い,warning,friend,あまり,友人が花見の場所として川辺の席を提案してきます。大輔は力になりたいと思い、遠慮がちに指摘します。「そこ、夜はあまり寒いと思うから、時間を早めたらどう？」,-9.260250091552734,0.01396619901061058
112,寒い,warning,friend,いまいち,友人が花見の場所として川辺の席を提案してきます。大輔は力になりたいと思い、遠慮がちに指摘します。「そこ、夜はいまいち寒いと思うから、時間を早めたらどう？」,-15.899386405944824,1.826997504394967e-05
112,寒い,warning,friend,かなり,友人が花見の場所として川辺の席を提案してきます。大輔は力になりたいと思い、遠慮がちに指摘します。「そこ、夜はかなり寒いと思うから、時間を早めたらどう？」,-7.8985748291015625,0.05450624227523804
112,寒い,warning,friend,すごく,友人が花見の場所として川辺の席を提案してきます。大輔は力になりたいと思い、遠慮がちに指摘します。「そこ、夜はすごく寒いと思うから、時間を早めたらどう？」,-7.310699462890625,0.09811993688344955
112,寒い,warning,friend,そこまで,友人が花見の場所として川辺の席を提案してきます。大輔は力になりたいと思い、遠慮がちに指摘します。「そこ、夜はそこまで寒いと思うから、時間を早めたらどう？」,-12.841755390167236,0.0003887321217916906
112,寒い,warning,friend,それほど,友人が花見の場所として川辺の席を提案してきます。大輔は力になりたいと思い、遠慮がちに指摘します。「そこ、夜はそれほど寒いと思うから、時間を早めたらどう？」,-11.536270141601562,0.0014342183712869883
112,寒い,warning,friend,そんなに,友人が花見の場所として川辺の席を提案してきます。大輔は力になりたいと思い、遠慮がちに指摘します。「そこ、夜はそんなに寒いと思うから、時間を早めたらどう？」,-10.80521011352539,0.00297927507199347
112,寒い,warning,friend,たいして,友人が花見の場所として川辺の席を提案してきます。大輔は力になりたいと思い、遠慮がちに指摘します。「そこ、夜はたいして寒いと思うから、時間を早めたらどう？」,-12.340535879135132,0.0006416925461962819
112,寒い,warning,friend,だいぶ,友人が花見の場所として川辺の席を提案してきます。大輔は力になりたいと思い、遠慮がちに指摘します。「そこ、夜はだいぶ寒いと思うから、時間を早めたらどう？」,-11.181493304262403,0.0020449969451874495
112,寒い,warning,friend,ちっとも,友人が花見の場所として川辺の席を提案してきます。大輔は力になりたいと思い、遠慮がちに指摘します。「そこ、夜はちっとも寒いと思うから、時間を早めたらどう？」,-16.77167809009552,7.636706868652254e-06
112,寒い,warning,friend,ちょっと,友人が花見の場所として川辺の席を提案してきます。大輔は力になりたいと思い、遠慮がちに指摘します。「そこ、夜はちょっと寒いと思うから、時間を早めたらどう？」,-5.853309750556946,0.42139914631843567
112,寒い,warning,friend,とても,友人が花見の場所として川辺の席を提案してきます。大輔は力になりたいと思い、遠慮がちに指摘します。「そこ、夜はとても寒いと思うから、時間を早めたらどう？」,-7.489955902099609,0.08201763033866882
112,寒い,warning,friend,なかなか,友人が花見の場所として川辺の席を提案してきます。大輔は力になりたいと思い、遠慮がちに指摘します。「そこ、夜はなかなか寒いと思うから、時間を早めたらどう？」,-9.11431884765625,0.016160519793629646
112,寒い,warning,friend,（なし）,友人が花見の場所として川辺の席を提案してきます。大輔は力になりたいと思い、遠慮がちに指摘します。「そこ、夜は（なし）寒いと思うから、時間を早めたらどう？」,-28.544858932495117,5.886796605736322e-11
112,寒い,warning,friend,ひどく,友人が花見の場所として川辺の席を提案してきます。大輔は力になりたいと思い、遠慮がちに指摘します。「そこ、夜はひどく寒いと思うから、時間を早めたらどう？」,-11.898174718022346,0.0009987165685743093
112,寒い,warning,friend,まあまあ,友人が花見の場所として川辺の席を提案してきます。大輔は力になりたいと思い、遠慮がちに指摘します。「そこ、夜はまあまあ寒いと思うから、時間を早めたらどう？」,-11.915774300694466,0.0009812929201871157
112,寒い,warning,friend,マジで,友人が花見の場所として川辺の席を提案してきます。大輔は力になりたいと思い、遠慮がちに指摘します。「そこ、夜はマジで寒いと思うから、時間を早めたらどう？」,-12.34306325018406,0.0006400728598237038
112,寒い,warning,friend,めっちゃ,友人が花見の場所として川辺の席を提案してきます。大輔は力になりたいと思い、遠慮がちに指摘します。「そこ、夜はめっちゃ寒いと思うから、時間を早めたらどう？」,-10.69825042784214,0.0033156024292111397
112,寒い,warning,friend,やや,友人が花見の場所として川辺の席を提案してきます。大輔は力になりたいと思い、遠慮がちに指摘します。「そこ、夜はやや寒いと思うから、時間を早めたらどう？」,-11.028709590435028,0.0023825722746551037
112,寒い,warning,friend,結構,友人が花見の場所として川辺の席を提案してきます。大輔は力になりたいと思い、遠慮がちに指摘します。「そこ、夜は結構寒いと思うから、時間を早めたらどう？」,-8.169364929199219,0.041576087474823
112,寒い,warning,friend,若干,友人が花見の場所として川辺の席を提案してきます。大輔は力になりたいと思い、遠慮がちに指摘します。「そこ、夜は若干寒いと思うから、時間を早めたらどう？」,-10.651653289794922,0.0034737573005259037
112,寒い,warning,friend,少し,友人が花見の場所として川辺の席を提案してきます。大輔は力になりたいと思い、遠慮がちに指摘します。「そこ、夜は少し寒いと思うから、時間を早めたらどう？」,-6.697624206542969,0.18113921582698822
112,寒い,warning,friend,少しも,友人が花見の場所として川辺の席を提案してきます。大輔は力になりたいと思い、遠慮がちに指摘します。「そこ、夜は少しも寒いと思うから、時間を早めたらどう？」,-12.065446853637695,0.0008448833832517266
112,寒い,warning,friend,全然,友人が花見の場所として川辺の席を提案してきます。大輔は力になりたいと思い、遠慮がちに指摘します。「そこ、夜は全然寒いと思うから、時間を早めたらどう？」,-11.536678314208984,0.0014336330350488424
112,寒い,warning,friend,相当,友人が花見の場所として川辺の席を提案してきます。大輔は力になりたいと思い、遠慮がちに指摘します。「そこ、夜は相当寒いと思うから、時間を早めたらどう？」,-8.805774688720703,0.022001605480909348
112,寒い,warning,friend,超,友人が花見の場所として川辺の席を提案してきます。大輔は力になりたいと思い、遠慮がちに指摘します。「そこ、夜は超寒いと思うから、時間を早めたらどう？」,-9.889957427978516,0.007440459914505482
112,寒い,warning,friend,非常に,友人が花見の場所として川辺の席を提案してきます。大輔は力になりたいと思い、遠慮がちに指摘します。「そこ、夜は非常に寒いと思うから、時間を早めたらどう？」,-9.783454895019531,0.008276623673737049
112,寒い,warning,friend,微妙に,友人が花見の場所として川辺の席を提案してきます。大輔は力になりたいと思い、遠慮がちに指摘します。「そこ、夜は微妙に寒いと思うから、時間を早めたらどう？」,-12.400507159531116,0.0006043408648110926
112,寒い,warning,friend,普通に,友人が花見の場所として川辺の席を提案してきます。大輔は力になりたいと思い、遠慮がちに指摘します。「そこ、夜は普通に寒いと思うから、時間を早めたらどう？」,-10.754127502441406,0.0031354182865470648
112,寒い,warning,friend,本当に,友人が花見の場所として川辺の席を提案してきます。大輔は力になりたいと思い、遠慮がちに指摘します。「そこ、夜は本当に寒いと思うから、時間を早めたらどう？」,-8.565021514892578,0.027990594506263733
112,寒い,warning,friend,全く,友人が花見の場所として川辺の席を提案してきます。大輔は力になりたいと思い、遠慮がちに指摘します。「そこ、夜は全く寒いと思うから、時間を早めたらどう？」,-14.414799213409424,8.062805864028633e-05
113,寒い,non-committal,friend,あまり,友人に何を着ていけばいいか相談されます。自分の意見を押し付けたくない大輔は、慎重に答えます。「それ、今日はあまり寒いみたいだけど、身軽で動きやすいよ。」,-13.737220764160156,0.0018669994315132499
113,寒い,non-committal,friend,いまいち,友人に何を着ていけばいいか相談されます。自分の意見を押し付けたくない大輔は、慎重に答えます。「それ、今日はいまいち寒いみたいだけど、身軽で動きやすいよ。」,-16.987011671066284,7.240661943797022e-05
113,寒い,non-committal,friend,かなり,友人に何を着ていけばいいか相談されます。自分の意見を押し付けたくない大輔は、慎重に答えます。「それ、今日はかなり寒いみたいだけど、身軽で動きやすいよ。」,-11.390323638916016,0.019515903666615486
113,寒い,non-committal,friend,すごく,友人に何を着ていけばいいか相談されます。自分の意見を押し付けたくない大輔は、慎重に答えます。「それ、今日はすごく寒いみたいだけど、身軽で動きやすいよ。」,-10.537376403808594,0.04579509422183037
113,寒い,non-committal,friend,そこまで,友人に何を着ていけばいいか相談されます。自分の意見を押し付けたくない大輔は、慎重に答えます。「それ、今日はそこまで寒いみたいだけど、身軽で動きやすいよ。」,-16.125698566436768,0.00017133326036855578
113,寒い,non-committal,friend,それほど,友人に何を着ていけばいいか相談されます。自分の意見を押し付けたくない大輔は、慎重に答えます。「それ、今日はそれほど寒いみたいだけど、身軽で動きやすいよ。」,-15.953163623809814,0.00020359759218990803
113,寒い,non-committal,friend,そんなに,友人に何を着ていけばいいか相談されます。自分の意見を押し付けたくない大輔は、慎重に答えます。「それ、今日はそんなに寒いみたいだけど、身軽で動きやすいよ。」,-14.799934387207031,0.0006450798828154802
113,寒い,non-committal,friend,たいして,友人に何を着ていけばいいか相談されます。自分の意見を押し付けたくない大輔は、慎重に答えます。「それ、今日はたいして寒いみたいだけど、身軽で動きやすいよ。」,-16.714335203170776,9.510429663350806e-05
113,寒い,non-committal,friend,だいぶ,友人に何を着ていけばいいか相談されます。自分の意見を押し付けたくない大輔は、慎重に答えます。「それ、今日はだいぶ寒いみたいだけど、身軽で動きやすいよ。」,-11.530944935861044,0.016955776140093803
113,寒い,non-committal,friend,ちっとも,友人に何を着ていけばいいか相談されます。自分の意見を押し付けたくない大輔は、慎重に答えます。「それ、今日はちっとも寒いみたいだけど、身軽で動きやすいよ。」,-19.386115193367004,6.57446116747451e-06
113,寒い,non-committal,friend,ちょっと,友人に何を着ていけばいいか相談されます。自分の意見を押し付けたくない大輔は、慎重に答えます。「それ、今日はちょっと寒いみたいだけど、身軽で動きやすいよ。」,-7.852001249790192,0.6715255975723267
113,寒い,non-committal,friend,とても,友人に何を着ていけばいいか相談されます。自分の意見を押し付けたくない大輔は、慎重に答えます。「それ、今日はとても寒いみたいだけど、身軽で動きやすいよ。」,-11.598838806152344,0.01584278978407383
113,寒い,non-committal,friend,なかなか,友人に何を着ていけばいいか相談されます。自分の意見を押し付けたくない大輔は、慎重に答えます。「それ、今日はなかなか寒いみたいだけど、身軽で動きやすいよ。」,-13.437705993652344,0.0025189630687236786
113,寒い,non-committal,friend,（なし）,友人に何を着ていけばいいか相談されます。自分の意見を押し付けたくない大輔は、慎重に答えます。「それ、今日は（なし）寒いみたいだけど、身軽で動きやすいよ。」,-32.25786590576172,1.6893909882131908e-11
113,寒い,non-committal,friend,ひどく,友人に何を着ていけばいいか相談されます。自分の意見を押し付けたくない大輔は、慎重に答えます。「それ、今日はひどく寒いみたいだけど、身軽で動きやすいよ。」,-14.801014214754105,0.0006443838938139379
113,寒い,non-committal,friend,まあまあ,友人に何を着ていけばいいか相談されます。自分の意見を押し付けたくない大輔は、慎重に答えます。「それ、今日はまあまあ寒いみたいだけど、身軽で動きやすいよ。」,-12.333174049854279,0.00760175846517086
113,寒い,non-committal,friend,マジで,友人に何を着ていけばいいか相談されます。自分の意見を押し付けたくない大輔は、慎重に答えます。「それ、今日はマジで寒いみたいだけど、身軽で動きやすいよ。」,-14.736713618040085,0.0006871792720630765
113,寒い,non-committal,friend,めっちゃ,友人に何を着ていけばいいか相談されます。自分の意見を押し付けたくない大輔は、慎重に答えます。「それ、今日はめっちゃ寒いみたいだけど、身軽で動きやすいよ。」,-12.786667618900537,0.00483018858358264
113,寒い,non-committal,friend,やや,友人に何を着ていけばいいか相談されます。自分の意見を押し付けたくない大輔は、慎重に答えます。「それ、今日はやや寒いみたいだけど、身軽で動きやすいよ。」,-12.71797651052475,0.0051736412569880486
113,寒い,non-committal,friend,結構,友人に何を着ていけばいいか相談されます。自分の意見を押し付けたくない大輔は、慎重に答えます。「それ、今日は結構寒いみたいだけど、身軽で動きやすいよ。」,-11.398147583007812,0.019363807514309883
113,寒い,non-committal,friend,若干,友人に何を着ていけばいいか相談されます。自分の意見を押し付けたくない大輔は、慎重に答えます。「それ、今日は若干寒いみたいだけど、身軽で動きやすいよ。」,-13.03171157836914,0.0037804448511451483
113,寒い,non-committal,friend,少し,友人に何を着ていけばいいか相談されます。自分の意見を押し付けたくない大輔は、慎重に答えます。「それ、今日は少し寒いみたいだけど、身軽で動きやすいよ。」,-9.27609634399414,0.1616538017988205
113,寒い,non-committal,friend,少しも,友人に何を着ていけばいいか相談されます。自分の意見を押し付けたくない大輔は、慎重に答えます。「それ、今日は少しも寒いみたいだけど、身軽で動きやすいよ。」,-14.746553659439087,0.0006804505828768015
113,寒い,non-committal,friend,全然,友人に何を着ていけばいいか相談されます。自分の意見を押し付けたくない大輔は、慎重に答えます。「それ、今日は全然寒いみたいだけど、身軽で動きやすいよ。」,-14.258438110351562,0.0011086191516369581
113,寒い,non-committal,friend,相当,友人に何を着ていけばいいか相談されます。自分の意見を押し付けたくない大輔は、慎重に答えます。「それ、今日は相当寒いみたいだけど、身軽で動きやすいよ。」,-12.981021881103516,0.003977014683187008
113,寒い,non-committal,friend,超,友人に何を着ていけばいいか相談されます。自分の意見を押し付けたくない大輔は、慎重に答えます。「それ、今日は超寒いみたいだけど、身軽で動きやすいよ。」,-14.05228042602539,0.0013624342391267419
113,寒い,non-committal,friend,非常に,友人に何を着ていけばいいか相談されます。自分の意見を押し付けたくない大輔は、慎重に答えます。「それ、今日は非常に寒いみたいだけど、身軽で動きやすいよ。」,-14.51584243774414,0.0008570242207497358
113,寒い,non-committal,friend,微妙に,友人に何を着ていけばいいか相談されます。自分の意見を押し付けたくない大輔は、慎重に答えます。「それ、今日は微妙に寒いみたいだけど、身軽で動きやすいよ。」,-13.05106095969677,0.003708000062033534
113,寒い,non-committal,friend,普通に,友人に何を着ていけばいいか相談されます。自分の意見を押し付けたくない大輔は、慎重に答えます。「それ、今日は普通に寒いみたいだけど、身軽で動きやすいよ。」,-13.852466583251953,0.001663770992308855
113,寒い,non-committal,friend,本当に,友人に何を着ていけばいいか相談されます。自分の意見を押し付けたくない大輔は、慎重に答えます。「それ、今日は本当に寒いみたいだけど、身軽で動きやすいよ。」,-12.32547378540039,0.007660517003387213
113,寒い,non-committal,friend,全く,友人に何を着ていけばいいか相談されます。自分の意見を押し付けたくない大輔は、慎重に答えます。「それ、今日は全く寒いみたいだけど、身軽で動きやすいよ。」,-17.810558795928955,3.177723920089193e-05
114,寒い,acknowledge,friend,あまり,大輔が薄いから寒いだろうと決めつけていたコートを、友人が絶対暖かいと勧めます。大輔は半信半疑で買って着てきました。しかし、友人の言った通りに暖かいです。勧めてもらったことについて感謝します。「外、あまり寒くない！勧めてくれてありがとう。」,-5.588966608047485,0.26000654697418213
114,寒い,acknowledge,friend,いまいち,大輔が薄いから寒いだろうと決めつけていたコートを、友人が絶対暖かいと勧めます。大輔は半信半疑で買って着てきました。しかし、友人の言った通りに暖かいです。勧めてもらったことについて感謝します。「外、いまいち寒くない！勧めてくれてありがとう。」,-15.28526496887207,1.5993198758224025e-05
114,寒い,acknowledge,friend,かなり,大輔が薄いから寒いだろうと決めつけていたコートを、友人が絶対暖かいと勧めます。大輔は半信半疑で買って着てきました。しかし、友人の言った通りに暖かいです。勧めてもらったことについて感謝します。「外、かなり寒くない！勧めてくれてありがとう。」,-10.685005187988281,0.0015914858086034656
114,寒い,acknowledge,friend,すごく,大輔が薄いから寒いだろうと決めつけていたコートを、友人が絶対暖かいと勧めます。大輔は半信半疑で買って着てきました。しかし、友人の言った通りに暖かいです。勧めてもらったことについて感謝します。「外、すごく寒くない！勧めてくれてありがとう。」,-9.0150146484375,0.008454159833490849
114,寒い,acknowledge,friend,そこまで,大輔が薄いから寒いだろうと決めつけていたコートを、友人が絶対暖かいと勧めます。大輔は半信半疑で買って着てきました。しかし、友人の言った通りに暖かいです。勧めてもらったことについて感謝します。「外、そこまで寒くない！勧めてくれてありがとう。」,-8.651771545410156,0.012156957760453224
114,寒い,acknowledge,friend,それほど,大輔が薄いから寒いだろうと決めつけていたコートを、友人が絶対暖かいと勧めます。大輔は半信半疑で買って着てきました。しかし、友人の言った通りに暖かいです。勧めてもらったことについて感謝します。「外、それほど寒くない！勧めてくれてありがとう。」,-7.921928405761719,0.02522270940244198
114,寒い,acknowledge,friend,そんなに,大輔が薄いから寒いだろうと決めつけていたコートを、友人が絶対暖かいと勧めます。大輔は半信半疑で買って着てきました。しかし、友人の言った通りに暖かいです。勧めてもらったことについて感謝します。「外、そんなに寒くない！勧めてくれてありがとう。」,-5.066608667373657,0.43837064504623413
114,寒い,acknowledge,friend,たいして,大輔が薄いから寒いだろうと決めつけていたコートを、友人が絶対暖かいと勧めます。大輔は半信半疑で買って着てきました。しかし、友人の言った通りに暖かいです。勧めてもらったことについて感謝します。「外、たいして寒くない！勧めてくれてありがとう。」,-12.151883244514465,0.00036706734681501985
114,寒い,acknowledge,friend,だいぶ,大輔が薄いから寒いだろうと決めつけていたコートを、友人が絶対暖かいと勧めます。大輔は半信半疑で買って着てきました。しかし、友人の言った通りに暖かいです。勧めてもらったことについて感謝します。「外、だいぶ寒くない！勧めてくれてありがとう。」,-8.52261973451823,0.013832944445312023
114,寒い,acknowledge,friend,ちっとも,大輔が薄いから寒いだろうと決めつけていたコートを、友人が絶対暖かいと勧めます。大輔は半信半疑で買って着てきました。しかし、友人の言った通りに暖かいです。勧めてもらったことについて感謝します。「外、ちっとも寒くない！勧めてくれてありがとう。」,-16.769029021263123,3.626974603321287e-06
114,寒い,acknowledge,friend,ちょっと,大輔が薄いから寒いだろうと決めつけていたコートを、友人が絶対暖かいと勧めます。大輔は半信半疑で買って着てきました。しかし、友人の言った通りに暖かいです。勧めてもらったことについて感謝します。「外、ちょっと寒くない！勧めてくれてありがとう。」,-8.77374267578125,0.010761021636426449
114,寒い,acknowledge,friend,とても,大輔が薄いから寒いだろうと決めつけていたコートを、友人が絶対暖かいと勧めます。大輔は半信半疑で買って着てきました。しかし、友人の言った通りに暖かいです。勧めてもらったことについて感謝します。「外、とても寒くない！勧めてくれてありがとう。」,-7.6340789794921875,0.033635906875133514
114,寒い,acknowledge,friend,なかなか,大輔が薄いから寒いだろうと決めつけていたコートを、友人が絶対暖かいと勧めます。大輔は半信半疑で買って着てきました。しかし、友人の言った通りに暖かいです。勧めてもらったことについて感謝します。「外、なかなか寒くない！勧めてくれてありがとう。」,-8.269481658935547,0.01781768538057804
114,寒い,acknowledge,friend,（なし）,大輔が薄いから寒いだろうと決めつけていたコートを、友人が絶対暖かいと勧めます。大輔は半信半疑で買って着てきました。しかし、友人の言った通りに暖かいです。勧めてもらったことについて感謝します。「外、（なし）寒くない！勧めてくれてありがとう。」,-21.770867586135864,2.4393468578409738e-08
114,寒い,acknowledge,friend,ひどく,大輔が薄いから寒いだろうと決めつけていたコートを、友人が絶対暖かいと勧めます。大輔は半信半疑で買って着てきました。しかし、友人の言った通りに暖かいです。勧めてもらったことについて感謝します。「外、ひどく寒くない！勧めてくれてありがとう。」,-12.684407234191895,0.00021551299141719937
114,寒い,acknowledge,friend,まあまあ,大輔が薄いから寒いだろうと決めつけていたコートを、友人が絶対暖かいと勧めます。大輔は半信半疑で買って着てきました。しかし、友人の言った通りに暖かいです。勧めてもらったことについて感謝します。「外、まあまあ寒くない！勧めてくれてありがとう。」,-12.068378925323486,0.0003990353434346616
114,寒い,acknowledge,friend,マジで,大輔が薄いから寒いだろうと決めつけていたコートを、友人が絶対暖かいと勧めます。大輔は半信半疑で買って着てきました。しかし、友人の言った通りに暖かいです。勧めてもらったことについて感謝します。「外、マジで寒くない！勧めてくれてありがとう。」,-12.575276672840118,0.00024036344257183373
114,寒い,acknowledge,friend,めっちゃ,大輔が薄いから寒いだろうと決めつけていたコートを、友人が絶対暖かいと勧めます。大輔は半信半疑で買って着てきました。しかし、友人の言った通りに暖かいです。勧めてもらったことについて感謝します。「外、めっちゃ寒くない！勧めてくれてありがとう。」,-12.91243989020586,0.0001715694525046274
114,寒い,acknowledge,friend,やや,大輔が薄いから寒いだろうと決めつけていたコートを、友人が絶対暖かいと勧めます。大輔は半信半疑で買って着てきました。しかし、友人の言った通りに暖かいです。勧めてもらったことについて感謝します。「外、やや寒くない！勧めてくれてありがとう。」,-13.589239597320557,8.719869947526604e-05
114,寒い,acknowledge,friend,結構,大輔が薄いから寒いだろうと決めつけていたコートを、友人が絶対暖かいと勧めます。大輔は半信半疑で買って着てきました。しかし、友人の言った通りに暖かいです。勧めてもらったことについて感謝します。「外、結構寒くない！勧めてくれてありがとう。」,-12.150886535644531,0.00036743335658684373
114,寒い,acknowledge,friend,若干,大輔が薄いから寒いだろうと決めつけていたコートを、友人が絶対暖かいと勧めます。大輔は半信半疑で買って着てきました。しかし、友人の言った通りに暖かいです。勧めてもらったことについて感謝します。「外、若干寒くない！勧めてくれてありがとう。」,-15.7314453125,1.0236739399260841e-05
114,寒い,acknowledge,friend,少し,大輔が薄いから寒いだろうと決めつけていたコートを、友人が絶対暖かいと勧めます。大輔は半信半疑で買って着てきました。しかし、友人の言った通りに暖かいです。勧めてもらったことについて感謝します。「外、少し寒くない！勧めてくれてありがとう。」,-10.496139526367188,0.0019223216222599149
114,寒い,acknowledge,friend,少しも,大輔が薄いから寒いだろうと決めつけていたコートを、友人が絶対暖かいと勧めます。大輔は半信半疑で買って着てきました。しかし、友人の言った通りに暖かいです。勧めてもらったことについて感謝します。「外、少しも寒くない！勧めてくれてありがとう。」,-11.62898850440979,0.0006192073924466968
114,寒い,acknowledge,friend,全然,大輔が薄いから寒いだろうと決めつけていたコートを、友人が絶対暖かいと勧めます。大輔は半信半疑で買って着てきました。しかし、友人の言った通りに暖かいです。勧めてもらったことについて感謝します。「外、全然寒くない！勧めてくれてありがとう。」,-6.560447931289673,0.09841817617416382
114,寒い,acknowledge,friend,相当,大輔が薄いから寒いだろうと決めつけていたコートを、友人が絶対暖かいと勧めます。大輔は半信半疑で買って着てきました。しかし、友人の言った通りに暖かいです。勧めてもらったことについて感謝します。「外、相当寒くない！勧めてくれてありがとう。」,-11.062297821044922,0.0010913062142208219
114,寒い,acknowledge,friend,超,大輔が薄いから寒いだろうと決めつけていたコートを、友人が絶対暖かいと勧めます。大輔は半信半疑で買って着てきました。しかし、友人の言った通りに暖かいです。勧めてもらったことについて感謝します。「外、超寒くない！勧めてくれてありがとう。」,-8.778614044189453,0.01070872787386179
114,寒い,acknowledge,friend,非常に,大輔が薄いから寒いだろうと決めつけていたコートを、友人が絶対暖かいと勧めます。大輔は半信半疑で買って着てきました。しかし、友人の言った通りに暖かいです。勧めてもらったことについて感謝します。「外、非常に寒くない！勧めてくれてありがとう。」,-11.414871215820312,0.0007670540362596512
114,寒い,acknowledge,friend,微妙に,大輔が薄いから寒いだろうと決めつけていたコートを、友人が絶対暖かいと勧めます。大輔は半信半疑で買って着てきました。しかし、友人の言った通りに暖かいです。勧めてもらったことについて感謝します。「外、微妙に寒くない！勧めてくれてありがとう。」,-15.060401678085327,2.0025901903863996e-05
114,寒い,acknowledge,friend,普通に,大輔が薄いから寒いだろうと決めつけていたコートを、友人が絶対暖かいと勧めます。大輔は半信半疑で買って着てきました。しかし、友人の言った通りに暖かいです。勧めてもらったことについて感謝します。「外、普通に寒くない！勧めてくれてありがとう。」,-11.193260192871094,0.0009573492570780218
114,寒い,acknowledge,friend,本当に,大輔が薄いから寒いだろうと決めつけていたコートを、友人が絶対暖かいと勧めます。大輔は半信半疑で買って着てきました。しかし、友人の言った通りに暖かいです。勧めてもらったことについて感謝します。「外、本当に寒くない！勧めてくれてありがとう。」,-7.309208154678345,0.04654712975025177
114,寒い,acknowledge,friend,全く,大輔が薄いから寒いだろうと決めつけていたコートを、友人が絶対暖かいと勧めます。大輔は半信半疑で買って着てきました。しかし、友人の言った通りに暖かいです。勧めてもらったことについて感謝します。「外、全く寒くない！勧めてくれてありがとう。」,-8.427021026611328,0.015220637433230877
115,寒い,neutral-positive,friend,あまり,これから出かける友人に、大輔は外がどれくらい寒いか聞かれ、答えます。「外、あまり寒くないよ。」,-4.433279752731323,0.1772177666425705
115,寒い,neutral-positive,friend,いまいち,これから出かける友人に、大輔は外がどれくらい寒いか聞かれ、答えます。「外、いまいち寒くないよ。」,-10.807594776153564,0.00030211880221031606
115,寒い,neutral-positive,friend,かなり,これから出かける友人に、大輔は外がどれくらい寒いか聞かれ、答えます。「外、かなり寒くないよ。」,-9.625803709030151,0.000984969548881054
115,寒い,neutral-positive,friend,すごく,これから出かける友人に、大輔は外がどれくらい寒いか聞かれ、答えます。「外、すごく寒くないよ。」,-7.82977557182312,0.005935098044574261
115,寒い,neutral-positive,friend,そこまで,これから出かける友人に、大輔は外がどれくらい寒いか聞かれ、答えます。「外、そこまで寒くないよ。」,-7.024466276168823,0.013279120437800884
115,寒い,neutral-positive,friend,それほど,これから出かける友人に、大輔は外がどれくらい寒いか聞かれ、答えます。「外、それほど寒くないよ。」,-6.096148252487183,0.03359948843717575
115,寒い,neutral-positive,friend,そんなに,これから出かける友人に、大輔は外がどれくらい寒いか聞かれ、答えます。「外、そんなに寒くないよ。」,-3.131754755973816,0.6512570977210999
115,寒い,neutral-positive,friend,たいして,これから出かける友人に、大輔は外がどれくらい寒いか聞かれ、答えます。「外、たいして寒くないよ。」,-9.728948771953583,0.000888439011760056
115,寒い,neutral-positive,friend,だいぶ,これから出かける友人に、大輔は外がどれくらい寒いか聞かれ、答えます。「外、だいぶ寒くないよ。」,-7.936966805718839,0.005331819411367178
115,寒い,neutral-positive,friend,ちっとも,これから出かける友人に、大輔は外がどれくらい寒いか聞かれ、答えます。「外、ちっとも寒くないよ。」,-14.127980560064316,1.0918236512225121e-05
115,寒い,neutral-positive,friend,ちょっと,これから出かける友人に、大輔は外がどれくらい寒いか聞かれ、答えます。「外、ちょっと寒くないよ。」,-7.540270566940308,0.007927902974188328
115,寒い,neutral-positive,friend,とても,これから出かける友人に、大輔は外がどれくらい寒いか聞かれ、答えます。「外、とても寒くないよ。」,-6.598246335983276,0.02033640816807747
115,寒い,neutral-positive,friend,なかなか,これから出かける友人に、大輔は外がどれくらい寒いか聞かれ、答えます。「外、なかなか寒くないよ。」,-8.186533689498901,0.004154223017394543
115,寒い,neutral-positive,friend,（なし）,これから出かける友人に、大輔は外がどれくらい寒いか聞かれ、答えます。「外、（なし）寒くないよ。」,-29.429033279418945,2.471662414668674e-12
115,寒い,neutral-positive,friend,ひどく,これから出かける友人に、大輔は外がどれくらい寒いか聞かれ、答えます。「外、ひどく寒くないよ。」,-12.790724992752075,4.158293450018391e-05
115,寒い,neutral-positive,friend,まあまあ,これから出かける友人に、大輔は外がどれくらい寒いか聞かれ、答えます。「外、まあまあ寒くないよ。」,-10.955831527709961,0.000260494853137061
115,寒い,neutral-positive,friend,マジで,これから出かける友人に、大輔は外がどれくらい寒いか聞かれ、答えます。「外、マジで寒くないよ。」,-11.47220429778099,0.0001554323243908584
115,寒い,neutral-positive,friend,めっちゃ,これから出かける友人に、大輔は外がどれくらい寒いか聞かれ、答えます。「外、めっちゃ寒くないよ。」,-10.274059511721134,0.0005150970537215471
115,寒い,neutral-positive,friend,やや,これから出かける友人に、大輔は外がどれくらい寒いか聞かれ、答えます。「外、やや寒くないよ。」,-13.753151416778564,1.5883228115853854e-05
115,寒い,neutral-positive,friend,結構,これから出かける友人に、大輔は外がどれくらい寒いか聞かれ、答えます。「外、結構寒くないよ。」,-11.312731504440308,0.00018230533169116825
115,寒い,neutral-positive,friend,若干,これから出かける友人に、大輔は外がどれくらい寒いか聞かれ、答えます。「外、若干寒くないよ。」,-13.277827024459839,2.554872480686754e-05
115,寒い,neutral-positive,friend,少し,これから出かける友人に、大輔は外がどれくらい寒いか聞かれ、答えます。「外、少し寒くないよ。」,-9.357832670211792,0.001287659746594727
115,寒い,neutral-positive,friend,少しも,これから出かける友人に、大輔は外がどれくらい寒いか聞かれ、答えます。「外、少しも寒くないよ。」,-9.503352999687195,0.0011132751824334264
115,寒い,neutral-positive,friend,全然,これから出かける友人に、大輔は外がどれくらい寒いか聞かれ、答えます。「外、全然寒くないよ。」,-5.660845518112183,0.05192568525671959
115,寒い,neutral-positive,friend,相当,これから出かける友人に、大輔は外がどれくらい寒いか聞かれ、答えます。「外、相当寒くないよ。」,-10.308882474899292,0.0004974683397449553
115,寒い,neutral-positive,friend,超,これから出かける友人に、大輔は外がどれくらい寒いか聞かれ、答えます。「外、超寒くないよ。」,-10.55682635307312,0.00038822615169920027
115,寒い,neutral-positive,friend,非常に,これから出かける友人に、大輔は外がどれくらい寒いか聞かれ、答えます。「外、非常に寒くないよ。」,-10.266157865524292,0.0005191830568946898
115,寒い,neutral-positive,friend,微妙に,これから出かける友人に、大輔は外がどれくらい寒いか聞かれ、答えます。「外、微妙に寒くないよ。」,-11.980998188257217,9.344907448394224e-05
115,寒い,neutral-positive,friend,普通に,これから出かける友人に、大輔は外がどれくらい寒いか聞かれ、答えます。「外、普通に寒くないよ。」,-10.505934476852417,0.00040849510696716607
115,寒い,neutral-positive,friend,本当に,これから出かける友人に、大輔は外がどれくらい寒いか聞かれ、答えます。「外、本当に寒くないよ。」,-6.899615049362183,0.015044975094497204
115,寒い,neutral-positive,friend,全く,これから出かける友人に、大輔は外がどれくらい寒いか聞かれ、答えます。「外、全く寒くないよ。」,-7.770121335983276,0.006299925502389669
116,寒い,neutral-negative,friend,あまり,これから出かける友人に、大輔は外がどれくらい寒いか聞かれ、答えます。「外、あまり寒いよ。」,-6.9542670249938965,0.008116916753351688
116,寒い,neutral-negative,friend,いまいち,これから出かける友人に、大輔は外がどれくらい寒いか聞かれ、答えます。「外、いまいち寒いよ。」,-12.82876193523407,2.281027627759613e-05
116,寒い,neutral-negative,friend,かなり,これから出かける友人に、大輔は外がどれくらい寒いか聞かれ、答えます。「外、かなり寒いよ。」,-4.313931941986084,0.11378213763237
116,寒い,neutral-negative,friend,すごく,これから出かける友人に、大輔は外がどれくらい寒いか聞かれ、答えます。「外、すごく寒いよ。」,-3.9198203086853027,0.16874642670154572
116,寒い,neutral-negative,friend,そこまで,これから出かける友人に、大輔は外がどれくらい寒いか聞かれ、答えます。「外、そこまで寒いよ。」,-9.47852087020874,0.0006503114127553999
116,寒い,neutral-negative,friend,それほど,これから出かける友人に、大輔は外がどれくらい寒いか聞かれ、答えます。「外、それほど寒いよ。」,-8.57675313949585,0.0016023379284888506
116,寒い,neutral-negative,friend,そんなに,これから出かける友人に、大輔は外がどれくらい寒いか聞かれ、答えます。「外、そんなに寒いよ。」,-6.459535121917725,0.013312218710780144
116,寒い,neutral-negative,friend,たいして,これから出かける友人に、大輔は外がどれくらい寒いか聞かれ、答えます。「外、たいして寒いよ。」,-10.221985340118408,0.00030919985147193074
116,寒い,neutral-negative,friend,だいぶ,これから出かける友人に、大輔は外がどれくらい寒いか聞かれ、答えます。「外、だいぶ寒いよ。」,-6.7736007906496525,0.009724192321300507
116,寒い,neutral-negative,friend,ちっとも,これから出かける友人に、大輔は外がどれくらい寒いか聞かれ、答えます。「外、ちっとも寒いよ。」,-15.020730137825012,2.5478304905846016e-06
116,寒い,neutral-negative,friend,ちょっと,これから出かける友人に、大輔は外がどれくらい寒いか聞かれ、答えます。「外、ちょっと寒いよ。」,-3.9662375450134277,0.16109268367290497
116,寒い,neutral-negative,friend,とても,これから出かける友人に、大輔は外がどれくらい寒いか聞かれ、答えます。「外、とても寒いよ。」,-4.101136684417725,0.14076343178749084
116,寒い,neutral-negative,friend,なかなか,これから出かける友人に、大輔は外がどれくらい寒いか聞かれ、答えます。「外、なかなか寒いよ。」,-7.133256435394287,0.00678667426109314
116,寒い,neutral-negative,friend,（なし）,これから出かける友人に、大輔は外がどれくらい寒いか聞かれ、答えます。「外、（なし）寒いよ。」,-28.941615104675293,2.2930153869421543e-12
116,寒い,neutral-negative,friend,ひどく,これから出かける友人に、大輔は外がどれくらい寒いか聞かれ、答えます。「外、ひどく寒いよ。」,-10.432344824075699,0.00025054241996258497
116,寒い,neutral-negative,friend,まあまあ,これから出かける友人に、大輔は外がどれくらい寒いか聞かれ、答えます。「外、まあまあ寒いよ。」,-8.82675564289093,0.001247899723239243
116,寒い,neutral-negative,friend,マジで,これから出かける友人に、大輔は外がどれくらい寒いか聞かれ、答えます。「外、マジで寒いよ。」,-9.970103800296783,0.0003977678425144404
116,寒い,neutral-negative,friend,めっちゃ,これから出かける友人に、大輔は外がどれくらい寒いか聞かれ、答えます。「外、めっちゃ寒いよ。」,-8.8584596067667,0.001208956935442984
116,寒い,neutral-negative,friend,やや,これから出かける友人に、大輔は外がどれくらい寒いか聞かれ、答えます。「外、やや寒いよ。」,-10.391918063163757,0.0002608784125186503
116,寒い,neutral-negative,friend,結構,これから出かける友人に、大輔は外がどれくらい寒いか聞かれ、答えます。「外、結構寒いよ。」,-5.5854620933532715,0.03190476447343826
116,寒い,neutral-negative,friend,若干,これから出かける友人に、大輔は外がどれくらい寒いか聞かれ、答えます。「外、若干寒いよ。」,-9.994107723236084,0.00038833351572975516
116,寒い,neutral-negative,friend,少し,これから出かける友人に、大輔は外がどれくらい寒いか聞かれ、答えます。「外、少し寒いよ。」,-5.497273921966553,0.03484617918729782
116,寒い,neutral-negative,friend,少しも,これから出かける友人に、大輔は外がどれくらい寒いか聞かれ、答えます。「外、少しも寒いよ。」,-9.585076928138733,0.0005845810519531369
116,寒い,neutral-negative,friend,全然,これから出かける友人に、大輔は外がどれくらい寒いか聞かれ、答えます。「外、全然寒いよ。」,-6.572362422943115,0.011891869828104973
116,寒い,neutral-negative,friend,相当,これから出かける友人に、大輔は外がどれくらい寒いか聞かれ、答えます。「外、相当寒いよ。」,-6.367379665374756,0.014597318135201931
116,寒い,neutral-negative,friend,超,これから出かける友人に、大輔は外がどれくらい寒いか聞かれ、答えます。「外、超寒いよ。」,-6.316308498382568,0.015362185426056385
116,寒い,neutral-negative,friend,非常に,これから出かける友人に、大輔は外がどれくらい寒いか聞かれ、答えます。「外、非常に寒いよ。」,-6.412820339202881,0.013948850333690643
116,寒い,neutral-negative,friend,微妙に,これから出かける友人に、大輔は外がどれくらい寒いか聞かれ、答えます。「外、微妙に寒いよ。」,-8.607129491865635,0.001554397982545197
116,寒い,neutral-negative,friend,普通に,これから出かける友人に、大輔は外がどれくらい寒いか聞かれ、答えます。「外、普通に寒いよ。」,-6.624131679534912,0.01129190158098936
116,寒い,neutral-negative,friend,本当に,これから出かける友人に、大輔は外がどれくらい寒いか聞かれ、答えます。「外、本当に寒いよ。」,-3.591592311859131,0.23430533707141876
116,寒い,neutral-negative,friend,全く,これから出かける友人に、大輔は外がどれくらい寒いか聞かれ、答えます。「外、全く寒いよ。」,-9.002862453460693,0.0010463986545801163
117,寒い,annoyed,friend,あまり,大輔が暖房を効かせた部屋で作業していると、友人が断りもなく窓を全開にして、一気に冷え込みました。勝手な行動の多い友人に苛立った大輔は言います。「部屋、あまり寒いんだけど、窓閉めてくれる？」,-8.94448471069336,0.02218317613005638
117,寒い,annoyed,friend,いまいち,大輔が暖房を効かせた部屋で作業していると、友人が断りもなく窓を全開にして、一気に冷え込みました。勝手な行動の多い友人に苛立った大輔は言います。「部屋、いまいち寒いんだけど、窓閉めてくれる？」,-13.384133338928223,0.00026176334358751774
117,寒い,annoyed,friend,かなり,大輔が暖房を効かせた部屋で作業していると、友人が断りもなく窓を全開にして、一気に冷え込みました。勝手な行動の多い友人に苛立った大輔は言います。「部屋、かなり寒いんだけど、窓閉めてくれる？」,-8.241958618164062,0.04478441923856735
117,寒い,annoyed,friend,すごく,大輔が暖房を効かせた部屋で作業していると、友人が断りもなく窓を全開にして、一気に冷え込みました。勝手な行動の多い友人に苛立った大輔は言います。「部屋、すごく寒いんだけど、窓閉めてくれる？」,-7.68581748008728,0.07810086011886597
117,寒い,annoyed,friend,そこまで,大輔が暖房を効かせた部屋で作業していると、友人が断りもなく窓を全開にして、一気に冷え込みました。勝手な行動の多い友人に苛立った大輔は言います。「部屋、そこまで寒いんだけど、窓閉めてくれる？」,-11.993724822998047,0.0010513699380680919
117,寒い,annoyed,friend,それほど,大輔が暖房を効かせた部屋で作業していると、友人が断りもなく窓を全開にして、一気に冷え込みました。勝手な行動の多い友人に苛立った大輔は言います。「部屋、それほど寒いんだけど、窓閉めてくれる？」,-12.1072998046875,0.0009384920122101903
117,寒い,annoyed,friend,そんなに,大輔が暖房を効かせた部屋で作業していると、友人が断りもなく窓を全開にして、一気に冷え込みました。勝手な行動の多い友人に苛立った大輔は言います。「部屋、そんなに寒いんだけど、窓閉めてくれる？」,-9.155052185058594,0.017971131950616837
117,寒い,annoyed,friend,たいして,大輔が暖房を効かせた部屋で作業していると、友人が断りもなく窓を全開にして、一気に冷え込みました。勝手な行動の多い友人に苛立った大輔は言います。「部屋、たいして寒いんだけど、窓閉めてくれる？」,-13.816129207611084,0.0001699398271739483
117,寒い,annoyed,friend,だいぶ,大輔が暖房を効かせた部屋で作業していると、友人が断りもなく窓を全開にして、一気に冷え込みました。勝手な行動の多い友人に苛立った大輔は言います。「部屋、だいぶ寒いんだけど、窓閉めてくれる？」,-11.18882671953179,0.002351356204599142
117,寒い,annoyed,friend,ちっとも,大輔が暖房を効かせた部屋で作業していると、友人が断りもなく窓を全開にして、一気に冷え込みました。勝手な行動の多い友人に苛立った大輔は言います。「部屋、ちっとも寒いんだけど、窓閉めてくれる？」,-19.662896871566772,4.909941822006658e-07
117,寒い,annoyed,friend,ちょっと,大輔が暖房を効かせた部屋で作業していると、友人が断りもなく窓を全開にして、一気に冷え込みました。勝手な行動の多い友人に苛立った大輔は言います。「部屋、ちょっと寒いんだけど、窓閉めてくれる？」,-5.835944890975952,0.49664410948753357
117,寒い,annoyed,friend,とても,大輔が暖房を効かせた部屋で作業していると、友人が断りもなく窓を全開にして、一気に冷え込みました。勝手な行動の多い友人に苛立った大輔は言います。「部屋、とても寒いんだけど、窓閉めてくれる？」,-7.719299077987671,0.07552921772003174
117,寒い,annoyed,friend,なかなか,大輔が暖房を効かせた部屋で作業していると、友人が断りもなく窓を全開にして、一気に冷え込みました。勝手な行動の多い友人に苛立った大輔は言います。「部屋、なかなか寒いんだけど、窓閉めてくれる？」,-10.152336120605469,0.006629190407693386
117,寒い,annoyed,friend,（なし）,大輔が暖房を効かせた部屋で作業していると、友人が断りもなく窓を全開にして、一気に冷え込みました。勝手な行動の多い友人に苛立った大輔は言います。「部屋、（なし）寒いんだけど、窓閉めてくれる？」,-32.49621105194092,1.3111081231115262e-12
117,寒い,annoyed,friend,ひどく,大輔が暖房を効かせた部屋で作業していると、友人が断りもなく窓を全開にして、一気に冷え込みました。勝手な行動の多い友人に苛立った大輔は言います。「部屋、ひどく寒いんだけど、窓閉めてくれる？」,-12.839875131845474,0.0004511044535320252
117,寒い,annoyed,friend,まあまあ,大輔が暖房を効かせた部屋で作業していると、友人が断りもなく窓を全開にして、一気に冷え込みました。勝手な行動の多い友人に苛立った大輔は言います。「部屋、まあまあ寒いんだけど、窓閉めてくれる？」,-12.358477354049683,0.000730037922039628
117,寒い,annoyed,friend,マジで,大輔が暖房を効かせた部屋で作業していると、友人が断りもなく窓を全開にして、一気に冷え込みました。勝手な行動の多い友人に苛立った大輔は言います。「部屋、マジで寒いんだけど、窓閉めてくれる？」,-13.917489260435104,0.0001535590272396803
117,寒い,annoyed,friend,めっちゃ,大輔が暖房を効かせた部屋で作業していると、友人が断りもなく窓を全開にして、一気に冷え込みました。勝手な行動の多い友人に苛立った大輔は言います。「部屋、めっちゃ寒いんだけど、窓閉めてくれる？」,-10.81314955279231,0.003423520363867283
117,寒い,annoyed,friend,やや,大輔が暖房を効かせた部屋で作業していると、友人が断りもなく窓を全開にして、一気に冷え込みました。勝手な行動の多い友人に苛立った大輔は言います。「部屋、やや寒いんだけど、窓閉めてくれる？」,-11.911023378372192,0.0011420167284086347
117,寒い,annoyed,friend,結構,大輔が暖房を効かせた部屋で作業していると、友人が断りもなく窓を全開にして、一気に冷え込みました。勝手な行動の多い友人に苛立った大輔は言います。「部屋、結構寒いんだけど、窓閉めてくれる？」,-9.41183090209961,0.013901377096772194
117,寒い,annoyed,friend,若干,大輔が暖房を効かせた部屋で作業していると、友人が断りもなく窓を全開にして、一気に冷え込みました。勝手な行動の多い友人に苛立った大輔は言います。「部屋、若干寒いんだけど、窓閉めてくれる？」,-12.862907409667969,0.0004408332461025566
117,寒い,annoyed,friend,少し,大輔が暖房を効かせた部屋で作業していると、友人が断りもなく窓を全開にして、一気に冷え込みました。勝手な行動の多い友人に苛立った大輔は言います。「部屋、少し寒いんだけど、窓閉めてくれる？」,-7.515350103378296,0.09261661022901535
117,寒い,annoyed,friend,少しも,大輔が暖房を効かせた部屋で作業していると、友人が断りもなく窓を全開にして、一気に冷え込みました。勝手な行動の多い友人に苛立った大輔は言います。「部屋、少しも寒いんだけど、窓閉めてくれる？」,-11.976547718048096,0.0010695859091356397
117,寒い,annoyed,friend,全然,大輔が暖房を効かせた部屋で作業していると、友人が断りもなく窓を全開にして、一気に冷え込みました。勝手な行動の多い友人に苛立った大輔は言います。「部屋、全然寒いんだけど、窓閉めてくれる？」,-10.163604736328125,0.0065549081191420555
117,寒い,annoyed,friend,相当,大輔が暖房を効かせた部屋で作業していると、友人が断りもなく窓を全開にして、一気に冷え込みました。勝手な行動の多い友人に苛立った大輔は言います。「部屋、相当寒いんだけど、窓閉めてくれる？」,-10.565200805664062,0.004386879038065672
117,寒い,annoyed,friend,超,大輔が暖房を効かせた部屋で作業していると、友人が断りもなく窓を全開にして、一気に冷え込みました。勝手な行動の多い友人に苛立った大輔は言います。「部屋、超寒いんだけど、窓閉めてくれる？」,-9.32598876953125,0.015147416852414608
117,寒い,annoyed,friend,非常に,大輔が暖房を効かせた部屋で作業していると、友人が断りもなく窓を全開にして、一気に冷え込みました。勝手な行動の多い友人に苛立った大輔は言います。「部屋、非常に寒いんだけど、窓閉めてくれる？」,-10.19662094116211,0.006342023611068726
117,寒い,annoyed,friend,微妙に,大輔が暖房を効かせた部屋で作業していると、友人が断りもなく窓を全開にして、一気に冷え込みました。勝手な行動の多い友人に苛立った大輔は言います。「部屋、微妙に寒いんだけど、窓閉めてくれる？」,-10.851540058851242,0.0032945817802101374
117,寒い,annoyed,friend,普通に,大輔が暖房を効かせた部屋で作業していると、友人が断りもなく窓を全開にして、一気に冷え込みました。勝手な行動の多い友人に苛立った大輔は言います。「部屋、普通に寒いんだけど、窓閉めてくれる？」,-11.499515533447266,0.0017234073020517826
117,寒い,annoyed,friend,本当に,大輔が暖房を効かせた部屋で作業していると、友人が断りもなく窓を全開にして、一気に冷え込みました。勝手な行動の多い友人に苛立った大輔は言います。「部屋、本当に寒いんだけど、窓閉めてくれる？」,-7.425620794296265,0.10131128132343292
117,寒い,annoyed,friend,全く,大輔が暖房を効かせた部屋で作業していると、友人が断りもなく窓を全開にして、一気に冷え込みました。勝手な行動の多い友人に苛立った大輔は言います。「部屋、全く寒いんだけど、窓閉めてくれる？」,-12.407161712646484,0.0006953479605726898
118,寒い,encouraging,friend,あまり,友人の提案で来たテラス席が寒いです。それを申し訳ないと言ってきた友人を、大輔が励まします。「ここ、あまり寒くないよ。お茶を飲めばすぐ温まるし。」,-5.958503723144531,0.30504363775253296
118,寒い,encouraging,friend,いまいち,友人の提案で来たテラス席が寒いです。それを申し訳ないと言ってきた友人を、大輔が励まします。「ここ、いまいち寒くないよ。お茶を飲めばすぐ温まるし。」,-14.4003586769104,6.578260945389047e-05
118,寒い,encouraging,friend,かなり,友人の提案で来たテラス席が寒いです。それを申し訳ないと言ってきた友人を、大輔が励まします。「ここ、かなり寒くないよ。お茶を飲めばすぐ温まるし。」,-11.572757720947266,0.001112045138143003
118,寒い,encouraging,friend,すごく,友人の提案で来たテラス席が寒いです。それを申し訳ないと言ってきた友人を、大輔が励まします。「ここ、すごく寒くないよ。お茶を飲めばすぐ温まるし。」,-10.296829223632812,0.00398337421938777
118,寒い,encouraging,friend,そこまで,友人の提案で来たテラス席が寒いです。それを申し訳ないと言ってきた友人を、大輔が励まします。「ここ、そこまで寒くないよ。お茶を飲めばすぐ温まるし。」,-9.266674041748047,0.011159424670040607
118,寒い,encouraging,friend,それほど,友人の提案で来たテラス席が寒いです。それを申し訳ないと言ってきた友人を、大輔が励まします。「ここ、それほど寒くないよ。お茶を飲めばすぐ温まるし。」,-8.576854705810547,0.02224469929933548
118,寒い,encouraging,friend,そんなに,友人の提案で来たテラス席が寒いです。それを申し訳ないと言ってきた友人を、大輔が励まします。「ここ、そんなに寒くないよ。お茶を飲めばすぐ温まるし。」,-5.597446322441101,0.43769049644470215
118,寒い,encouraging,friend,たいして,友人の提案で来たテラス席が寒いです。それを申し訳ないと言ってきた友人を、大輔が励まします。「ここ、たいして寒くないよ。お茶を飲めばすぐ温まるし。」,-13.880858838558197,0.00011059283860959113
118,寒い,encouraging,friend,だいぶ,友人の提案で来たテラス席が寒いです。それを申し訳ないと言ってきた友人を、大輔が励まします。「ここ、だいぶ寒くないよ。お茶を飲めばすぐ温まるし。」,-11.106064020423219,0.001773392898030579
118,寒い,encouraging,friend,ちっとも,友人の提案で来たテラス席が寒いです。それを申し訳ないと言ってきた友人を、大輔が励まします。「ここ、ちっとも寒くないよ。お茶を飲めばすぐ温まるし。」,-17.539088308811188,2.850870941983885e-06
118,寒い,encouraging,friend,ちょっと,友人の提案で来たテラス席が寒いです。それを申し訳ないと言ってきた友人を、大輔が励まします。「ここ、ちょっと寒くないよ。お茶を飲めばすぐ温まるし。」,-8.50925064086914,0.023800529539585114
118,寒い,encouraging,friend,とても,友人の提案で来たテラス席が寒いです。それを申し訳ないと言ってきた友人を、大輔が励まします。「ここ、とても寒くないよ。お茶を飲めばすぐ温まるし。」,-8.345787048339844,0.028027085587382317
118,寒い,encouraging,friend,なかなか,友人の提案で来たテラス席が寒いです。それを申し訳ないと言ってきた友人を、大輔が励まします。「ここ、なかなか寒くないよ。お茶を飲めばすぐ温まるし。」,-8.414630889892578,0.026162512600421906
118,寒い,encouraging,friend,（なし）,友人の提案で来たテラス席が寒いです。それを申し訳ないと言ってきた友人を、大輔が励まします。「ここ、（なし）寒くないよ。お茶を飲めばすぐ温まるし。」,-30.328054428100586,7.957938127911568e-12
118,寒い,encouraging,friend,ひどく,友人の提案で来たテラス席が寒いです。それを申し訳ないと言ってきた友人を、大輔が励まします。「ここ、ひどく寒くないよ。お茶を飲めばすぐ温まるし。」,-14.732527315616608,4.7190191253321245e-05
118,寒い,encouraging,friend,まあまあ,友人の提案で来たテラス席が寒いです。それを申し訳ないと言ってきた友人を、大輔が励まします。「ここ、まあまあ寒くないよ。お茶を飲めばすぐ温まるし。」,-13.736231088638306,0.00012780209362972528
118,寒い,encouraging,friend,マジで,友人の提案で来たテラス席が寒いです。それを申し訳ないと言ってきた友人を、大輔が励まします。「ここ、マジで寒くないよ。お茶を飲めばすぐ温まるし。」,-14.261708706617355,7.556592754554003e-05
118,寒い,encouraging,friend,めっちゃ,友人の提案で来たテラス席が寒いです。それを申し訳ないと言ってきた友人を、大輔が励まします。「ここ、めっちゃ寒くないよ。お茶を飲めばすぐ温まるし。」,-12.730517402291298,0.0003493926487863064
118,寒い,encouraging,friend,やや,友人の提案で来たテラス席が寒いです。それを申し訳ないと言ってきた友人を、大輔が励まします。「ここ、やや寒くないよ。お茶を飲めばすぐ温まるし。」,-16.54399585723877,7.711547368671745e-06
118,寒い,encouraging,friend,結構,友人の提案で来たテラス席が寒いです。それを申し訳ないと言ってきた友人を、大輔が励まします。「ここ、結構寒くないよ。お茶を飲めばすぐ温まるし。」,-12.006782054901123,0.0007204898283816874
118,寒い,encouraging,friend,若干,友人の提案で来たテラス席が寒いです。それを申し訳ないと言ってきた友人を、大輔が励まします。「ここ、若干寒くないよ。お茶を飲めばすぐ温まるし。」,-16.616145610809326,7.174748134275433e-06
118,寒い,encouraging,friend,少し,友人の提案で来たテラス席が寒いです。それを申し訳ないと言ってきた友人を、大輔が励まします。「ここ、少し寒くないよ。お茶を飲めばすぐ温まるし。」,-11.290275573730469,0.001475036726333201
118,寒い,encouraging,friend,少しも,友人の提案で来たテラス席が寒いです。それを申し訳ないと言ってきた友人を、大輔が励まします。「ここ、少しも寒くないよ。お茶を飲めばすぐ温まるし。」,-13.45771312713623,0.0001688482880126685
118,寒い,encouraging,friend,全然,友人の提案で来たテラス席が寒いです。それを申し訳ないと言ってきた友人を、大輔が励まします。「ここ、全然寒くないよ。お茶を飲めばすぐ温まるし。」,-7.205455780029297,0.08766324073076248
118,寒い,encouraging,friend,相当,友人の提案で来たテラス席が寒いです。それを申し訳ないと言ってきた友人を、大輔が励まします。「ここ、相当寒くないよ。お茶を飲めばすぐ温まるし。」,-11.991355419158936,0.000731690670363605
118,寒い,encouraging,friend,超,友人の提案で来たテラス席が寒いです。それを申し訳ないと言ってきた友人を、大輔が励まします。「ここ、超寒くないよ。お茶を飲めばすぐ温まるし。」,-12.23796796798706,0.0005717748426832259
118,寒い,encouraging,friend,非常に,友人の提案で来たテラス席が寒いです。それを申し訳ないと言ってきた友人を、大輔が励まします。「ここ、非常に寒くないよ。お茶を飲めばすぐ温まるし。」,-12.374522686004639,0.0004987927386537194
118,寒い,encouraging,friend,微妙に,友人の提案で来たテラス席が寒いです。それを申し訳ないと言ってきた友人を、大輔が励まします。「ここ、微妙に寒くないよ。お茶を飲めばすぐ温まるし。」,-15.020008400082588,3.539978206390515e-05
118,寒い,encouraging,friend,普通に,友人の提案で来たテラス席が寒いです。それを申し訳ないと言ってきた友人を、大輔が励まします。「ここ、普通に寒くないよ。お茶を飲めばすぐ温まるし。」,-12.442832469940186,0.00046585797099396586
118,寒い,encouraging,friend,本当に,友人の提案で来たテラス席が寒いです。それを申し訳ないと言ってきた友人を、大輔が励まします。「ここ、本当に寒くないよ。お茶を飲めばすぐ温まるし。」,-7.957981109619141,0.04130474478006363
118,寒い,encouraging,friend,全く,友人の提案で来たテラス席が寒いです。それを申し訳ないと言ってきた友人を、大輔が励まします。「ここ、全く寒くないよ。お茶を飲めばすぐ温まるし。」,-10.158817291259766,0.004572871141135693
119,寒い,warning,colleague,あまり,歓迎会の会場に屋外のテラス席を押さえた同僚が、その案を大輔に見せてきます。大輔は力になりたいと思い、遠慮がちに指摘します。「そこ、この時期はあまり寒いと思うので、室内にされてはどうですか？」,-7.56330943107605,0.016358697786927223
119,寒い,warning,colleague,いまいち,歓迎会の会場に屋外のテラス席を押さえた同僚が、その案を大輔に見せてきます。大輔は力になりたいと思い、遠慮がちに指摘します。「そこ、この時期はいまいち寒いと思うので、室内にされてはどうですか？」,-15.191726684570312,7.957362868182827e-06
119,寒い,warning,colleague,かなり,歓迎会の会場に屋外のテラス席を押さえた同僚が、その案を大輔に見せてきます。大輔は力になりたいと思い、遠慮がちに指摘します。「そこ、この時期はかなり寒いと思うので、室内にされてはどうですか？」,-5.622784376144409,0.11389590054750443
119,寒い,warning,colleague,すごく,歓迎会の会場に屋外のテラス席を押さえた同僚が、その案を大輔に見せてきます。大輔は力になりたいと思い、遠慮がちに指摘します。「そこ、この時期はすごく寒いと思うので、室内にされてはどうですか？」,-6.038933515548706,0.07512367516756058
119,寒い,warning,colleague,そこまで,歓迎会の会場に屋外のテラス席を押さえた同僚が、その案を大輔に見せてきます。大輔は力になりたいと思い、遠慮がちに指摘します。「そこ、この時期はそこまで寒いと思うので、室内にされてはどうですか？」,-11.893425226211548,0.0002153791137970984
119,寒い,warning,colleague,それほど,歓迎会の会場に屋外のテラス席を押さえた同僚が、その案を大輔に見せてきます。大輔は力になりたいと思い、遠慮がちに指摘します。「そこ、この時期はそれほど寒いと思うので、室内にされてはどうですか？」,-10.080944776535034,0.0013193305348977447
119,寒い,warning,colleague,そんなに,歓迎会の会場に屋外のテラス席を押さえた同僚が、その案を大輔に見せてきます。大輔は力になりたいと思い、遠慮がちに指摘します。「そこ、この時期はそんなに寒いと思うので、室内にされてはどうですか？」,-10.08897089958191,0.0013087837724015117
119,寒い,warning,colleague,たいして,歓迎会の会場に屋外のテラス席を押さえた同僚が、その案を大輔に見せてきます。大輔は力になりたいと思い、遠慮がちに指摘します。「そこ、この時期はたいして寒いと思うので、室内にされてはどうですか？」,-12.41088593006134,0.00012837284884881228
119,寒い,warning,colleague,だいぶ,歓迎会の会場に屋外のテラス席を押さえた同僚が、その案を大輔に見せてきます。大輔は力になりたいと思い、遠慮がちに指摘します。「そこ、この時期はだいぶ寒いと思うので、室内にされてはどうですか？」,-11.468012138619088,0.0003295779461041093
119,寒い,warning,colleague,ちっとも,歓迎会の会場に屋外のテラス席を押さえた同僚が、その案を大輔に見せてきます。大輔は力になりたいと思い、遠慮がちに指摘します。「そこ、この時期はちっとも寒いと思うので、室内にされてはどうですか？」,-18.216297030448914,3.8655818457300484e-07
119,寒い,warning,colleague,ちょっと,歓迎会の会場に屋外のテラス席を押さえた同僚が、その案を大輔に見せてきます。大輔は力になりたいと思い、遠慮がちに指摘します。「そこ、この時期はちょっと寒いと思うので、室内にされてはどうですか？」,-4.885079026222229,0.23817139863967896
119,寒い,warning,colleague,とても,歓迎会の会場に屋外のテラス席を押さえた同僚が、その案を大輔に見せてきます。大輔は力になりたいと思い、遠慮がちに指摘します。「そこ、この時期はとても寒いと思うので、室内にされてはどうですか？」,-5.27971339225769,0.16050994396209717
119,寒い,warning,colleague,なかなか,歓迎会の会場に屋外のテラス席を押さえた同僚が、その案を大輔に見せてきます。大輔は力になりたいと思い、遠慮がちに指摘します。「そこ、この時期はなかなか寒いと思うので、室内にされてはどうですか？」,-7.501164197921753,0.01740756817162037
119,寒い,warning,colleague,（なし）,歓迎会の会場に屋外のテラス席を押さえた同僚が、その案を大輔に見せてきます。大輔は力になりたいと思い、遠慮がちに指摘します。「そこ、この時期は（なし）寒いと思うので、室内にされてはどうですか？」,-28.18335485458374,1.8137462018397166e-11
119,寒い,warning,colleague,ひどく,歓迎会の会場に屋外のテラス席を押さえた同僚が、その案を大輔に見せてきます。大輔は力になりたいと思い、遠慮がちに指摘します。「そこ、この時期はひどく寒いと思うので、室内にされてはどうですか？」,-11.71142366528511,0.00025837213615886867
119,寒い,warning,colleague,まあまあ,歓迎会の会場に屋外のテラス席を押さえた同僚が、その案を大輔に見せてきます。大輔は力になりたいと思い、遠慮がちに指摘します。「そこ、この時期はまあまあ寒いと思うので、室内にされてはどうですか？」,-11.518804967403412,0.00031325581949204206
119,寒い,warning,colleague,マジで,歓迎会の会場に屋外のテラス席を押さえた同僚が、その案を大輔に見せてきます。大輔は力になりたいと思い、遠慮がちに指摘します。「そこ、この時期はマジで寒いと思うので、室内にされてはどうですか？」,-13.562275722622871,4.059111961396411e-05
119,寒い,warning,colleague,めっちゃ,歓迎会の会場に屋外のテラス席を押さえた同僚が、その案を大輔に見せてきます。大輔は力になりたいと思い、遠慮がちに指摘します。「そこ、この時期はめっちゃ寒いと思うので、室内にされてはどうですか？」,-10.226306557655334,0.001140837324783206
119,寒い,warning,colleague,やや,歓迎会の会場に屋外のテラス席を押さえた同僚が、その案を大輔に見せてきます。大輔は力になりたいと思い、遠慮がちに指摘します。「そこ、この時期はやや寒いと思うので、室内にされてはどうですか？」,-10.842015504837036,0.0006163466023281217
119,寒い,warning,colleague,結構,歓迎会の会場に屋外のテラス席を押さえた同僚が、その案を大輔に見せてきます。大輔は力になりたいと思い、遠慮がちに指摘します。「そこ、この時期は結構寒いと思うので、室内にされてはどうですか？」,-6.092182874679565,0.07122802734375
119,寒い,warning,colleague,若干,歓迎会の会場に屋外のテラス席を押さえた同僚が、その案を大輔に見せてきます。大輔は力になりたいと思い、遠慮がちに指摘します。「そこ、この時期は若干寒いと思うので、室内にされてはどうですか？」,-8.42124629020691,0.006936678197234869
119,寒い,warning,colleague,少し,歓迎会の会場に屋外のテラス席を押さえた同僚が、その案を大輔に見せてきます。大輔は力になりたいと思い、遠慮がちに指摘します。「そこ、この時期は少し寒いと思うので、室内にされてはどうですか？」,-5.025803327560425,0.2069062739610672
119,寒い,warning,colleague,少しも,歓迎会の会場に屋外のテラス席を押さえた同僚が、その案を大輔に見せてきます。大輔は力になりたいと思い、遠慮がちに指摘します。「そこ、この時期は少しも寒いと思うので、室内にされてはどうですか？」,-11.761698484420776,0.0002457036171108484
119,寒い,warning,colleague,全然,歓迎会の会場に屋外のテラス席を押さえた同僚が、その案を大輔に見せてきます。大輔は力になりたいと思い、遠慮がちに指摘します。「そこ、この時期は全然寒いと思うので、室内にされてはどうですか？」,-10.748066663742065,0.000677058647852391
119,寒い,warning,colleague,相当,歓迎会の会場に屋外のテラス席を押さえた同僚が、その案を大輔に見せてきます。大輔は力になりたいと思い、遠慮がちに指摘します。「そこ、この時期は相当寒いと思うので、室内にされてはどうですか？」,-7.069245100021362,0.02681131847202778
119,寒い,warning,colleague,超,歓迎会の会場に屋外のテラス席を押さえた同僚が、その案を大輔に見せてきます。大輔は力になりたいと思い、遠慮がちに指摘します。「そこ、この時期は超寒いと思うので、室内にされてはどうですか？」,-8.776551008224487,0.004862332250922918
119,寒い,warning,colleague,非常に,歓迎会の会場に屋外のテラス席を押さえた同僚が、その案を大輔に見せてきます。大輔は力になりたいと思い、遠慮がちに指摘します。「そこ、この時期は非常に寒いと思うので、室内にされてはどうですか？」,-7.0717246532440186,0.026744922623038292
119,寒い,warning,colleague,微妙に,歓迎会の会場に屋外のテラス席を押さえた同僚が、その案を大輔に見せてきます。大輔は力になりたいと思い、遠慮がちに指摘します。「そこ、この時期は微妙に寒いと思うので、室内にされてはどうですか？」,-12.055848389863968,0.00018308978178538382
119,寒い,warning,colleague,普通に,歓迎会の会場に屋外のテラス席を押さえた同僚が、その案を大輔に見せてきます。大輔は力になりたいと思い、遠慮がちに指摘します。「そこ、この時期は普通に寒いと思うので、室内にされてはどうですか？」,-9.884236097335815,0.0016061390051618218
119,寒い,warning,colleague,本当に,歓迎会の会場に屋外のテラス席を押さえた同僚が、その案を大輔に見せてきます。大輔は力になりたいと思い、遠慮がちに指摘します。「そこ、この時期は本当に寒いと思うので、室内にされてはどうですか？」,-7.076843976974487,0.026608355343341827
119,寒い,warning,colleague,全く,歓迎会の会場に屋外のテラス席を押さえた同僚が、その案を大輔に見せてきます。大輔は力になりたいと思い、遠慮がちに指摘します。「そこ、この時期は全く寒いと思うので、室内にされてはどうですか？」,-13.488735437393188,4.368868030724116e-05
120,寒い,non-committal,colleague,あまり,視察当日の服装について同僚に意見を求められます。自分の意見を押し付けたくない大輔は、慎重に答えます。「それは、当日はあまり寒いみたいですけど、身軽で動きやすいですね。」,-10.567957878112793,0.003119073808193207
120,寒い,non-committal,colleague,いまいち,視察当日の服装について同僚に意見を求められます。自分の意見を押し付けたくない大輔は、慎重に答えます。「それは、当日はいまいち寒いみたいですけど、身軽で動きやすいですね。」,-17.50114345550537,3.040752062588581e-06
120,寒い,non-committal,colleague,かなり,視察当日の服装について同僚に意見を求められます。自分の意見を押し付けたくない大輔は、慎重に答えます。「それは、当日はかなり寒いみたいですけど、身軽で動きやすいですね。」,-7.716158866882324,0.054018959403038025
120,寒い,non-committal,colleague,すごく,視察当日の服装について同僚に意見を求められます。自分の意見を押し付けたくない大輔は、慎重に答えます。「それは、当日はすごく寒いみたいですけど、身軽で動きやすいですね。」,-7.333930015563965,0.07916735112667084
120,寒い,non-committal,colleague,そこまで,視察当日の服装について同僚に意見を求められます。自分の意見を押し付けたくない大輔は、慎重に答えます。「それは、当日はそこまで寒いみたいですけど、身軽で動きやすいですね。」,-13.527525424957275,0.0001616970112081617
120,寒い,non-committal,colleague,それほど,視察当日の服装について同僚に意見を求められます。自分の意見を押し付けたくない大輔は、慎重に答えます。「それは、当日はそれほど寒いみたいですけど、身軽で動きやすいですね。」,-12.381068229675293,0.0005088641191832721
120,寒い,non-committal,colleague,そんなに,視察当日の服装について同僚に意見を求められます。自分の意見を押し付けたくない大輔は、慎重に答えます。「それは、当日はそんなに寒いみたいですけど、身軽で動きやすいですね。」,-12.507006168365479,0.00044865021482110023
120,寒い,non-committal,colleague,たいして,視察当日の服装について同僚に意見を求められます。自分の意見を押し付けたくない大輔は、慎重に答えます。「それは、当日はたいして寒いみたいですけど、身軽で動きやすいですね。」,-15.58009386062622,2.076265445793979e-05
120,寒い,non-committal,colleague,だいぶ,視察当日の服装について同僚に意見を求められます。自分の意見を押し付けたくない大輔は、慎重に答えます。「それは、当日はだいぶ寒いみたいですけど、身軽で動きやすいですね。」,-13.331079289200716,0.00019679641991388053
120,寒い,non-committal,colleague,ちっとも,視察当日の服装について同僚に意見を求められます。自分の意見を押し付けたくない大輔は、慎重に答えます。「それは、当日はちっとも寒いみたいですけど、身軽で動きやすいですね。」,-19.72234320640564,3.2985761322379403e-07
120,寒い,non-committal,colleague,ちょっと,視察当日の服装について同僚に意見を求められます。自分の意見を押し付けたくない大輔は、慎重に答えます。「それは、当日はちょっと寒いみたいですけど、身軽で動きやすいですね。」,-5.760245203971863,0.3819343149662018
120,寒い,non-committal,colleague,とても,視察当日の服装について同僚に意見を求められます。自分の意見を押し付けたくない大輔は、慎重に答えます。「それは、当日はとても寒いみたいですけど、身軽で動きやすいですね。」,-7.230849266052246,0.08776341378688812
120,寒い,non-committal,colleague,なかなか,視察当日の服装について同僚に意見を求められます。自分の意見を押し付けたくない大輔は、慎重に答えます。「それは、当日はなかなか寒いみたいですけど、身軽で動きやすいですね。」,-10.192389488220215,0.004540805704891682
120,寒い,non-committal,colleague,（なし）,視察当日の服装について同僚に意見を求められます。自分の意見を押し付けたくない大輔は、慎重に答えます。「それは、当日は（なし）寒いみたいですけど、身軽で動きやすいですね。」,-29.9589262008667,1.182048035841543e-11
120,寒い,non-committal,colleague,ひどく,視察当日の服装について同僚に意見を求められます。自分の意見を押し付けたくない大輔は、慎重に答えます。「それは、当日はひどく寒いみたいですけど、身軽で動きやすいですね。」,-15.892705962061882,1.5188572433544323e-05
120,寒い,non-committal,colleague,まあまあ,視察当日の服装について同僚に意見を求められます。自分の意見を押し付けたくない大輔は、慎重に答えます。「それは、当日はまあまあ寒いみたいですけど、身軽で動きやすいですね。」,-13.35838395357132,0.00019149565196130425
120,寒い,non-committal,colleague,マジで,視察当日の服装について同僚に意見を求められます。自分の意見を押し付けたくない大輔は、慎重に答えます。「それは、当日はマジで寒いみたいですけど、身軽で動きやすいですね。」,-15.326875284314156,2.6745696231955662e-05
120,寒い,non-committal,colleague,めっちゃ,視察当日の服装について同僚に意見を求められます。自分の意見を押し付けたくない大輔は、慎重に答えます。「それは、当日はめっちゃ寒いみたいですけど、身軽で動きやすいですね。」,-12.919284790754318,0.0002970689965877682
120,寒い,non-committal,colleague,やや,視察当日の服装について同僚に意見を求められます。自分の意見を押し付けたくない大輔は、慎重に答えます。「それは、当日はやや寒いみたいですけど、身軽で動きやすいですね。」,-11.742921158671379,0.0009632647852413356
120,寒い,non-committal,colleague,結構,視察当日の服装について同僚に意見を求められます。自分の意見を押し付けたくない大輔は、慎重に答えます。「それは、当日は結構寒いみたいですけど、身軽で動きやすいですね。」,-8.014578819274902,0.040081512182950974
120,寒い,non-committal,colleague,若干,視察当日の服装について同僚に意見を求められます。自分の意見を押し付けたくない大輔は、慎重に答えます。「それは、当日は若干寒いみたいですけど、身軽で動きやすいですね。」,-9.46374797821045,0.009409746155142784
120,寒い,non-committal,colleague,少し,視察当日の服装について同僚に意見を求められます。自分の意見を押し付けたくない大輔は、慎重に答えます。「それは、当日は少し寒いみたいですけど、身軽で動きやすいですね。」,-5.995879054069519,0.30175483226776123
120,寒い,non-committal,colleague,少しも,視察当日の服装について同僚に意見を求められます。自分の意見を押し付けたくない大輔は、慎重に答えます。「それは、当日は少しも寒いみたいですけど、身軽で動きやすいですね。」,-14.486799240112305,6.195758032845333e-05
120,寒い,non-committal,colleague,全然,視察当日の服装について同僚に意見を求められます。自分の意見を押し付けたくない大輔は、慎重に答えます。「それは、当日は全然寒いみたいですけど、身軽で動きやすいですね。」,-12.013754844665527,0.0007347236387431622
120,寒い,non-committal,colleague,相当,視察当日の服装について同僚に意見を求められます。自分の意見を押し付けたくない大輔は、慎重に答えます。「それは、当日は相当寒いみたいですけど、身軽で動きやすいですね。」,-9.511393547058105,0.0089719258248806
120,寒い,non-committal,colleague,超,視察当日の服装について同僚に意見を求められます。自分の意見を押し付けたくない大輔は、慎重に答えます。「それは、当日は超寒いみたいですけど、身軽で動きやすいですね。」,-11.410639762878418,0.0013429305981844664
120,寒い,non-committal,colleague,非常に,視察当日の服装について同僚に意見を求められます。自分の意見を押し付けたくない大輔は、慎重に答えます。「それは、当日は非常に寒いみたいですけど、身軽で動きやすいですね。」,-9.603495597839355,0.008182505145668983
120,寒い,non-committal,colleague,微妙に,視察当日の服装について同僚に意見を求められます。自分の意見を押し付けたくない大輔は、慎重に答えます。「それは、当日は微妙に寒いみたいですけど、身軽で動きやすいですね。」,-13.2015740275383,0.00022400646412279457
120,寒い,non-committal,colleague,普通に,視察当日の服装について同僚に意見を求められます。自分の意見を押し付けたくない大輔は、慎重に答えます。「それは、当日は普通に寒いみたいですけど、身軽で動きやすいですね。」,-10.713976860046387,0.0026953204069286585
120,寒い,non-committal,colleague,本当に,視察当日の服装について同僚に意見を求められます。自分の意見を押し付けたくない大輔は、慎重に答えます。「それは、当日は本当に寒いみたいですけど、身軽で動きやすいですね。」,-9.132262229919434,0.013108118437230587
120,寒い,non-committal,colleague,全く,視察当日の服装について同僚に意見を求められます。自分の意見を押し付けたくない大輔は、慎重に答えます。「それは、当日は全く寒いみたいですけど、身軽で動きやすいですね。」,-14.613455295562744,5.458692612592131e-05
121,寒い,acknowledge,colleague,あまり,大輔が薄いから寒いだろうと決めつけていた作業用の上着を、同僚が絶対暖かいと勧めます。大輔は半信半疑で着てみました。しかし、同僚の言った通りに暖かいです。教えてもらったことについて感謝します。「倉庫、あまり寒くないですね。教えてくれてありがとうございます。」,-6.238508224487305,0.29917383193969727
121,寒い,acknowledge,colleague,いまいち,大輔が薄いから寒いだろうと決めつけていた作業用の上着を、同僚が絶対暖かいと勧めます。大輔は半信半疑で着てみました。しかし、同僚の言った通りに暖かいです。教えてもらったことについて感謝します。「倉庫、いまいち寒くないですね。教えてくれてありがとうございます。」,-13.733834981918335,0.0001662434369791299
121,寒い,acknowledge,colleague,かなり,大輔が薄いから寒いだろうと決めつけていた作業用の上着を、同僚が絶対暖かいと勧めます。大輔は半信半疑で着てみました。しかし、同僚の言った通りに暖かいです。教えてもらったことについて感謝します。「倉庫、かなり寒くないですね。教えてくれてありがとうございます。」,-10.786279678344727,0.0031684844288975
121,寒い,acknowledge,colleague,すごく,大輔が薄いから寒いだろうと決めつけていた作業用の上着を、同僚が絶対暖かいと勧めます。大輔は半信半疑で着てみました。しかし、同僚の言った通りに暖かいです。教えてもらったことについて感謝します。「倉庫、すごく寒くないですね。教えてくれてありがとうございます。」,-9.617849349975586,0.010192821733653545
121,寒い,acknowledge,colleague,そこまで,大輔が薄いから寒いだろうと決めつけていた作業用の上着を、同僚が絶対暖かいと勧めます。大輔は半信半疑で着てみました。しかし、同僚の言った通りに暖かいです。教えてもらったことについて感謝します。「倉庫、そこまで寒くないですね。教えてくれてありがとうございます。」,-9.676050186157227,0.00961652398109436
121,寒い,acknowledge,colleague,それほど,大輔が薄いから寒いだろうと決めつけていた作業用の上着を、同僚が絶対暖かいと勧めます。大輔は半信半疑で着てみました。しかし、同僚の言った通りに暖かいです。教えてもらったことについて感謝します。「倉庫、それほど寒くないですね。教えてくれてありがとうございます。」,-8.840890884399414,0.022167829796671867
121,寒い,acknowledge,colleague,そんなに,大輔が薄いから寒いだろうと決めつけていた作業用の上着を、同僚が絶対暖かいと勧めます。大輔は半信半疑で着てみました。しかし、同僚の言った通りに暖かいです。教えてもらったことについて感謝します。「倉庫、そんなに寒くないですね。教えてくれてありがとうございます。」,-6.197385787963867,0.31173306703567505
121,寒い,acknowledge,colleague,たいして,大輔が薄いから寒いだろうと決めつけていた作業用の上着を、同僚が絶対暖かいと勧めます。大輔は半信半疑で着てみました。しかし、同僚の言った通りに暖かいです。教えてもらったことについて感謝します。「倉庫、たいして寒くないですね。教えてくれてありがとうございます。」,-13.446701526641846,0.0002215364802395925
121,寒い,acknowledge,colleague,だいぶ,大輔が薄いから寒いだろうと決めつけていた作業用の上着を、同僚が絶対暖かいと勧めます。大輔は半信半疑で着てみました。しかし、同僚の言った通りに暖かいです。教えてもらったことについて感謝します。「倉庫、だいぶ寒くないですね。教えてくれてありがとうございます。」,-10.69945177808404,0.0034558954648673534
121,寒い,acknowledge,colleague,ちっとも,大輔が薄いから寒いだろうと決めつけていた作業用の上着を、同僚が絶対暖かいと勧めます。大輔は半信半疑で着てみました。しかし、同僚の言った通りに暖かいです。教えてもらったことについて感謝します。「倉庫、ちっとも寒くないですね。教えてくれてありがとうございます。」,-17.3056617975235,4.6721820581296925e-06
121,寒い,acknowledge,colleague,ちょっと,大輔が薄いから寒いだろうと決めつけていた作業用の上着を、同僚が絶対暖かいと勧めます。大輔は半信半疑で着てみました。しかし、同僚の言った通りに暖かいです。教えてもらったことについて感謝します。「倉庫、ちょっと寒くないですね。教えてくれてありがとうございます。」,-8.96940803527832,0.019494356587529182
121,寒い,acknowledge,colleague,とても,大輔が薄いから寒いだろうと決めつけていた作業用の上着を、同僚が絶対暖かいと勧めます。大輔は半信半疑で着てみました。しかし、同僚の言った通りに暖かいです。教えてもらったことについて感謝します。「倉庫、とても寒くないですね。教えてくれてありがとうございます。」,-7.636903762817383,0.07389383018016815
121,寒い,acknowledge,colleague,なかなか,大輔が薄いから寒いだろうと決めつけていた作業用の上着を、同僚が絶対暖かいと勧めます。大輔は半信半疑で着てみました。しかし、同僚の言った通りに暖かいです。教えてもらったことについて感謝します。「倉庫、なかなか寒くないですね。教えてくれてありがとうございます。」,-7.951696395874023,0.05393807590007782
121,寒い,acknowledge,colleague,（なし）,大輔が薄いから寒いだろうと決めつけていた作業用の上着を、同僚が絶対暖かいと勧めます。大輔は半信半疑で着てみました。しかし、同僚の言った通りに暖かいです。教えてもらったことについて感謝します。「倉庫、（なし）寒くないですね。教えてくれてありがとうございます。」,-22.155548632144928,3.657977387661049e-08
121,寒い,acknowledge,colleague,ひどく,大輔が薄いから寒いだろうと決めつけていた作業用の上着を、同僚が絶対暖かいと勧めます。大輔は半信半疑で着てみました。しかし、同僚の言った通りに暖かいです。教えてもらったことについて感謝します。「倉庫、ひどく寒くないですね。教えてくれてありがとうございます。」,-14.033853232860565,0.00012315389176364988
121,寒い,acknowledge,colleague,まあまあ,大輔が薄いから寒いだろうと決めつけていた作業用の上着を、同僚が絶対暖かいと勧めます。大輔は半信半疑で着てみました。しかし、同僚の言った通りに暖かいです。教えてもらったことについて感謝します。「倉庫、まあまあ寒くないですね。教えてくれてありがとうございます。」,-12.834011554718018,0.0004088209243491292
121,寒い,acknowledge,colleague,マジで,大輔が薄いから寒いだろうと決めつけていた作業用の上着を、同僚が絶対暖かいと勧めます。大輔は半信半疑で着てみました。しかし、同僚の言った通りに暖かいです。教えてもらったことについて感謝します。「倉庫、マジで寒くないですね。教えてくれてありがとうございます。」,-14.698170810937881,6.337805825751275e-05
121,寒い,acknowledge,colleague,めっちゃ,大輔が薄いから寒いだろうと決めつけていた作業用の上着を、同僚が絶対暖かいと勧めます。大輔は半信半疑で着てみました。しかし、同僚の言った通りに暖かいです。教えてもらったことについて感謝します。「倉庫、めっちゃ寒くないですね。教えてくれてありがとうございます。」,-12.542317099869251,0.000547285657376051
121,寒い,acknowledge,colleague,やや,大輔が薄いから寒いだろうと決めつけていた作業用の上着を、同僚が絶対暖かいと勧めます。大輔は半信半疑で着てみました。しかし、同僚の言った通りに暖かいです。教えてもらったことについて感謝します。「倉庫、やや寒くないですね。教えてくれてありがとうございます。」,-14.229767560958862,0.00010124268737854436
121,寒い,acknowledge,colleague,結構,大輔が薄いから寒いだろうと決めつけていた作業用の上着を、同僚が絶対暖かいと勧めます。大輔は半信半疑で着てみました。しかし、同僚の言った通りに暖かいです。教えてもらったことについて感謝します。「倉庫、結構寒くないですね。教えてくれてありがとうございます。」,-11.735719680786133,0.0012260694056749344
121,寒い,acknowledge,colleague,若干,大輔が薄いから寒いだろうと決めつけていた作業用の上着を、同僚が絶対暖かいと勧めます。大輔は半信半疑で着てみました。しかし、同僚の言った通りに暖かいです。教えてもらったことについて感謝します。「倉庫、若干寒くないですね。教えてくれてありがとうございます。」,-15.324007034301758,3.3895466913236305e-05
121,寒い,acknowledge,colleague,少し,大輔が薄いから寒いだろうと決めつけていた作業用の上着を、同僚が絶対暖かいと勧めます。大輔は半信半疑で着てみました。しかし、同僚の言った通りに暖かいです。教えてもらったことについて感謝します。「倉庫、少し寒くないですね。教えてくれてありがとうございます。」,-11.06342887878418,0.0024015253875404596
121,寒い,acknowledge,colleague,少しも,大輔が薄いから寒いだろうと決めつけていた作業用の上着を、同僚が絶対暖かいと勧めます。大輔は半信半疑で着てみました。しかし、同僚の言った通りに暖かいです。教えてもらったことについて感謝します。「倉庫、少しも寒くないですね。教えてくれてありがとうございます。」,-12.394358396530151,0.0006345586734823883
121,寒い,acknowledge,colleague,全然,大輔が薄いから寒いだろうと決めつけていた作業用の上着を、同僚が絶対暖かいと勧めます。大輔は半信半疑で着てみました。しかし、同僚の言った通りに暖かいです。教えてもらったことについて感謝します。「倉庫、全然寒くないですね。教えてくれてありがとうございます。」,-7.455987930297852,0.08854803442955017
121,寒い,acknowledge,colleague,相当,大輔が薄いから寒いだろうと決めつけていた作業用の上着を、同僚が絶対暖かいと勧めます。大輔は半信半疑で着てみました。しかし、同僚の言った通りに暖かいです。教えてもらったことについて感謝します。「倉庫、相当寒くないですね。教えてくれてありがとうございます。」,-11.82231330871582,0.0011243665358051658
121,寒い,acknowledge,colleague,超,大輔が薄いから寒いだろうと決めつけていた作業用の上着を、同僚が絶対暖かいと勧めます。大輔は半信半疑で着てみました。しかし、同僚の言った通りに暖かいです。教えてもらったことについて感謝します。「倉庫、超寒くないですね。教えてくれてありがとうございます。」,-11.064836502075195,0.0023981474805623293
121,寒い,acknowledge,colleague,非常に,大輔が薄いから寒いだろうと決めつけていた作業用の上着を、同僚が絶対暖かいと勧めます。大輔は半信半疑で着てみました。しかし、同僚の言った通りに暖かいです。教えてもらったことについて感謝します。「倉庫、非常に寒くないですね。教えてくれてありがとうございます。」,-11.286577224731445,0.0019212112529203296
121,寒い,acknowledge,colleague,微妙に,大輔が薄いから寒いだろうと決めつけていた作業用の上着を、同僚が絶対暖かいと勧めます。大輔は半信半疑で着てみました。しかし、同僚の言った通りに暖かいです。教えてもらったことについて感謝します。「倉庫、微妙に寒くないですね。教えてくれてありがとうございます。」,-12.955378204584122,0.0003620961506385356
121,寒い,acknowledge,colleague,普通に,大輔が薄いから寒いだろうと決めつけていた作業用の上着を、同僚が絶対暖かいと勧めます。大輔は半信半疑で着てみました。しかし、同僚の言った通りに暖かいです。教えてもらったことについて感謝します。「倉庫、普通に寒くないですね。教えてくれてありがとうございます。」,-12.746603012084961,0.00044616340892389417
121,寒い,acknowledge,colleague,本当に,大輔が薄いから寒いだろうと決めつけていた作業用の上着を、同僚が絶対暖かいと勧めます。大輔は半信半疑で着てみました。しかし、同僚の言った通りに暖かいです。教えてもらったことについて感謝します。「倉庫、本当に寒くないですね。教えてくれてありがとうございます。」,-7.502573013305664,0.08451762050390244
121,寒い,acknowledge,colleague,全く,大輔が薄いから寒いだろうと決めつけていた作業用の上着を、同僚が絶対暖かいと勧めます。大輔は半信半疑で着てみました。しかし、同僚の言った通りに暖かいです。教えてもらったことについて感謝します。「倉庫、全く寒くないですね。教えてくれてありがとうございます。」,-9.870752334594727,0.007915166206657887
122,寒い,neutral-positive,colleague,あまり,倉庫から戻った大輔は、これから入る同僚に、中がどれくらい寒いか聞かれ、答えます。「中、あまり寒くないです。」,-4.222254753112793,0.39255017042160034
122,寒い,neutral-positive,colleague,いまいち,倉庫から戻った大輔は、これから入る同僚に、中がどれくらい寒いか聞かれ、答えます。「中、いまいち寒くないです。」,-11.955094575881958,0.00017201471200678498
122,寒い,neutral-positive,colleague,かなり,倉庫から戻った大輔は、これから入る同僚に、中がどれくらい寒いか聞かれ、答えます。「中、かなり寒くないです。」,-9.204115629196167,0.002693396992981434
122,寒い,neutral-positive,colleague,すごく,倉庫から戻った大輔は、これから入る同僚に、中がどれくらい寒いか聞かれ、答えます。「中、すごく寒くないです。」,-8.16543459892273,0.007610160857439041
122,寒い,neutral-positive,colleague,そこまで,倉庫から戻った大輔は、これから入る同僚に、中がどれくらい寒いか聞かれ、答えます。「中、そこまで寒くないです。」,-7.898321866989136,0.009940298274159431
122,寒い,neutral-positive,colleague,それほど,倉庫から戻った大輔は、これから入る同僚に、中がどれくらい寒いか聞かれ、答えます。「中、それほど寒くないです。」,-6.4345808029174805,0.04296296089887619
122,寒い,neutral-positive,colleague,そんなに,倉庫から戻った大輔は、これから入る同僚に、中がどれくらい寒いか聞かれ、答えます。「中、そんなに寒くないです。」,-4.325491905212402,0.354046106338501
122,寒い,neutral-positive,colleague,たいして,倉庫から戻った大輔は、これから入る同僚に、中がどれくらい寒いか聞かれ、答えます。「中、たいして寒くないです。」,-11.001880168914795,0.0004462118085939437
122,寒い,neutral-positive,colleague,だいぶ,倉庫から戻った大輔は、これから入る同僚に、中がどれくらい寒いか聞かれ、答えます。「中、だいぶ寒くないです。」,-9.282690490595996,0.002489866456016898
122,寒い,neutral-positive,colleague,ちっとも,倉庫から戻った大輔は、これから入る同僚に、中がどれくらい寒いか聞かれ、答えます。「中、ちっとも寒くないです。」,-15.25909823179245,6.3190968830895144e-06
122,寒い,neutral-positive,colleague,ちょっと,倉庫から戻った大輔は、これから入る同僚に、中がどれくらい寒いか聞かれ、答えます。「中、ちょっと寒くないです。」,-7.730635404586792,0.01175505667924881
122,寒い,neutral-positive,colleague,とても,倉庫から戻った大輔は、これから入る同僚に、中がどれくらい寒いか聞かれ、答えます。「中、とても寒くないです。」,-5.890521049499512,0.07402464747428894
122,寒い,neutral-positive,colleague,なかなか,倉庫から戻った大輔は、これから入る同僚に、中がどれくらい寒いか聞かれ、答えます。「中、なかなか寒くないです。」,-8.521631956100464,0.005329656880348921
122,寒い,neutral-positive,colleague,（なし）,倉庫から戻った大輔は、これから入る同僚に、中がどれくらい寒いか聞かれ、答えます。「中、（なし）寒くないです。」,-29.5724515914917,3.8410021691026586e-12
122,寒い,neutral-positive,colleague,ひどく,倉庫から戻った大輔は、これから入る同僚に、中がどれくらい寒いか聞かれ、答えます。「中、ひどく寒くないです。」,-13.583517700433731,3.375593951204792e-05
122,寒い,neutral-positive,colleague,まあまあ,倉庫から戻った大輔は、これから入る同僚に、中がどれくらい寒いか聞かれ、答えます。「中、まあまあ寒くないです。」,-11.896250247955322,0.00018244059174321592
122,寒い,neutral-positive,colleague,マジで,倉庫から戻った大輔は、これから入る同僚に、中がどれくらい寒いか聞かれ、答えます。「中、マジで寒くないです。」,-13.34683808684349,4.276997788110748e-05
122,寒い,neutral-positive,colleague,めっちゃ,倉庫から戻った大輔は、これから入る同僚に、中がどれくらい寒いか聞かれ、答えます。「中、めっちゃ寒くないです。」,-11.35600358247757,0.0003131463599856943
122,寒い,neutral-positive,colleague,やや,倉庫から戻った大輔は、これから入る同僚に、中がどれくらい寒いか聞かれ、答えます。「中、やや寒くないです。」,-14.025434255599976,2.1698429918615147e-05
122,寒い,neutral-positive,colleague,結構,倉庫から戻った大輔は、これから入る同僚に、中がどれくらい寒いか聞かれ、答えます。「中、結構寒くないです。」,-11.401655912399292,0.00029917186475358903
122,寒い,neutral-positive,colleague,若干,倉庫から戻った大輔は、これから入る同僚に、中がどれくらい寒いか聞かれ、答えます。「中、若干寒くないです。」,-12.35421633720398,0.00011540617560967803
122,寒い,neutral-positive,colleague,少し,倉庫から戻った大輔は、これから入る同僚に、中がどれくらい寒いか聞かれ、答えます。「中、少し寒くないです。」,-8.70382571220398,0.0044419486075639725
122,寒い,neutral-positive,colleague,少しも,倉庫から戻った大輔は、これから入る同僚に、中がどれくらい寒いか聞かれ、答えます。「中、少しも寒くないです。」,-9.832674741744995,0.0014365495881065726
122,寒い,neutral-positive,colleague,全然,倉庫から戻った大輔は、これから入る同僚に、中がどれくらい寒いか聞かれ、答えます。「中、全然寒くないです。」,-6.338152885437012,0.04731210693717003
122,寒い,neutral-positive,colleague,相当,倉庫から戻った大輔は、これから入る同僚に、中がどれくらい寒いか聞かれ、答えます。「中、相当寒くないです。」,-10.811156034469604,0.0005399724468588829
122,寒い,neutral-positive,colleague,超,倉庫から戻った大輔は、これから入る同僚に、中がどれくらい寒いか聞かれ、答えます。「中、超寒くないです。」,-11.394266843795776,0.00030139065347611904
122,寒い,neutral-positive,colleague,非常に,倉庫から戻った大輔は、これから入る同僚に、中がどれくらい寒いか聞かれ、答えます。「中、非常に寒くないです。」,-9.202631711959839,0.0026973967906087637
122,寒い,neutral-positive,colleague,微妙に,倉庫から戻った大輔は、これから入る同僚に、中がどれくらい寒いか聞かれ、答えます。「中、微妙に寒くないです。」,-11.556442059576511,0.00025627014110796154
122,寒い,neutral-positive,colleague,普通に,倉庫から戻った大輔は、これから入る同僚に、中がどれくらい寒いか聞かれ、答えます。「中、普通に寒くないです。」,-11.73511004447937,0.00021434012160170823
122,寒い,neutral-positive,colleague,本当に,倉庫から戻った大輔は、これから入る同僚に、中がどれくらい寒いか聞かれ、答えます。「中、本当に寒くないです。」,-6.952044248580933,0.02560722827911377
122,寒い,neutral-positive,colleague,全く,倉庫から戻った大輔は、これから入る同僚に、中がどれくらい寒いか聞かれ、答えます。「中、全く寒くないです。」,-7.69696307182312,0.012157616205513477
123,寒い,neutral-negative,colleague,あまり,倉庫から戻った大輔は、これから入る同僚に、中がどれくらい寒いか聞かれ、答えます。「中、あまり寒いです。」,-7.597009897232056,0.00672798091545701
123,寒い,neutral-negative,colleague,いまいち,倉庫から戻った大輔は、これから入る同僚に、中がどれくらい寒いか聞かれ、答えます。「中、いまいち寒いです。」,-13.772579908370972,1.3991638297738973e-05
123,寒い,neutral-negative,colleague,かなり,倉庫から戻った大輔は、これから入る同僚に、中がどれくらい寒いか聞かれ、答えます。「中、かなり寒いです。」,-4.581697702407837,0.13722024857997894
123,寒い,neutral-negative,colleague,すごく,倉庫から戻った大輔は、これから入る同僚に、中がどれくらい寒いか聞かれ、答えます。「中、すごく寒いです。」,-4.983396768569946,0.09182533621788025
123,寒い,neutral-negative,colleague,そこまで,倉庫から戻った大輔は、これから入る同僚に、中がどれくらい寒いか聞かれ、答えます。「中、そこまで寒いです。」,-10.816346883773804,0.00026899503427557647
123,寒い,neutral-negative,colleague,それほど,倉庫から戻った大輔は、これから入る同僚に、中がどれくらい寒いか聞かれ、答えます。「中、それほど寒いです。」,-9.286184549331665,0.0012424689484760165
123,寒い,neutral-negative,colleague,そんなに,倉庫から戻った大輔は、これから入る同僚に、中がどれくらい寒いか聞かれ、答えます。「中、そんなに寒いです。」,-8.495523691177368,0.00273946113884449
123,寒い,neutral-negative,colleague,たいして,倉庫から戻った大輔は、これから入る同僚に、中がどれくらい寒いか聞かれ、答えます。「中、たいして寒いです。」,-11.03787386417389,0.00021554416161961854
123,寒い,neutral-negative,colleague,だいぶ,倉庫から戻った大輔は、これから入る同僚に、中がどれくらい寒いか聞かれ、答えます。「中、だいぶ寒いです。」,-8.411976160365157,0.0029781695920974016
123,寒い,neutral-negative,colleague,ちっとも,倉庫から戻った大輔は、これから入る同僚に、中がどれくらい寒いか聞かれ、答えます。「中、ちっとも寒いです。」,-15.679173231124878,2.0789575501112267e-06
123,寒い,neutral-negative,colleague,ちょっと,倉庫から戻った大輔は、これから入る同僚に、中がどれくらい寒いか聞かれ、答えます。「中、ちょっと寒いです。」,-4.964182138442993,0.09360678493976593
123,寒い,neutral-negative,colleague,とても,倉庫から戻った大輔は、これから入る同僚に、中がどれくらい寒いか聞かれ、答えます。「中、とても寒いです。」,-3.6688863039016724,0.3418590724468231
123,寒い,neutral-negative,colleague,なかなか,倉庫から戻った大輔は、これから入る同僚に、中がどれくらい寒いか聞かれ、答えます。「中、なかなか寒いです。」,-8.2501699924469,0.0035012324806302786
123,寒い,neutral-negative,colleague,（なし）,倉庫から戻った大輔は、これから入る同僚に、中がどれくらい寒いか聞かれ、答えます。「中、（なし）寒いです。」,-28.991870880126953,3.4372773724533623e-12
123,寒い,neutral-negative,colleague,ひどく,倉庫から戻った大輔は、これから入る同僚に、中がどれくらい寒いか聞かれ、答えます。「中、ひどく寒いです。」,-12.108515620231628,7.38860690034926e-05
123,寒い,neutral-negative,colleague,まあまあ,倉庫から戻った大輔は、これから入る同僚に、中がどれくらい寒いか聞かれ、答えます。「中、まあまあ寒いです。」,-9.14648151397705,0.0014287547674030066
123,寒い,neutral-negative,colleague,マジで,倉庫から戻った大輔は、これから入る同僚に、中がどれくらい寒いか聞かれ、答えます。「中、マジで寒いです。」,-11.74962466955185,0.0001057857516570948
123,寒い,neutral-negative,colleague,めっちゃ,倉庫から戻った大輔は、これから入る同僚に、中がどれくらい寒いか聞かれ、答えます。「中、めっちゃ寒いです。」,-9.83646110445261,0.0007166438736021519
123,寒い,neutral-negative,colleague,やや,倉庫から戻った大輔は、これから入る同僚に、中がどれくらい寒いか聞かれ、答えます。「中、やや寒いです。」,-10.651694416999817,0.0003171407734043896
123,寒い,neutral-negative,colleague,結構,倉庫から戻った大輔は、これから入る同僚に、中がどれくらい寒いか聞かれ、答えます。「中、結構寒いです。」,-6.482027292251587,0.020517079159617424
123,寒い,neutral-negative,colleague,若干,倉庫から戻った大輔は、これから入る同僚に、中がどれくらい寒いか聞かれ、答えます。「中、若干寒いです。」,-9.212583780288696,0.0013373648980632424
123,寒い,neutral-negative,colleague,少し,倉庫から戻った大輔は、これから入る同僚に、中がどれくらい寒いか聞かれ、答えます。「中、少し寒いです。」,-5.5096800327301025,0.05425010621547699
123,寒い,neutral-negative,colleague,少しも,倉庫から戻った大輔は、これから入る同僚に、中がどれくらい寒いか聞かれ、答えます。「中、少しも寒いです。」,-10.044326543807983,0.0005821413360536098
123,寒い,neutral-negative,colleague,全然,倉庫から戻った大輔は、これから入る同僚に、中がどれくらい寒いか聞かれ、答えます。「中、全然寒いです。」,-8.037378549575806,0.0043314676731824875
123,寒い,neutral-negative,colleague,相当,倉庫から戻った大輔は、これから入る同僚に、中がどれくらい寒いか聞かれ、答えます。「中、相当寒いです。」,-7.426149606704712,0.007981572300195694
123,寒い,neutral-negative,colleague,超,倉庫から戻った大輔は、これから入る同僚に、中がどれくらい寒いか聞かれ、答えます。「中、超寒いです。」,-8.184492349624634,0.0037389046046882868
123,寒い,neutral-negative,colleague,非常に,倉庫から戻った大輔は、これから入る同僚に、中がどれくらい寒いか聞かれ、答えます。「中、非常に寒いです。」,-5.587793588638306,0.050173722207546234
123,寒い,neutral-negative,colleague,微妙に,倉庫から戻った大輔は、これから入る同僚に、中がどれくらい寒いか聞かれ、答えます。「中、微妙に寒いです。」,-8.829237073659897,0.001962163718417287
123,寒い,neutral-negative,colleague,普通に,倉庫から戻った大輔は、これから入る同僚に、中がどれくらい寒いか聞かれ、答えます。「中、普通に寒いです。」,-8.61702561378479,0.002426037797704339
123,寒い,neutral-negative,colleague,本当に,倉庫から戻った大輔は、これから入る同僚に、中がどれくらい寒いか聞かれ、答えます。「中、本当に寒いです。」,-4.385545969009399,0.16695745289325714
123,寒い,neutral-negative,colleague,全く,倉庫から戻った大輔は、これから入る同僚に、中がどれくらい寒いか聞かれ、答えます。「中、全く寒いです。」,-9.610281229019165,0.000898529018741101
124,寒い,annoyed,colleague,あまり,空調の設定を管理している同僚が温度を下げすぎたため、オフィスが冷え込んでいます。上着を借りることもできず、苛立った大輔は言います。「オフィス、あまり寒いんですけど、上げてもらえますか？」,-9.015879154205322,0.016535023227334023
124,寒い,annoyed,colleague,いまいち,空調の設定を管理している同僚が温度を下げすぎたため、オフィスが冷え込んでいます。上着を借りることもできず、苛立った大輔は言います。「オフィス、いまいち寒いんですけど、上げてもらえますか？」,-14.384513854980469,7.706123142270371e-05
124,寒い,annoyed,colleague,かなり,空調の設定を管理している同僚が温度を下げすぎたため、オフィスが冷え込んでいます。上着を借りることもできず、苛立った大輔は言います。「オフィス、かなり寒いんですけど、上げてもらえますか？」,-7.914114475250244,0.04976166412234306
124,寒い,annoyed,colleague,すごく,空調の設定を管理している同僚が温度を下げすぎたため、オフィスが冷え込んでいます。上着を借りることもできず、苛立った大輔は言います。「オフィス、すごく寒いんですけど、上げてもらえますか？」,-7.54861307144165,0.07171832770109177
124,寒い,annoyed,colleague,そこまで,空調の設定を管理している同僚が温度を下げすぎたため、オフィスが冷え込んでいます。上着を借りることもできず、苛立った大輔は言います。「オフィス、そこまで寒いんですけど、上げてもらえますか？」,-13.144434928894043,0.0002663149789441377
124,寒い,annoyed,colleague,それほど,空調の設定を管理している同僚が温度を下げすぎたため、オフィスが冷え込んでいます。上着を借りることもできず、苛立った大輔は言います。「オフィス、それほど寒いんですけど、上げてもらえますか？」,-12.727110862731934,0.00040423800237476826
124,寒い,annoyed,colleague,そんなに,空調の設定を管理している同僚が温度を下げすぎたため、オフィスが冷え込んでいます。上着を借りることもできず、苛立った大輔は言います。「オフィス、そんなに寒いんですけど、上げてもらえますか？」,-10.866568088531494,0.0025981294456869364
124,寒い,annoyed,colleague,たいして,空調の設定を管理している同僚が温度を下げすぎたため、オフィスが冷え込んでいます。上着を借りることもできず、苛立った大輔は言います。「オフィス、たいして寒いんですけど、上げてもらえますか？」,-15.814381837844849,1.8443895896780305e-05
124,寒い,annoyed,colleague,だいぶ,空調の設定を管理している同僚が温度を下げすぎたため、オフィスが冷え込んでいます。上着を借りることもできず、苛立った大輔は言います。「オフィス、だいぶ寒いんですけど、上げてもらえますか？」,-13.084660329855978,0.0002827191783580929
124,寒い,annoyed,colleague,ちっとも,空調の設定を管理している同僚が温度を下げすぎたため、オフィスが冷え込んでいます。上着を借りることもできず、苛立った大輔は言います。「オフィス、ちっとも寒いんですけど、上げてもらえますか？」,-22.876282453536987,1.580913178145238e-08
124,寒い,annoyed,colleague,ちょっと,空調の設定を管理している同僚が温度を下げすぎたため、オフィスが冷え込んでいます。上着を借りることもできず、苛立った大輔は言います。「オフィス、ちょっと寒いんですけど、上げてもらえますか？」,-5.570505738258362,0.5184552669525146
124,寒い,annoyed,colleague,とても,空調の設定を管理している同僚が温度を下げすぎたため、オフィスが冷え込んでいます。上着を借りることもできず、苛立った大輔は言います。「オフィス、とても寒いんですけど、上げてもらえますか？」,-7.4573655128479,0.07857030630111694
124,寒い,annoyed,colleague,なかなか,空調の設定を管理している同僚が温度を下げすぎたため、オフィスが冷え込んでいます。上着を借りることもできず、苛立った大輔は言います。「オフィス、なかなか寒いんですけど、上げてもらえますか？」,-9.371923923492432,0.011581811122596264
124,寒い,annoyed,colleague,（なし）,空調の設定を管理している同僚が温度を下げすぎたため、オフィスが冷え込んでいます。上着を借りることもできず、苛立った大輔は言います。「オフィス、（なし）寒いんですけど、上げてもらえますか？」,-30.772957801818848,5.880653602963193e-12
124,寒い,annoyed,colleague,ひどく,空調の設定を管理している同僚が温度を下げすぎたため、オフィスが冷え込んでいます。上着を借りることもできず、苛立った大輔は言います。「オフィス、ひどく寒いんですけど、上げてもらえますか？」,-15.144492089748383,3.60397643817123e-05
124,寒い,annoyed,colleague,まあまあ,空調の設定を管理している同僚が温度を下げすぎたため、オフィスが冷え込んでいます。上着を借りることもできず、苛立った大輔は言います。「オフィス、まあまあ寒いんですけど、上げてもらえますか？」,-13.089049577713013,0.00028148110141046345
124,寒い,annoyed,colleague,マジで,空調の設定を管理している同僚が温度を下げすぎたため、オフィスが冷え込んでいます。上着を借りることもできず、苛立った大輔は言います。「オフィス、マジで寒いんですけど、上げてもらえますか？」,-15.291457533836365,3.1114002922549844e-05
124,寒い,annoyed,colleague,めっちゃ,空調の設定を管理している同僚が温度を下げすぎたため、オフィスが冷え込んでいます。上着を借りることもできず、苛立った大輔は言います。「オフィス、めっちゃ寒いんですけど、上げてもらえますか？」,-12.326517254114151,0.0006034104153513908
124,寒い,annoyed,colleague,やや,空調の設定を管理している同僚が温度を下げすぎたため、オフィスが冷え込んでいます。上着を借りることもできず、苛立った大輔は言います。「オフィス、やや寒いんですけど、上げてもらえますか？」,-12.343218564987183,0.0005934161017648876
124,寒い,annoyed,colleague,結構,空調の設定を管理している同僚が温度を下げすぎたため、オフィスが冷え込んでいます。上着を借りることもできず、苛立った大輔は言います。「オフィス、結構寒いんですけど、上げてもらえますか？」,-8.044592380523682,0.043674636632204056
124,寒い,annoyed,colleague,若干,空調の設定を管理している同僚が温度を下げすぎたため、オフィスが冷え込んでいます。上着を借りることもできず、苛立った大輔は言います。「オフィス、若干寒いんですけど、上げてもらえますか？」,-11.604738712310791,0.0012418734841048717
124,寒い,annoyed,colleague,少し,空調の設定を管理している同僚が温度を下げすぎたため、オフィスが冷え込んでいます。上着を借りることもできず、苛立った大輔は言います。「オフィス、少し寒いんですけど、上げてもらえますか？」,-7.519590854644775,0.073830246925354
124,寒い,annoyed,colleague,少しも,空調の設定を管理している同僚が温度を下げすぎたため、オフィスが冷え込んでいます。上着を借りることもできず、苛立った大輔は言います。「オフィス、少しも寒いんですけど、上げてもらえますか？」,-12.680541038513184,0.00042350852163508534
124,寒い,annoyed,colleague,全然,空調の設定を管理している同僚が温度を下げすぎたため、オフィスが冷え込んでいます。上着を借りることもできず、苛立った大輔は言います。「オフィス、全然寒いんですけど、上げてもらえますか？」,-11.076395511627197,0.0021063664462417364
124,寒い,annoyed,colleague,相当,空調の設定を管理している同僚が温度を下げすぎたため、オフィスが冷え込んでいます。上着を借りることもできず、苛立った大輔は言います。「オフィス、相当寒いんですけど、上げてもらえますか？」,-10.548166751861572,0.003572240937501192
124,寒い,annoyed,colleague,超,空調の設定を管理している同僚が温度を下げすぎたため、オフィスが冷え込んでいます。上着を借りることもできず、苛立った大輔は言います。「オフィス、超寒いんですけど、上げてもらえますか？」,-9.11586618423462,0.01496170088648796
124,寒い,annoyed,colleague,非常に,空調の設定を管理している同僚が温度を下げすぎたため、オフィスが冷え込んでいます。上着を借りることもできず、苛立った大輔は言います。「オフィス、非常に寒いんですけど、上げてもらえますか？」,-9.477152347564697,0.010425007902085781
124,寒い,annoyed,colleague,微妙に,空調の設定を管理している同僚が温度を下げすぎたため、オフィスが冷え込んでいます。上着を借りることもできず、苛立った大輔は言います。「オフィス、微妙に寒いんですけど、上げてもらえますか？」,-12.034789443016052,0.0008078089449554682
124,寒い,annoyed,colleague,普通に,空調の設定を管理している同僚が温度を下げすぎたため、オフィスが冷え込んでいます。上着を借りることもできず、苛立った大輔は言います。「オフィス、普通に寒いんですけど、上げてもらえますか？」,-12.00369119644165,0.0008333251462318003
124,寒い,annoyed,colleague,本当に,空調の設定を管理している同僚が温度を下げすぎたため、オフィスが冷え込んでいます。上着を借りることもできず、苛立った大輔は言います。「オフィス、本当に寒いんですけど、上げてもらえますか？」,-7.2556328773498535,0.09613241255283356
124,寒い,annoyed,colleague,全く,空調の設定を管理している同僚が温度を下げすぎたため、オフィスが冷え込んでいます。上着を借りることもできず、苛立った大輔は言います。「オフィス、全く寒いんですけど、上げてもらえますか？」,-13.557967185974121,0.00017611680959817022
125,寒い,encouraging,colleague,あまり,同僚が押さえてくれた会場が、思ったより冷える部屋でした。それを申し訳ないと言ってきた同僚を、大輔が励まします。「ここ、あまり寒くないですよ。人が入ればすぐ気にならなくなります。」,-4.720361709594727,0.6739415526390076
125,寒い,encouraging,colleague,いまいち,同僚が押さえてくれた会場が、思ったより冷える部屋でした。それを申し訳ないと言ってきた同僚を、大輔が励まします。「ここ、いまいち寒くないですよ。人が入ればすぐ気にならなくなります。」,-13.417184352874756,0.00011262633779551834
125,寒い,encouraging,colleague,かなり,同僚が押さえてくれた会場が、思ったより冷える部屋でした。それを申し訳ないと言ってきた同僚を、大輔が励まします。「ここ、かなり寒くないですよ。人が入ればすぐ気にならなくなります。」,-10.703073263168335,0.0016996655613183975
125,寒い,encouraging,colleague,すごく,同僚が押さえてくれた会場が、思ったより冷える部屋でした。それを申し訳ないと言ってきた同僚を、大輔が励まします。「ここ、すごく寒くないですよ。人が入ればすぐ気にならなくなります。」,-9.2981698513031,0.00692636426538229
125,寒い,encouraging,colleague,そこまで,同僚が押さえてくれた会場が、思ったより冷える部屋でした。それを申し訳ないと言ってきた同僚を、大輔が励まします。「ここ、そこまで寒くないですよ。人が入ればすぐ気にならなくなります。」,-9.488206624984741,0.0057276091538369656
125,寒い,encouraging,colleague,それほど,同僚が押さえてくれた会場が、思ったより冷える部屋でした。それを申し訳ないと言ってきた同僚を、大輔が励まします。「ここ、それほど寒くないですよ。人が入ればすぐ気にならなくなります。」,-8.376760244369507,0.017404774203896523
125,寒い,encouraging,colleague,そんなに,同僚が押さえてくれた会場が、思ったより冷える部屋でした。それを申し訳ないと言ってきた同僚を、大輔が励まします。「ここ、そんなに寒くないですよ。人が入ればすぐ気にならなくなります。」,-5.954069137573242,0.19625914096832275
125,寒い,encouraging,colleague,たいして,同僚が押さえてくれた会場が、思ったより冷える部屋でした。それを申し訳ないと言ってきた同僚を、大輔が励まします。「ここ、たいして寒くないですよ。人が入ればすぐ気にならなくなります。」,-12.887083530426025,0.00019136398623231798
125,寒い,encouraging,colleague,だいぶ,同僚が押さえてくれた会場が、思ったより冷える部屋でした。それを申し訳ないと言ってきた同僚を、大輔が励まします。「ここ、だいぶ寒くないですよ。人が入ればすぐ気にならなくなります。」,-12.03598517831415,0.0004482160438783467
125,寒い,encouraging,colleague,ちっとも,同僚が押さえてくれた会場が、思ったより冷える部屋でした。それを申し訳ないと言ってきた同僚を、大輔が励まします。「ここ、ちっとも寒くないですよ。人が入ればすぐ気にならなくなります。」,-18.674253806471825,5.868458856639336e-07
125,寒い,encouraging,colleague,ちょっと,同僚が押さえてくれた会場が、思ったより冷える部屋でした。それを申し訳ないと言ってきた同僚を、大輔が励まします。「ここ、ちょっと寒くないですよ。人が入ればすぐ気にならなくなります。」,-8.521348714828491,0.015061716549098492
125,寒い,encouraging,colleague,とても,同僚が押さえてくれた会場が、思ったより冷える部屋でした。それを申し訳ないと言ってきた同僚を、大輔が励まします。「ここ、とても寒くないですよ。人が入ればすぐ気にならなくなります。」,-8.047044515609741,0.024202605709433556
125,寒い,encouraging,colleague,なかなか,同僚が押さえてくれた会場が、思ったより冷える部屋でした。それを申し訳ないと言ってきた同僚を、大輔が励まします。「ここ、なかなか寒くないですよ。人が入ればすぐ気にならなくなります。」,-8.543729543685913,0.014728366397321224
125,寒い,encouraging,colleague,（なし）,同僚が押さえてくれた会場が、思ったより冷える部屋でした。それを申し訳ないと言ってきた同僚を、大輔が励まします。「ここ、（なし）寒くないですよ。人が入ればすぐ気にならなくなります。」,-32.43257808685303,6.213827195844512e-13
125,寒い,encouraging,colleague,ひどく,同僚が押さえてくれた会場が、思ったより冷える部屋でした。それを申し訳ないと言ってきた同僚を、大輔が励まします。「ここ、ひどく寒くないですよ。人が入ればすぐ気にならなくなります。」,-15.582696229219437,1.2917260391986929e-05
125,寒い,encouraging,colleague,まあまあ,同僚が押さえてくれた会場が、思ったより冷える部屋でした。それを申し訳ないと言ってきた同僚を、大輔が励まします。「ここ、まあまあ寒くないですよ。人が入ればすぐ気にならなくなります。」,-13.52570128440857,0.00010104427929036319
125,寒い,encouraging,colleague,マジで,同僚が押さえてくれた会場が、思ったより冷える部屋でした。それを申し訳ないと言ってきた同僚を、大輔が励まします。「ここ、マジで寒くないですよ。人が入ればすぐ気にならなくなります。」,-14.940615236759186,2.4548351575504057e-05
125,寒い,encouraging,colleague,めっちゃ,同僚が押さえてくれた会場が、思ったより冷える部屋でした。それを申し訳ないと言ってきた同僚を、大輔が励まします。「ここ、めっちゃ寒くないですよ。人が入ればすぐ気にならなくなります。」,-11.714901439845562,0.0006179202464409173
125,寒い,encouraging,colleague,やや,同僚が押さえてくれた会場が、思ったより冷える部屋でした。それを申し訳ないと言ってきた同僚を、大輔が励まします。「ここ、やや寒くないですよ。人が入ればすぐ気にならなくなります。」,-15.133845090866089,2.0235025658621453e-05
125,寒い,encouraging,colleague,結構,同僚が押さえてくれた会場が、思ったより冷える部屋でした。それを申し訳ないと言ってきた同僚を、大輔が励まします。「ここ、結構寒くないですよ。人が入ればすぐ気にならなくなります。」,-11.066537618637085,0.0011817155173048377
125,寒い,encouraging,colleague,若干,同僚が押さえてくれた会場が、思ったより冷える部屋でした。それを申し訳ないと言ってきた同僚を、大輔が励まします。「ここ、若干寒くないですよ。人が入ればすぐ気にならなくなります。」,-15.278260946273804,1.751397576299496e-05
125,寒い,encouraging,colleague,少し,同僚が押さえてくれた会場が、思ったより冷える部屋でした。それを申し訳ないと言ってきた同僚を、大輔が励まします。「ここ、少し寒くないですよ。人が入ればすぐ気にならなくなります。」,-10.894704580307007,0.001403263071551919
125,寒い,encouraging,colleague,少しも,同僚が押さえてくれた会場が、思ったより冷える部屋でした。それを申し訳ないと言ってきた同僚を、大輔が励まします。「ここ、少しも寒くないですよ。人が入ればすぐ気にならなくなります。」,-12.990841269493103,0.00017250383098144084
125,寒い,encouraging,colleague,全然,同僚が押さえてくれた会場が、思ったより冷える部屋でした。それを申し訳ないと言ってきた同僚を、大輔が励まします。「ここ、全然寒くないですよ。人が入ればすぐ気にならなくなります。」,-8.119786977767944,0.02250455878674984
125,寒い,encouraging,colleague,相当,同僚が押さえてくれた会場が、思ったより冷える部屋でした。それを申し訳ないと言ってきた同僚を、大輔が励まします。「ここ、相当寒くないですよ。人が入ればすぐ気にならなくなります。」,-11.27408766746521,0.0009602296631783247
125,寒い,encouraging,colleague,超,同僚が押さえてくれた会場が、思ったより冷える部屋でした。それを申し訳ないと言ってきた同僚を、大輔が励まします。「ここ、超寒くないですよ。人が入ればすぐ気にならなくなります。」,-12.4383065700531,0.00029975143843330443
125,寒い,encouraging,colleague,非常に,同僚が押さえてくれた会場が、思ったより冷える部屋でした。それを申し訳ないと言ってきた同僚を、大輔が励まします。「ここ、非常に寒くないですよ。人が入ればすぐ気にならなくなります。」,-11.689321279525757,0.0006339302053675056
125,寒い,encouraging,colleague,微妙に,同僚が押さえてくれた会場が、思ったより冷える部屋でした。それを申し訳ないと言ってきた同僚を、大輔が励まします。「ここ、微妙に寒くないですよ。人が入ればすぐ気にならなくなります。」,-13.896870031952858,6.971327093197033e-05
125,寒い,encouraging,colleague,普通に,同僚が押さえてくれた会場が、思ったより冷える部屋でした。それを申し訳ないと言ってきた同僚を、大輔が励まします。「ここ、普通に寒くないですよ。人が入ればすぐ気にならなくなります。」,-13.455232381820679,0.00010842164192581549
125,寒い,encouraging,colleague,本当に,同僚が押さえてくれた会場が、思ったより冷える部屋でした。それを申し訳ないと言ってきた同僚を、大輔が励まします。「ここ、本当に寒くないですよ。人が入ればすぐ気にならなくなります。」,-8.6017587184906,0.013898016884922981
125,寒い,encouraging,colleague,全く,同僚が押さえてくれた会場が、思ったより冷える部屋でした。それを申し訳ないと言ってきた同僚を、大輔が励まします。「ここ、全く寒くないですよ。人が入ればすぐ気にならなくなります。」,-10.99524474143982,0.0012690392322838306
126,寒い,warning,boss,あまり,上司が来客との打ち合わせに、空調の効きすぎた会議室を指定しています。大輔は力になりたいと思い、遠慮がちに指摘します。「あの部屋、あまり寒いように思いますので、別室にされてはいかがでしょうか？」,-6.7996251583099365,0.017894722521305084
126,寒い,warning,boss,いまいち,上司が来客との打ち合わせに、空調の効きすぎた会議室を指定しています。大輔は力になりたいと思い、遠慮がちに指摘します。「あの部屋、いまいち寒いように思いますので、別室にされてはいかがでしょうか？」,-13.815703630447388,1.605761281098239e-05
126,寒い,warning,boss,かなり,上司が来客との打ち合わせに、空調の効きすぎた会議室を指定しています。大輔は力になりたいと思い、遠慮がちに指摘します。「あの部屋、かなり寒いように思いますので、別室にされてはいかがでしょうか？」,-5.973926305770874,0.04086216911673546
126,寒い,warning,boss,すごく,上司が来客との打ち合わせに、空調の効きすぎた会議室を指定しています。大輔は力になりたいと思い、遠慮がちに指摘します。「あの部屋、すごく寒いように思いますので、別室にされてはいかがでしょうか？」,-5.94499945640564,0.042061444371938705
126,寒い,warning,boss,そこまで,上司が来客との打ち合わせに、空調の効きすぎた会議室を指定しています。大輔は力になりたいと思い、遠慮がちに指摘します。「あの部屋、そこまで寒いように思いますので、別室にされてはいかがでしょうか？」,-12.739235162734985,4.7117835492827e-05
126,寒い,warning,boss,それほど,上司が来客との打ち合わせに、空調の効きすぎた会議室を指定しています。大輔は力になりたいと思い、遠慮がちに指摘します。「あの部屋、それほど寒いように思いますので、別室にされてはいかがでしょうか？」,-11.067466974258423,0.0002507408207748085
126,寒い,warning,boss,そんなに,上司が来客との打ち合わせに、空調の効きすぎた会議室を指定しています。大輔は力になりたいと思い、遠慮がちに指摘します。「あの部屋、そんなに寒いように思いますので、別室にされてはいかがでしょうか？」,-10.303294897079468,0.0005383943789638579
126,寒い,warning,boss,たいして,上司が来客との打ち合わせに、空調の効きすぎた会議室を指定しています。大輔は力になりたいと思い、遠慮がちに指摘します。「あの部屋、たいして寒いように思いますので、別室にされてはいかがでしょうか？」,-12.782392621040344,4.512759915087372e-05
126,寒い,warning,boss,だいぶ,上司が来客との打ち合わせに、空調の効きすぎた会議室を指定しています。大輔は力になりたいと思い、遠慮がちに指摘します。「あの部屋、だいぶ寒いように思いますので、別室にされてはいかがでしょうか？」,-12.436183224781416,6.379683327395469e-05
126,寒い,warning,boss,ちっとも,上司が来客との打ち合わせに、空調の効きすぎた会議室を指定しています。大輔は力になりたいと思い、遠慮がちに指摘します。「あの部屋、ちっとも寒いように思いますので、別室にされてはいかがでしょうか？」,-19.752571046352386,4.239671014261148e-08
126,寒い,warning,boss,ちょっと,上司が来客との打ち合わせに、空調の効きすぎた会議室を指定しています。大輔は力になりたいと思い、遠慮がちに指摘します。「あの部屋、ちょっと寒いように思いますので、別室にされてはいかがでしょうか？」,-3.4672659635543823,0.5011298060417175
126,寒い,warning,boss,とても,上司が来客との打ち合わせに、空調の効きすぎた会議室を指定しています。大輔は力になりたいと思い、遠慮がちに指摘します。「あの部屋、とても寒いように思いますので、別室にされてはいかがでしょうか？」,-4.906860113143921,0.1187797412276268
126,寒い,warning,boss,なかなか,上司が来客との打ち合わせに、空調の効きすぎた会議室を指定しています。大輔は力になりたいと思い、遠慮がちに指摘します。「あの部屋、なかなか寒いように思いますので、別室にされてはいかがでしょうか？」,-7.5871922969818115,0.008141209371387959
126,寒い,warning,boss,（なし）,上司が来客との打ち合わせに、空調の効きすぎた会議室を指定しています。大輔は力になりたいと思い、遠慮がちに指摘します。「あの部屋、（なし）寒いように思いますので、別室にされてはいかがでしょうか？」,-29.73052215576172,1.967718956524811e-12
126,寒い,warning,boss,ひどく,上司が来客との打ち合わせに、空調の効きすぎた会議室を指定しています。大輔は力になりたいと思い、遠慮がちに指摘します。「あの部屋、ひどく寒いように思いますので、別室にされてはいかがでしょうか？」,-14.035470940172672,1.2889532627013978e-05
126,寒い,warning,boss,まあまあ,上司が来客との打ち合わせに、空調の効きすぎた会議室を指定しています。大輔は力になりたいと思い、遠慮がちに指摘します。「あの部屋、まあまあ寒いように思いますので、別室にされてはいかがでしょうか？」,-12.386324405670166,6.705831765430048e-05
126,寒い,warning,boss,マジで,上司が来客との打ち合わせに、空調の効きすぎた会議室を指定しています。大輔は力になりたいと思い、遠慮がちに指摘します。「あの部屋、マジで寒いように思いますので、別室にされてはいかがでしょうか？」,-14.516902148723602,7.96442327555269e-06
126,寒い,warning,boss,めっちゃ,上司が来客との打ち合わせに、空調の効きすぎた会議室を指定しています。大輔は力になりたいと思い、遠慮がちに指摘します。「あの部屋、めっちゃ寒いように思いますので、別室にされてはいかがでしょうか？」,-10.464189991354942,0.00045837927609682083
126,寒い,warning,boss,やや,上司が来客との打ち合わせに、空調の効きすぎた会議室を指定しています。大輔は力になりたいと思い、遠慮がちに指摘します。「あの部屋、やや寒いように思いますので、別室にされてはいかがでしょうか？」,-10.907390922307968,0.0002942694700323045
126,寒い,warning,boss,結構,上司が来客との打ち合わせに、空調の効きすぎた会議室を指定しています。大輔は力になりたいと思い、遠慮がちに指摘します。「あの部屋、結構寒いように思いますので、別室にされてはいかがでしょうか？」,-6.228069067001343,0.03169192746281624
126,寒い,warning,boss,若干,上司が来客との打ち合わせに、空調の効きすぎた会議室を指定しています。大輔は力になりたいと思い、遠慮がちに指摘します。「あの部屋、若干寒いように思いますので、別室にされてはいかがでしょうか？」,-8.135928869247437,0.00470300717279315
126,寒い,warning,boss,少し,上司が来客との打ち合わせに、空調の効きすぎた会議室を指定しています。大輔は力になりたいと思い、遠慮がちに指摘します。「あの部屋、少し寒いように思いますので、別室にされてはいかがでしょうか？」,-4.438693881034851,0.1896987408399582
126,寒い,warning,boss,少しも,上司が来客との打ち合わせに、空調の効きすぎた会議室を指定しています。大輔は力になりたいと思い、遠慮がちに指摘します。「あの部屋、少しも寒いように思いますので、別室にされてはいかがでしょうか？」,-11.28790020942688,0.0002011370670516044
126,寒い,warning,boss,全然,上司が来客との打ち合わせに、空調の効きすぎた会議室を指定しています。大輔は力になりたいと思い、遠慮がちに指摘します。「あの部屋、全然寒いように思いますので、別室にされてはいかがでしょうか？」,-10.194930791854858,0.0006000155117362738
126,寒い,warning,boss,相当,上司が来客との打ち合わせに、空調の効きすぎた会議室を指定しています。大輔は力になりたいと思い、遠慮がちに指摘します。「あの部屋、相当寒いように思いますので、別室にされてはいかがでしょうか？」,-7.816810369491577,0.006470934953540564
126,寒い,warning,boss,超,上司が来客との打ち合わせに、空調の効きすぎた会議室を指定しています。大輔は力になりたいと思い、遠慮がちに指摘します。「あの部屋、超寒いように思いますので、別室にされてはいかがでしょうか？」,-10.520706415176392,0.00043319168617017567
126,寒い,warning,boss,非常に,上司が来客との打ち合わせに、空調の効きすぎた会議室を指定しています。大輔は力になりたいと思い、遠慮がちに指摘します。「あの部屋、非常に寒いように思いますので、別室にされてはいかがでしょうか？」,-6.717986822128296,0.01941690780222416
126,寒い,warning,boss,微妙に,上司が来客との打ち合わせに、空調の効きすぎた会議室を指定しています。大輔は力になりたいと思い、遠慮がちに指摘します。「あの部屋、微妙に寒いように思いますので、別室にされてはいかがでしょうか？」,-10.305834420025349,0.000537028769031167
126,寒い,warning,boss,普通に,上司が来客との打ち合わせに、空調の効きすぎた会議室を指定しています。大輔は力になりたいと思い、遠慮がちに指摘します。「あの部屋、普通に寒いように思いますので、別室にされてはいかがでしょうか？」,-10.79324746131897,0.00032985041616484523
126,寒い,warning,boss,本当に,上司が来客との打ち合わせに、空調の効きすぎた会議室を指定しています。大輔は力になりたいと思い、遠慮がちに指摘します。「あの部屋、本当に寒いように思いますので、別室にされてはいかがでしょうか？」,-6.9657628536224365,0.015155570581555367
126,寒い,warning,boss,全く,上司が来客との打ち合わせに、空調の効きすぎた会議室を指定しています。大輔は力になりたいと思い、遠慮がちに指摘します。「あの部屋、全く寒いように思いますので、別室にされてはいかがでしょうか？」,-12.082878351211548,9.083170880330727e-05
127,寒い,non-committal,boss,あまり,視察当日の服装について上司に意見を求められます。自分の意見を押し付けたくない大輔は、慎重に答えます。「そちらは、当日はあまり寒いようですが、身軽で動きやすいです。」,-10.435185432434082,0.0027385703288018703
127,寒い,non-committal,boss,いまいち,視察当日の服装について上司に意見を求められます。自分の意見を押し付けたくない大輔は、慎重に答えます。「そちらは、当日はいまいち寒いようですが、身軽で動きやすいです。」,-17.344090938568115,2.7354210487828823e-06
127,寒い,non-committal,boss,かなり,視察当日の服装について上司に意見を求められます。自分の意見を押し付けたくない大輔は、慎重に答えます。「そちらは、当日はかなり寒いようですが、身軽で動きやすいです。」,-7.8886003494262695,0.034953586757183075
127,寒い,non-committal,boss,すごく,視察当日の服装について上司に意見を求められます。自分の意見を押し付けたくない大輔は、慎重に答えます。「そちらは、当日はすごく寒いようですが、身軽で動きやすいです。」,-9.12279224395752,0.010173936374485493
127,寒い,non-committal,boss,そこまで,視察当日の服装について上司に意見を求められます。自分の意見を押し付けたくない大輔は、慎重に答えます。「そちらは、当日はそこまで寒いようですが、身軽で動きやすいです。」,-13.308175086975098,0.00015481049194931984
127,寒い,non-committal,boss,それほど,視察当日の服装について上司に意見を求められます。自分の意見を押し付けたくない大輔は、慎重に答えます。「そちらは、当日はそれほど寒いようですが、身軽で動きやすいです。」,-12.050518989562988,0.0005444944836199284
127,寒い,non-committal,boss,そんなに,視察当日の服装について上司に意見を求められます。自分の意見を押し付けたくない大輔は、慎重に答えます。「そちらは、当日はそんなに寒いようですが、身軽で動きやすいです。」,-13.712651252746582,0.00010330910299671814
127,寒い,non-committal,boss,たいして,視察当日の服装について上司に意見を求められます。自分の意見を押し付けたくない大輔は、慎重に答えます。「そちらは、当日はたいして寒いようですが、身軽で動きやすいです。」,-14.29021966457367,5.7983441365649924e-05
127,寒い,non-committal,boss,だいぶ,視察当日の服装について上司に意見を求められます。自分の意見を押し付けたくない大輔は、慎重に答えます。「そちらは、当日はだいぶ寒いようですが、身軽で動きやすいです。」,-12.707760285469703,0.00028220025706104934
127,寒い,non-committal,boss,ちっとも,視察当日の服装について上司に意見を求められます。自分の意見を押し付けたくない大輔は、慎重に答えます。「そちらは、当日はちっとも寒いようですが、身軽で動きやすいです。」,-18.899817645549774,5.77272032842302e-07
127,寒い,non-committal,boss,ちょっと,視察当日の服装について上司に意見を求められます。自分の意見を押し付けたくない大輔は、慎重に答えます。「そちらは、当日はちょっと寒いようですが、身軽で動きやすいです。」,-6.4507341384887695,0.14721401035785675
127,寒い,non-committal,boss,とても,視察当日の服装について上司に意見を求められます。自分の意見を押し付けたくない大輔は、慎重に答えます。「そちらは、当日はとても寒いようですが、身軽で動きやすいです。」,-6.72390079498291,0.11202484369277954
127,寒い,non-committal,boss,なかなか,視察当日の服装について上司に意見を求められます。自分の意見を押し付けたくない大輔は、慎重に答えます。「そちらは、当日はなかなか寒いようですが、身軽で動きやすいです。」,-10.087719917297363,0.0038763792254030704
127,寒い,non-committal,boss,（なし）,視察当日の服装について上司に意見を求められます。自分の意見を押し付けたくない大輔は、慎重に答えます。「そちらは、当日は（なし）寒いようですが、身軽で動きやすいです。」,-29.876450538635254,9.869377884386132e-12
127,寒い,non-committal,boss,ひどく,視察当日の服装について上司に意見を求められます。自分の意見を押し付けたくない大輔は、慎重に答えます。「そちらは、当日はひどく寒いようですが、身軽で動きやすいです。」,-13.436442911624908,0.0001361739996355027
127,寒い,non-committal,boss,まあまあ,視察当日の服装について上司に意見を求められます。自分の意見を押し付けたくない大輔は、慎重に答えます。「そちらは、当日はまあまあ寒いようですが、身軽で動きやすいです。」,-13.749487858265638,9.957278962247074e-05
127,寒い,non-committal,boss,マジで,視察当日の服装について上司に意見を求められます。自分の意見を押し付けたくない大輔は、慎重に答えます。「そちらは、当日はマジで寒いようですが、身軽で動きやすいです。」,-14.431668668985367,5.0335394917055964e-05
127,寒い,non-committal,boss,めっちゃ,視察当日の服装について上司に意見を求められます。自分の意見を押し付けたくない大輔は、慎重に答えます。「そちらは、当日はめっちゃ寒いようですが、身軽で動きやすいです。」,-11.56056909263134,0.0008887428557500243
127,寒い,non-committal,boss,やや,視察当日の服装について上司に意見を求められます。自分の意見を押し付けたくない大輔は、慎重に答えます。「そちらは、当日はやや寒いようですが、身軽で動きやすいです。」,-10.402673441916704,0.0028290690388530493
127,寒い,non-committal,boss,結構,視察当日の服装について上司に意見を求められます。自分の意見を押し付けたくない大輔は、慎重に答えます。「そちらは、当日は結構寒いようですが、身軽で動きやすいです。」,-9.074021339416504,0.010682428255677223
127,寒い,non-committal,boss,若干,視察当日の服装について上司に意見を求められます。自分の意見を押し付けたくない大輔は、慎重に答えます。「そちらは、当日は若干寒いようですが、身軽で動きやすいです。」,-7.890683174133301,0.0348808616399765
127,寒い,non-committal,boss,少し,視察当日の服装について上司に意見を求められます。自分の意見を押し付けたくない大輔は、慎重に答えます。「そちらは、当日は少し寒いようですが、身軽で動きやすいです。」,-5.0338603258132935,0.6071411371231079
127,寒い,non-committal,boss,少しも,視察当日の服装について上司に意見を求められます。自分の意見を押し付けたくない大輔は、慎重に答えます。「そちらは、当日は少しも寒いようですが、身軽で動きやすいです。」,-12.920844078063965,0.00022804265609011054
127,寒い,non-committal,boss,全然,視察当日の服装について上司に意見を求められます。自分の意見を押し付けたくない大輔は、慎重に答えます。「そちらは、当日は全然寒いようですが、身軽で動きやすいです。」,-13.30809497833252,0.0001548228901810944
127,寒い,non-committal,boss,相当,視察当日の服装について上司に意見を求められます。自分の意見を押し付けたくない大輔は、慎重に答えます。「そちらは、当日は相当寒いようですが、身軽で動きやすいです。」,-9.476521492004395,0.007142765447497368
127,寒い,non-committal,boss,超,視察当日の服装について上司に意見を求められます。自分の意見を押し付けたくない大輔は、慎重に答えます。「そちらは、当日は超寒いようですが、身軽で動きやすいです。」,-12.985566139221191,0.00021375075448304415
127,寒い,non-committal,boss,非常に,視察当日の服装について上司に意見を求められます。自分の意見を押し付けたくない大輔は、慎重に答えます。「そちらは、当日は非常に寒いようですが、身軽で動きやすいです。」,-8.504345893859863,0.01888325624167919
127,寒い,non-committal,boss,微妙に,視察当日の服装について上司に意見を求められます。自分の意見を押し付けたくない大輔は、慎重に答えます。「そちらは、当日は微妙に寒いようですが、身軽で動きやすいです。」,-12.263695508241653,0.0004399587633088231
127,寒い,non-committal,boss,普通に,視察当日の服装について上司に意見を求められます。自分の意見を押し付けたくない大輔は、慎重に答えます。「そちらは、当日は普通に寒いようですが、身軽で動きやすいです。」,-11.672341346740723,0.0007947562262415886
127,寒い,non-committal,boss,本当に,視察当日の服装について上司に意見を求められます。自分の意見を押し付けたくない大輔は、慎重に答えます。「そちらは、当日は本当に寒いようですが、身軽で動きやすいです。」,-10.259209632873535,0.003265496576204896
127,寒い,non-committal,boss,全く,視察当日の服装について上司に意見を求められます。自分の意見を押し付けたくない大輔は、慎重に答えます。「そちらは、当日は全く寒いようですが、身軽で動きやすいです。」,-14.625897407531738,4.1449646232649684e-05
128,寒い,acknowledge,boss,あまり,大輔が薄いから寒いだろうと決めつけていたコートを、上司が絶対暖かいと勧めます。大輔は半信半疑で買って着てきました。しかし、上司の言った通りに暖かかったです。翌日、教えてもらったことについて感謝します。「外、あまり寒くありませんでした。教えていただいてありがとうございます。」,-3.9894622564315796,0.5355567932128906
128,寒い,acknowledge,boss,いまいち,大輔が薄いから寒いだろうと決めつけていたコートを、上司が絶対暖かいと勧めます。大輔は半信半疑で買って着てきました。しかし、上司の言った通りに暖かかったです。翌日、教えてもらったことについて感謝します。「外、いまいち寒くありませんでした。教えていただいてありがとうございます。」,-14.124730110168457,2.123806370946113e-05
128,寒い,acknowledge,boss,かなり,大輔が薄いから寒いだろうと決めつけていたコートを、上司が絶対暖かいと勧めます。大輔は半信半疑で買って着てきました。しかし、上司の言った通りに暖かかったです。翌日、教えてもらったことについて感謝します。「外、かなり寒くありませんでした。教えていただいてありがとうございます。」,-9.965811014175415,0.0013592846225947142
128,寒い,acknowledge,boss,すごく,大輔が薄いから寒いだろうと決めつけていたコートを、上司が絶対暖かいと勧めます。大輔は半信半疑で買って着てきました。しかし、上司の言った通りに暖かかったです。翌日、教えてもらったことについて感謝します。「外、すごく寒くありませんでした。教えていただいてありがとうございます。」,-8.828752756118774,0.004237683955579996
128,寒い,acknowledge,boss,そこまで,大輔が薄いから寒いだろうと決めつけていたコートを、上司が絶対暖かいと勧めます。大輔は半信半疑で買って着てきました。しかし、上司の言った通りに暖かかったです。翌日、教えてもらったことについて感謝します。「外、そこまで寒くありませんでした。教えていただいてありがとうございます。」,-7.955732583999634,0.010145568288862705
128,寒い,acknowledge,boss,それほど,大輔が薄いから寒いだろうと決めつけていたコートを、上司が絶対暖かいと勧めます。大輔は半信半疑で買って着てきました。しかし、上司の言った通りに暖かかったです。翌日、教えてもらったことについて感謝します。「外、それほど寒くありませんでした。教えていただいてありがとうございます。」,-5.741422891616821,0.09288355708122253
128,寒い,acknowledge,boss,そんなに,大輔が薄いから寒いだろうと決めつけていたコートを、上司が絶対暖かいと勧めます。大輔は半信半疑で買って着てきました。しかし、上司の言った通りに暖かかったです。翌日、教えてもらったことについて感謝します。「外、そんなに寒くありませんでした。教えていただいてありがとうございます。」,-5.019869089126587,0.19111980497837067
128,寒い,acknowledge,boss,たいして,大輔が薄いから寒いだろうと決めつけていたコートを、上司が絶対暖かいと勧めます。大輔は半信半疑で買って着てきました。しかし、上司の言った通りに暖かかったです。翌日、教えてもらったことについて感謝します。「外、たいして寒くありませんでした。教えていただいてありがとうございます。」,-11.347356021404266,0.0003414388920646161
128,寒い,acknowledge,boss,だいぶ,大輔が薄いから寒いだろうと決めつけていたコートを、上司が絶対暖かいと勧めます。大輔は半信半疑で買って着てきました。しかし、上司の言った通りに暖かかったです。翌日、教えてもらったことについて感謝します。「外、だいぶ寒くありませんでした。教えていただいてありがとうございます。」,-9.2013776502572,0.0029194389935582876
128,寒い,acknowledge,boss,ちっとも,大輔が薄いから寒いだろうと決めつけていたコートを、上司が絶対暖かいと勧めます。大輔は半信半疑で買って着てきました。しかし、上司の言った通りに暖かかったです。翌日、教えてもらったことについて感謝します。「外、ちっとも寒くありませんでした。教えていただいてありがとうございます。」,-16.172788858413696,2.7393905384087702e-06
128,寒い,acknowledge,boss,ちょっと,大輔が薄いから寒いだろうと決めつけていたコートを、上司が絶対暖かいと勧めます。大輔は半信半疑で買って着てきました。しかし、上司の言った通りに暖かかったです。翌日、教えてもらったことについて感謝します。「外、ちょっと寒くありませんでした。教えていただいてありがとうございます。」,-9.178251504898071,0.0029877424240112305
128,寒い,acknowledge,boss,とても,大輔が薄いから寒いだろうと決めつけていたコートを、上司が絶対暖かいと勧めます。大輔は半信半疑で買って着てきました。しかし、上司の言った通りに暖かかったです。翌日、教えてもらったことについて感謝します。「外、とても寒くありませんでした。教えていただいてありがとうございます。」,-5.8956053256988525,0.07961194962263107
128,寒い,acknowledge,boss,なかなか,大輔が薄いから寒いだろうと決めつけていたコートを、上司が絶対暖かいと勧めます。大輔は半信半疑で買って着てきました。しかし、上司の言った通りに暖かかったです。翌日、教えてもらったことについて感謝します。「外、なかなか寒くありませんでした。教えていただいてありがとうございます。」,-8.438551187515259,0.00626023905351758
128,寒い,acknowledge,boss,（なし）,大輔が薄いから寒いだろうと決めつけていたコートを、上司が絶対暖かいと勧めます。大輔は半信半疑で買って着てきました。しかし、上司の言った通りに暖かかったです。翌日、教えてもらったことについて感謝します。「外、（なし）寒くありませんでした。教えていただいてありがとうございます。」,-21.089794039726257,2.0055134442031886e-08
128,寒い,acknowledge,boss,ひどく,大輔が薄いから寒いだろうと決めつけていたコートを、上司が絶対暖かいと勧めます。大輔は半信半疑で買って着てきました。しかし、上司の言った通りに暖かかったです。翌日、教えてもらったことについて感謝します。「外、ひどく寒くありませんでした。教えていただいてありがとうございます。」,-12.518663004040718,0.00010583281982690096
128,寒い,acknowledge,boss,まあまあ,大輔が薄いから寒いだろうと決めつけていたコートを、上司が絶対暖かいと勧めます。大輔は半信半疑で買って着てきました。しかし、上司の言った通りに暖かかったです。翌日、教えてもらったことについて感謝します。「外、まあまあ寒くありませんでした。教えていただいてありがとうございます。」,-12.29291820526123,0.00013263577420730144
128,寒い,acknowledge,boss,マジで,大輔が薄いから寒いだろうと決めつけていたコートを、上司が絶対暖かいと勧めます。大輔は半信半疑で買って着てきました。しかし、上司の言った通りに暖かかったです。翌日、教えてもらったことについて感謝します。「外、マジで寒くありませんでした。教えていただいてありがとうございます。」,-12.824385181069374,7.795559940859675e-05
128,寒い,acknowledge,boss,めっちゃ,大輔が薄いから寒いだろうと決めつけていたコートを、上司が絶対暖かいと勧めます。大輔は半信半疑で買って着てきました。しかし、上司の言った通りに暖かかったです。翌日、教えてもらったことについて感謝します。「外、めっちゃ寒くありませんでした。教えていただいてありがとうございます。」,-12.613238543272018,9.628251427784562e-05
128,寒い,acknowledge,boss,やや,大輔が薄いから寒いだろうと決めつけていたコートを、上司が絶対暖かいと勧めます。大輔は半信半疑で買って着てきました。しかし、上司の言った通りに暖かかったです。翌日、教えてもらったことについて感謝します。「外、やや寒くありませんでした。教えていただいてありがとうございます。」,-11.18352222442627,0.00040222128154709935
128,寒い,acknowledge,boss,結構,大輔が薄いから寒いだろうと決めつけていたコートを、上司が絶対暖かいと勧めます。大輔は半信半疑で買って着てきました。しかし、上司の言った通りに暖かかったです。翌日、教えてもらったことについて感謝します。「外、結構寒くありませんでした。教えていただいてありがとうございます。」,-12.074312925338745,0.00016504396626260132
128,寒い,acknowledge,boss,若干,大輔が薄いから寒いだろうと決めつけていたコートを、上司が絶対暖かいと勧めます。大輔は半信半疑で買って着てきました。しかし、上司の言った通りに暖かかったです。翌日、教えてもらったことについて感謝します。「外、若干寒くありませんでした。教えていただいてありがとうございます。」,-13.375662565231323,4.491906292969361e-05
128,寒い,acknowledge,boss,少し,大輔が薄いから寒いだろうと決めつけていたコートを、上司が絶対暖かいと勧めます。大輔は半信半疑で買って着てきました。しかし、上司の言った通りに暖かかったです。翌日、教えてもらったことについて感謝します。「外、少し寒くありませんでした。教えていただいてありがとうございます。」,-9.431436777114868,0.0023194560781121254
128,寒い,acknowledge,boss,少しも,大輔が薄いから寒いだろうと決めつけていたコートを、上司が絶対暖かいと勧めます。大輔は半信半疑で買って着てきました。しかし、上司の言った通りに暖かかったです。翌日、教えてもらったことについて感謝します。「外、少しも寒くありませんでした。教えていただいてありがとうございます。」,-10.990598678588867,0.0004878099716734141
128,寒い,acknowledge,boss,全然,大輔が薄いから寒いだろうと決めつけていたコートを、上司が絶対暖かいと勧めます。大輔は半信半疑で買って着てきました。しかし、上司の言った通りに暖かかったです。翌日、教えてもらったことについて感謝します。「外、全然寒くありませんでした。教えていただいてありがとうございます。」,-7.189203500747681,0.021836131811141968
128,寒い,acknowledge,boss,相当,大輔が薄いから寒いだろうと決めつけていたコートを、上司が絶対暖かいと勧めます。大輔は半信半疑で買って着てきました。しかし、上司の言った通りに暖かかったです。翌日、教えてもらったことについて感謝します。「外、相当寒くありませんでした。教えていただいてありがとうございます。」,-10.284208536148071,0.000988626154139638
128,寒い,acknowledge,boss,超,大輔が薄いから寒いだろうと決めつけていたコートを、上司が絶対暖かいと勧めます。大輔は半信半疑で買って着てきました。しかし、上司の言った通りに暖かかったです。翌日、教えてもらったことについて感謝します。「外、超寒くありませんでした。教えていただいてありがとうございます。」,-11.047289609909058,0.0004609247262123972
128,寒い,acknowledge,boss,非常に,大輔が薄いから寒いだろうと決めつけていたコートを、上司が絶対暖かいと勧めます。大輔は半信半疑で買って着てきました。しかし、上司の言った通りに暖かかったです。翌日、教えてもらったことについて感謝します。「外、非常に寒くありませんでした。教えていただいてありがとうございます。」,-9.353006601333618,0.0025086954701691866
128,寒い,acknowledge,boss,微妙に,大輔が薄いから寒いだろうと決めつけていたコートを、上司が絶対暖かいと勧めます。大輔は半信半疑で買って着てきました。しかし、上司の言った通りに暖かかったです。翌日、教えてもらったことについて感謝します。「外、微妙に寒くありませんでした。教えていただいてありがとうございます。」,-14.012060195207596,2.3770940970280208e-05
128,寒い,acknowledge,boss,普通に,大輔が薄いから寒いだろうと決めつけていたコートを、上司が絶対暖かいと勧めます。大輔は半信半疑で買って着てきました。しかし、上司の言った通りに暖かかったです。翌日、教えてもらったことについて感謝します。「外、普通に寒くありませんでした。教えていただいてありがとうございます。」,-11.943350553512573,0.00018813763745129108
128,寒い,acknowledge,boss,本当に,大輔が薄いから寒いだろうと決めつけていたコートを、上司が絶対暖かいと勧めます。大輔は半信半疑で買って着てきました。しかし、上司の言った通りに暖かかったです。翌日、教えてもらったことについて感謝します。「外、本当に寒くありませんでした。教えていただいてありがとうございます。」,-6.984133005142212,0.026806287467479706
128,寒い,acknowledge,boss,全く,大輔が薄いから寒いだろうと決めつけていたコートを、上司が絶対暖かいと勧めます。大輔は半信半疑で買って着てきました。しかし、上司の言った通りに暖かかったです。翌日、教えてもらったことについて感謝します。「外、全く寒くありませんでした。教えていただいてありがとうございます。」,-7.505964517593384,0.015907729044556618
129,寒い,neutral-positive,boss,あまり,上司に、視察先がどれくらい寒かったか聞かれ、大輔は答えます。「現場、あまり寒くなかったです。」,-4.030513763427734,0.33339226245880127
129,寒い,neutral-positive,boss,いまいち,上司に、視察先がどれくらい寒かったか聞かれ、大輔は答えます。「現場、いまいち寒くなかったです。」,-11.974563598632812,0.00011827651906060055
129,寒い,neutral-positive,boss,かなり,上司に、視察先がどれくらい寒かったか聞かれ、大輔は答えます。「現場、かなり寒くなかったです。」,-9.25857925415039,0.0017882800893858075
129,寒い,neutral-positive,boss,すごく,上司に、視察先がどれくらい寒かったか聞かれ、大輔は答えます。「現場、すごく寒くなかったです。」,-7.935356140136719,0.0067158970050513744
129,寒い,neutral-positive,boss,そこまで,上司に、視察先がどれくらい寒かったか聞かれ、大輔は答えます。「現場、そこまで寒くなかったです。」,-6.625038146972656,0.024898197501897812
129,寒い,neutral-positive,boss,それほど,上司に、視察先がどれくらい寒かったか聞かれ、大輔は答えます。「現場、それほど寒くなかったです。」,-5.177074432373047,0.1059279516339302
129,寒い,neutral-positive,boss,そんなに,上司に、視察先がどれくらい寒かったか聞かれ、大輔は答えます。「現場、そんなに寒くなかったです。」,-3.918079376220703,0.3730655610561371
129,寒い,neutral-positive,boss,たいして,上司に、視察先がどれくらい寒かったか聞かれ、大輔は答えます。「現場、たいして寒くなかったです。」,-11.212525486946106,0.00025342387380078435
129,寒い,neutral-positive,boss,だいぶ,上司に、視察先がどれくらい寒かったか聞かれ、大輔は答えます。「現場、だいぶ寒くなかったです。」,-11.073170612799004,0.0002913187781814486
129,寒い,neutral-positive,boss,ちっとも,上司に、視察先がどれくらい寒かったか聞かれ、大輔は答えます。「現場、ちっとも寒くなかったです。」,-15.347768597304821,4.054470082337502e-06
129,寒い,neutral-positive,boss,ちょっと,上司に、視察先がどれくらい寒かったか聞かれ、大輔は答えます。「現場、ちょっと寒くなかったです。」,-8.4080810546875,0.004186028614640236
129,寒い,neutral-positive,boss,とても,上司に、視察先がどれくらい寒かったか聞かれ、大輔は答えます。「現場、とても寒くなかったです。」,-5.909877777099609,0.05090472474694252
129,寒い,neutral-positive,boss,なかなか,上司に、視察先がどれくらい寒かったか聞かれ、大輔は答えます。「現場、なかなか寒くなかったです。」,-8.837200164794922,0.002725449623540044
129,寒い,neutral-positive,boss,（なし）,上司に、視察先がどれくらい寒かったか聞かれ、大輔は答えます。「現場、（なし）寒くなかったです。」,-28.929194450378418,5.123838853204887e-12
129,寒い,neutral-positive,boss,ひどく,上司に、視察先がどれくらい寒かったか聞かれ、大輔は答えます。「現場、ひどく寒くなかったです。」,-15.039105489850044,5.520582817553077e-06
129,寒い,neutral-positive,boss,まあまあ,上司に、視察先がどれくらい寒かったか聞かれ、大輔は答えます。「現場、まあまあ寒くなかったです。」,-12.108376502990723,0.00010346282215323299
129,寒い,neutral-positive,boss,マジで,上司に、視察先がどれくらい寒かったか聞かれ、大輔は答えます。「現場、マジで寒くなかったです。」,-13.178406089544296,3.5487588320393115e-05
129,寒い,neutral-positive,boss,めっちゃ,上司に、視察先がどれくらい寒かったか聞かれ、大輔は答えます。「現場、めっちゃ寒くなかったです。」,-11.646104529500008,0.0001642654970055446
129,寒い,neutral-positive,boss,やや,上司に、視察先がどれくらい寒かったか聞かれ、大輔は答えます。「現場、やや寒くなかったです。」,-12.848962783813477,4.93346196890343e-05
129,寒い,neutral-positive,boss,結構,上司に、視察先がどれくらい寒かったか聞かれ、大輔は答えます。「現場、結構寒くなかったです。」,-11.601131439208984,0.00017182170995511115
129,寒い,neutral-positive,boss,若干,上司に、視察先がどれくらい寒かったか聞かれ、大輔は答えます。「現場、若干寒くなかったです。」,-12.460880279541016,7.272669608937576e-05
129,寒い,neutral-positive,boss,少し,上司に、視察先がどれくらい寒かったか聞かれ、大輔は答えます。「現場、少し寒くなかったです。」,-9.501731872558594,0.0014022830873727798
129,寒い,neutral-positive,boss,少しも,上司に、視察先がどれくらい寒かったか聞かれ、大輔は答えます。「現場、少しも寒くなかったです。」,-10.17751145362854,0.0007134252227842808
129,寒い,neutral-positive,boss,全然,上司に、視察先がどれくらい寒かったか聞かれ、大輔は答えます。「現場、全然寒くなかったです。」,-6.154880523681641,0.039843250066041946
129,寒い,neutral-positive,boss,相当,上司に、視察先がどれくらい寒かったか聞かれ、大輔は答えます。「現場、相当寒くなかったです。」,-9.281658172607422,0.0017474810592830181
129,寒い,neutral-positive,boss,超,上司に、視察先がどれくらい寒かったか聞かれ、大輔は答えます。「現場、超寒くなかったです。」,-12.151618957519531,9.908418724080548e-05
129,寒い,neutral-positive,boss,非常に,上司に、視察先がどれくらい寒かったか聞かれ、大輔は答えます。「現場、非常に寒くなかったです。」,-8.768238067626953,0.002920034807175398
129,寒い,neutral-positive,boss,微妙に,上司に、視察先がどれくらい寒かったか聞かれ、大輔は答えます。「現場、微妙に寒くなかったです。」,-11.658489301800728,0.00016224371211137623
129,寒い,neutral-positive,boss,普通に,上司に、視察先がどれくらい寒かったか聞かれ、大輔は答えます。「現場、普通に寒くなかったです。」,-10.986930847167969,0.000317557220114395
129,寒い,neutral-positive,boss,本当に,上司に、視察先がどれくらい寒かったか聞かれ、大輔は答えます。「現場、本当に寒くなかったです。」,-6.467395782470703,0.029149498790502548
129,寒い,neutral-positive,boss,全く,上司に、視察先がどれくらい寒かったか聞かれ、大輔は答えます。「現場、全く寒くなかったです。」,-6.9075164794921875,0.01877107471227646
130,寒い,neutral-negative,boss,あまり,上司に、視察先がどれくらい寒かったか聞かれ、大輔は答えます。「現場、あまり寒かったです。」,-8.0166335105896,0.004057595506310463
130,寒い,neutral-negative,boss,いまいち,上司に、視察先がどれくらい寒かったか聞かれ、大輔は答えます。「現場、いまいち寒かったです。」,-13.390929698944092,1.8803624698193744e-05
130,寒い,neutral-negative,boss,かなり,上司に、視察先がどれくらい寒かったか聞かれ、大輔は答えます。「現場、かなり寒かったです。」,-3.983232259750366,0.22906185686588287
130,寒い,neutral-negative,boss,すごく,上司に、視察先がどれくらい寒かったか聞かれ、大輔は答えます。「現場、すごく寒かったです。」,-4.352082967758179,0.15840280055999756
130,寒い,neutral-negative,boss,そこまで,上司に、視察先がどれくらい寒かったか聞かれ、大輔は答えます。「現場、そこまで寒かったです。」,-10.361218929290771,0.0003890704829245806
130,寒い,neutral-negative,boss,それほど,上司に、視察先がどれくらい寒かったか聞かれ、大輔は答えます。「現場、それほど寒かったです。」,-8.89682912826538,0.0016826920909807086
130,寒い,neutral-negative,boss,そんなに,上司に、視察先がどれくらい寒かったか聞かれ、大輔は答えます。「現場、そんなに寒かったです。」,-8.6090407371521,0.0022438280284404755
130,寒い,neutral-negative,boss,たいして,上司に、視察先がどれくらい寒かったか聞かれ、大輔は答えます。「現場、たいして寒かったです。」,-11.250847816467285,0.00015983340563252568
130,寒い,neutral-negative,boss,だいぶ,上司に、視察先がどれくらい寒かったか聞かれ、大輔は答えます。「現場、だいぶ寒かったです。」,-8.354761318885721,0.0028934902511537075
130,寒い,neutral-negative,boss,ちっとも,上司に、視察先がどれくらい寒かったか聞かれ、大輔は答えます。「現場、ちっとも寒かったです。」,-15.59876012802124,2.0672500795626547e-06
130,寒い,neutral-negative,boss,ちょっと,上司に、視察先がどれくらい寒かったか聞かれ、大輔は答えます。「現場、ちょっと寒かったです。」,-6.121324062347412,0.02700171247124672
130,寒い,neutral-negative,boss,とても,上司に、視察先がどれくらい寒かったか聞かれ、大輔は答えます。「現場、とても寒かったです。」,-4.039705038070679,0.21648451685905457
130,寒い,neutral-negative,boss,なかなか,上司に、視察先がどれくらい寒かったか聞かれ、大輔は答えます。「現場、なかなか寒かったです。」,-8.574018001556396,0.0023238055873662233
130,寒い,neutral-negative,boss,（なし）,上司に、視察先がどれくらい寒かったか聞かれ、大輔は答えます。「現場、（なし）寒かったです。」,-27.80257225036621,1.0359647167890174e-11
130,寒い,neutral-negative,boss,ひどく,上司に、視察先がどれくらい寒かったか聞かれ、大輔は答えます。「現場、ひどく寒かったです。」,-12.581840515136719,4.2230356484651566e-05
130,寒い,neutral-negative,boss,まあまあ,上司に、視察先がどれくらい寒かったか聞かれ、大輔は答えます。「現場、まあまあ寒かったです。」,-9.926915407180786,0.0006006814073771238
130,寒い,neutral-negative,boss,マジで,上司に、視察先がどれくらい寒かったか聞かれ、大輔は答えます。「現場、マジで寒かったです。」,-11.4833545088768,0.0001266750623472035
130,寒い,neutral-negative,boss,めっちゃ,上司に、視察先がどれくらい寒かったか聞かれ、大輔は答えます。「現場、めっちゃ寒かったです。」,-9.958821929991245,0.0005818179342895746
130,寒い,neutral-negative,boss,やや,上司に、視察先がどれくらい寒かったか聞かれ、大輔は答えます。「現場、やや寒かったです。」,-10.15207451581955,0.000479577254736796
130,寒い,neutral-negative,boss,結構,上司に、視察先がどれくらい寒かったか聞かれ、大輔は答えます。「現場、結構寒かったです。」,-6.064046621322632,0.02859344519674778
130,寒い,neutral-negative,boss,若干,上司に、視察先がどれくらい寒かったか聞かれ、大輔は答えます。「現場、若干寒かったです。」,-9.535424709320068,0.0008885178249329329
130,寒い,neutral-negative,boss,少し,上司に、視察先がどれくらい寒かったか聞かれ、大輔は答えます。「現場、少し寒かったです。」,-6.695287227630615,0.015209756791591644
130,寒い,neutral-negative,boss,少しも,上司に、視察先がどれくらい寒かったか聞かれ、大輔は答えます。「現場、少しも寒かったです。」,-10.638787746429443,0.0002947688917629421
130,寒い,neutral-negative,boss,全然,上司に、視察先がどれくらい寒かったか聞かれ、大輔は答えます。「現場、全然寒かったです。」,-8.672742366790771,0.0021053499076515436
130,寒い,neutral-negative,boss,相当,上司に、視察先がどれくらい寒かったか聞かれ、大輔は答えます。「現場、相当寒かったです。」,-5.89438796043396,0.033880382776260376
130,寒い,neutral-negative,boss,超,上司に、視察先がどれくらい寒かったか聞かれ、大輔は答えます。「現場、超寒かったです。」,-8.387074947357178,0.0028014834970235825
130,寒い,neutral-negative,boss,非常に,上司に、視察先がどれくらい寒かったか聞かれ、大輔は答えます。「現場、非常に寒かったです。」,-5.234060049057007,0.06557300686836243
130,寒い,neutral-negative,boss,微妙に,上司に、視察先がどれくらい寒かったか聞かれ、大輔は答えます。「現場、微妙に寒かったです。」,-9.046514049172401,0.0014487630687654018
130,寒い,neutral-negative,boss,普通に,上司に、視察先がどれくらい寒かったか聞かれ、大輔は答えます。「現場、普通に寒かったです。」,-8.021283626556396,0.004038771148771048
130,寒い,neutral-negative,boss,本当に,上司に、視察先がどれくらい寒かったか聞かれ、大輔は答えます。「現場、本当に寒かったです。」,-4.129869222640991,0.19781947135925293
130,寒い,neutral-negative,boss,全く,上司に、視察先がどれくらい寒かったか聞かれ、大輔は答えます。「現場、全く寒かったです。」,-9.648961544036865,0.00079315435141325
131,寒い,annoyed,boss,あまり,上司が空調を下げた会議室で、打ち合わせがもう一時間続いています。大輔は手が冷えて集中できず、周囲も皆寒そうにしています。周りが見えていない上司に苛立った大輔は、空調を上げることにし、上司に言います。「この部屋、あまり寒いようなので、温度を上げておきますね。」,-6.535187721252441,0.02194827049970627
131,寒い,annoyed,boss,いまいち,上司が空調を下げた会議室で、打ち合わせがもう一時間続いています。大輔は手が冷えて集中できず、周囲も皆寒そうにしています。周りが見えていない上司に苛立った大輔は、空調を上げることにし、上司に言います。「この部屋、いまいち寒いようなので、温度を上げておきますね。」,-12.665350437164307,4.776444984599948e-05
131,寒い,annoyed,boss,かなり,上司が空調を下げた会議室で、打ち合わせがもう一時間続いています。大輔は手が冷えて集中できず、周囲も皆寒そうにしています。周りが見えていない上司に苛立った大輔は、空調を上げることにし、上司に言います。「この部屋、かなり寒いようなので、温度を上げておきますね。」,-5.074482679367065,0.09457499533891678
131,寒い,annoyed,boss,すごく,上司が空調を下げた会議室で、打ち合わせがもう一時間続いています。大輔は手が冷えて集中できず、周囲も皆寒そうにしています。周りが見えていない上司に苛立った大輔は、空調を上げることにし、上司に言います。「この部屋、すごく寒いようなので、温度を上げておきますね。」,-5.2553489208221436,0.07892727106809616
131,寒い,annoyed,boss,そこまで,上司が空調を下げた会議室で、打ち合わせがもう一時間続いています。大輔は手が冷えて集中できず、周囲も皆寒そうにしています。周りが見えていない上司に苛立った大輔は、空調を上げることにし、上司に言います。「この部屋、そこまで寒いようなので、温度を上げておきますね。」,-11.231232643127441,0.00020041674724780023
131,寒い,annoyed,boss,それほど,上司が空調を下げた会議室で、打ち合わせがもう一時間続いています。大輔は手が冷えて集中できず、周囲も皆寒そうにしています。周りが見えていない上司に苛立った大輔は、空調を上げることにし、上司に言います。「この部屋、それほど寒いようなので、温度を上げておきますね。」,-10.219468116760254,0.000551236211322248
131,寒い,annoyed,boss,そんなに,上司が空調を下げた会議室で、打ち合わせがもう一時間続いています。大輔は手が冷えて集中できず、周囲も皆寒そうにしています。周りが見えていない上司に苛立った大輔は、空調を上げることにし、上司に言います。「この部屋、そんなに寒いようなので、温度を上げておきますね。」,-8.637528419494629,0.0026814236771315336
131,寒い,annoyed,boss,たいして,上司が空調を下げた会議室で、打ち合わせがもう一時間続いています。大輔は手が冷えて集中できず、周囲も皆寒そうにしています。周りが見えていない上司に苛立った大輔は、空調を上げることにし、上司に言います。「この部屋、たいして寒いようなので、温度を上げておきますね。」,-11.952613353729248,9.741865505930036e-05
131,寒い,annoyed,boss,だいぶ,上司が空調を下げた会議室で、打ち合わせがもう一時間続いています。大輔は手が冷えて集中できず、周囲も皆寒そうにしています。周りが見えていない上司に苛立った大輔は、空調を上げることにし、上司に言います。「この部屋、だいぶ寒いようなので、温度を上げておきますね。」,-10.656096130725928,0.0003562152269296348
131,寒い,annoyed,boss,ちっとも,上司が空調を下げた会議室で、打ち合わせがもう一時間続いています。大輔は手が冷えて集中できず、周囲も皆寒そうにしています。周りが見えていない上司に苛立った大輔は、空調を上げることにし、上司に言います。「この部屋、ちっとも寒いようなので、温度を上げておきますね。」,-18.913055300712585,9.241889387112678e-08
131,寒い,annoyed,boss,ちょっと,上司が空調を下げた会議室で、打ち合わせがもう一時間続いています。大輔は手が冷えて集中できず、周囲も皆寒そうにしています。周りが見えていない上司に苛立った大輔は、空調を上げることにし、上司に言います。「この部屋、ちょっと寒いようなので、温度を上げておきますね。」,-3.593853712081909,0.4157243072986603
131,寒い,annoyed,boss,とても,上司が空調を下げた会議室で、打ち合わせがもう一時間続いています。大輔は手が冷えて集中できず、周囲も皆寒そうにしています。周りが見えていない上司に苛立った大輔は、空調を上げることにし、上司に言います。「この部屋、とても寒いようなので、温度を上げておきますね。」,-4.737816572189331,0.13243065774440765
131,寒い,annoyed,boss,なかなか,上司が空調を下げた会議室で、打ち合わせがもう一時間続いています。大輔は手が冷えて集中できず、周囲も皆寒そうにしています。周りが見えていない上司に苛立った大輔は、空調を上げることにし、上司に言います。「この部屋、なかなか寒いようなので、温度を上げておきますね。」,-7.763978004455566,0.006423083133995533
131,寒い,annoyed,boss,（なし）,上司が空調を下げた会議室で、打ち合わせがもう一時間続いています。大輔は手が冷えて集中できず、周囲も皆寒そうにしています。周りが見えていない上司に苛立った大輔は、空調を上げることにし、上司に言います。「この部屋、（なし）寒いようなので、温度を上げておきますね。」,-31.319798469543457,3.780773979479568e-13
131,寒い,annoyed,boss,ひどく,上司が空調を下げた会議室で、打ち合わせがもう一時間続いています。大輔は手が冷えて集中できず、周囲も皆寒そうにしています。周りが見えていない上司に苛立った大輔は、空調を上げることにし、上司に言います。「この部屋、ひどく寒いようなので、温度を上げておきますね。」,-13.346341252326965,2.4174307327484712e-05
131,寒い,annoyed,boss,まあまあ,上司が空調を下げた会議室で、打ち合わせがもう一時間続いています。大輔は手が冷えて集中できず、周囲も皆寒そうにしています。周りが見えていない上司に苛立った大輔は、空調を上げることにし、上司に言います。「この部屋、まあまあ寒いようなので、温度を上げておきますね。」,-9.867307186126709,0.0007839332683943212
131,寒い,annoyed,boss,マジで,上司が空調を下げた会議室で、打ち合わせがもう一時間続いています。大輔は手が冷えて集中できず、周囲も皆寒そうにしています。周りが見えていない上司に苛立った大輔は、空調を上げることにし、上司に言います。「この部屋、マジで寒いようなので、温度を上げておきますね。」,-13.12667815387249,3.0112882086541504e-05
131,寒い,annoyed,boss,めっちゃ,上司が空調を下げた会議室で、打ち合わせがもう一時間続いています。大輔は手が冷えて集中できず、周囲も皆寒そうにしています。周りが見えていない上司に苛立った大輔は、空調を上げることにし、上司に言います。「この部屋、めっちゃ寒いようなので、温度を上げておきますね。」,-9.59723499417305,0.0010269995545968413
131,寒い,annoyed,boss,やや,上司が空調を下げた会議室で、打ち合わせがもう一時間続いています。大輔は手が冷えて集中できず、周囲も皆寒そうにしています。周りが見えていない上司に苛立った大輔は、空調を上げることにし、上司に言います。「この部屋、やや寒いようなので、温度を上げておきますね。」,-9.790983110666275,0.0008461091783829033
131,寒い,annoyed,boss,結構,上司が空調を下げた会議室で、打ち合わせがもう一時間続いています。大輔は手が冷えて集中できず、周囲も皆寒そうにしています。周りが見えていない上司に苛立った大輔は、空調を上げることにし、上司に言います。「この部屋、結構寒いようなので、温度を上げておきますね。」,-6.425747871398926,0.02448665164411068
131,寒い,annoyed,boss,若干,上司が空調を下げた会議室で、打ち合わせがもう一時間続いています。大輔は手が冷えて集中できず、周囲も皆寒そうにしています。周りが見えていない上司に苛立った大輔は、空調を上げることにし、上司に言います。「この部屋、若干寒いようなので、温度を上げておきますね。」,-8.76342487335205,0.002364227781072259
131,寒い,annoyed,boss,少し,上司が空調を下げた会議室で、打ち合わせがもう一時間続いています。大輔は手が冷えて集中できず、周囲も皆寒そうにしています。周りが見えていない上司に苛立った大輔は、空調を上げることにし、上司に言います。「この部屋、少し寒いようなので、温度を上げておきますね。」,-4.739136457443237,0.13225598633289337
131,寒い,annoyed,boss,少しも,上司が空調を下げた会議室で、打ち合わせがもう一時間続いています。大輔は手が冷えて集中できず、周囲も皆寒そうにしています。周りが見えていない上司に苛立った大輔は、空調を上げることにし、上司に言います。「この部屋、少しも寒いようなので、温度を上げておきますね。」,-10.622582912445068,0.00036835536593571305
131,寒い,annoyed,boss,全然,上司が空調を下げた会議室で、打ち合わせがもう一時間続いています。大輔は手が冷えて集中できず、周囲も皆寒そうにしています。周りが見えていない上司に苛立った大輔は、空調を上げることにし、上司に言います。「この部屋、全然寒いようなので、温度を上げておきますね。」,-9.15175724029541,0.0016033882275223732
131,寒い,annoyed,boss,相当,上司が空調を下げた会議室で、打ち合わせがもう一時間続いています。大輔は手が冷えて集中できず、周囲も皆寒そうにしています。周りが見えていない上司に苛立った大輔は、空調を上げることにし、上司に言います。「この部屋、相当寒いようなので、温度を上げておきますね。」,-7.155587196350098,0.011802233755588531
131,寒い,annoyed,boss,超,上司が空調を下げた会議室で、打ち合わせがもう一時間続いています。大輔は手が冷えて集中できず、周囲も皆寒そうにしています。周りが見えていない上司に苛立った大輔は、空調を上げることにし、上司に言います。「この部屋、超寒いようなので、温度を上げておきますね。」,-8.68261432647705,0.0025632139295339584
131,寒い,annoyed,boss,非常に,上司が空調を下げた会議室で、打ち合わせがもう一時間続いています。大輔は手が冷えて集中できず、周囲も皆寒そうにしています。周りが見えていない上司に苛立った大輔は、空調を上げることにし、上司に言います。「この部屋、非常に寒いようなので、温度を上げておきますね。」,-6.535759925842285,0.021935712546110153
131,寒い,annoyed,boss,微妙に,上司が空調を下げた会議室で、打ち合わせがもう一時間続いています。大輔は手が冷えて集中できず、周囲も皆寒そうにしています。周りが見えていない上司に苛立った大輔は、空調を上げることにし、上司に言います。「この部屋、微妙に寒いようなので、温度を上げておきますね。」,-10.202972903847694,0.0005604040925391018
131,寒い,annoyed,boss,普通に,上司が空調を下げた会議室で、打ち合わせがもう一時間続いています。大輔は手が冷えて集中できず、周囲も皆寒そうにしています。周りが見えていない上司に苛立った大輔は、空調を上げることにし、上司に言います。「この部屋、普通に寒いようなので、温度を上げておきますね。」,-9.44005298614502,0.0012018033303320408
131,寒い,annoyed,boss,本当に,上司が空調を下げた会議室で、打ち合わせがもう一時間続いています。大輔は手が冷えて集中できず、周囲も皆寒そうにしています。周りが見えていない上司に苛立った大輔は、空調を上げることにし、上司に言います。「この部屋、本当に寒いようなので、温度を上げておきますね。」,-5.843815565109253,0.04381868243217468
131,寒い,annoyed,boss,全く,上司が空調を下げた会議室で、打ち合わせがもう一時間続いています。大輔は手が冷えて集中できず、周囲も皆寒そうにしています。周りが見えていない上司に苛立った大輔は、空調を上げることにし、上司に言います。「この部屋、全く寒いようなので、温度を上げておきますね。」,-10.631844520568848,0.00036495973472483456
132,寒い,encouraging,boss,あまり,上司が押さえた会場が、思ったより冷える部屋でした。気にしている様子の上司を、大輔が励まします。「ここ、あまり寒くないですよ。人が入ればすぐ気にならなくなると思います。」,-4.506291508674622,0.6285418272018433
132,寒い,encouraging,boss,いまいち,上司が押さえた会場が、思ったより冷える部屋でした。気にしている様子の上司を、大輔が励まします。「ここ、いまいち寒くないですよ。人が入ればすぐ気にならなくなると思います。」,-13.168033123016357,0.00010878957982640713
132,寒い,encouraging,boss,かなり,上司が押さえた会場が、思ったより冷える部屋でした。気にしている様子の上司を、大輔が励まします。「ここ、かなり寒くないですよ。人が入ればすぐ気にならなくなると思います。」,-10.265408754348755,0.0019823547918349504
132,寒い,encouraging,boss,すごく,上司が押さえた会場が、思ったより冷える部屋でした。気にしている様子の上司を、大輔が励まします。「ここ、すごく寒くないですよ。人が入ればすぐ気にならなくなると思います。」,-8.913609743118286,0.007660555187612772
132,寒い,encouraging,boss,そこまで,上司が押さえた会場が、思ったより冷える部屋でした。気にしている様子の上司を、大輔が励まします。「ここ、そこまで寒くないですよ。人が入ればすぐ気にならなくなると思います。」,-8.665601015090942,0.009816779755055904
132,寒い,encouraging,boss,それほど,上司が押さえた会場が、思ったより冷える部屋でした。気にしている様子の上司を、大輔が励まします。「ここ、それほど寒くないですよ。人が入ればすぐ気にならなくなると思います。」,-7.942246675491333,0.020235683768987656
132,寒い,encouraging,boss,そんなに,上司が押さえた会場が、思ったより冷える部屋でした。気にしている様子の上司を、大輔が励まします。「ここ、そんなに寒くないですよ。人が入ればすぐ気にならなくなると思います。」,-5.544026613235474,0.22266480326652527
132,寒い,encouraging,boss,たいして,上司が押さえた会場が、思ったより冷える部屋でした。気にしている様子の上司を、大輔が励まします。「ここ、たいして寒くないですよ。人が入ればすぐ気にならなくなると思います。」,-13.259553968906403,9.927515202434734e-05
132,寒い,encouraging,boss,だいぶ,上司が押さえた会場が、思ったより冷える部屋でした。気にしている様子の上司を、大輔が励まします。「ここ、だいぶ寒くないですよ。人が入ればすぐ気にならなくなると思います。」,-11.691605773987249,0.00047620272380299866
132,寒い,encouraging,boss,ちっとも,上司が押さえた会場が、思ったより冷える部屋でした。気にしている様子の上司を、大輔が励まします。「ここ、ちっとも寒くないですよ。人が入ればすぐ気にならなくなると思います。」,-18.378231182694435,5.940559049122385e-07
132,寒い,encouraging,boss,ちょっと,上司が押さえた会場が、思ったより冷える部屋でした。気にしている様子の上司を、大輔が励まします。「ここ、ちょっと寒くないですよ。人が入ればすぐ気にならなくなると思います。」,-8.565133333206177,0.010854294523596764
132,寒い,encouraging,boss,とても,上司が押さえた会場が、思ったより冷える部屋でした。気にしている様子の上司を、大輔が励まします。「ここ、とても寒くないですよ。人が入ればすぐ気にならなくなると思います。」,-7.699902772903442,0.025784961879253387
132,寒い,encouraging,boss,なかなか,上司が押さえた会場が、思ったより冷える部屋でした。気にしている様子の上司を、大輔が励まします。「ここ、なかなか寒くないですよ。人が入ればすぐ気にならなくなると思います。」,-8.144002199172974,0.01653851568698883
132,寒い,encouraging,boss,（なし）,上司が押さえた会場が、思ったより冷える部屋でした。気にしている様子の上司を、大輔が励まします。「ここ、（なし）寒くないですよ。人が入ればすぐ気にならなくなると思います。」,-32.116652488708496,6.41661365968077e-13
132,寒い,encouraging,boss,ひどく,上司が押さえた会場が、思ったより冷える部屋でした。気にしている様子の上司を、大輔が励まします。「ここ、ひどく寒くないですよ。人が入ればすぐ気にならなくなると思います。」,-15.05684608221054,1.645457450649701e-05
132,寒い,encouraging,boss,まあまあ,上司が押さえた会場が、思ったより冷える部屋でした。気にしている様子の上司を、大輔が励まします。「ここ、まあまあ寒くないですよ。人が入ればすぐ気にならなくなると思います。」,-13.851613998413086,5.491767660714686e-05
132,寒い,encouraging,boss,マジで,上司が押さえた会場が、思ったより冷える部屋でした。気にしている様子の上司を、大輔が励まします。「ここ、マジで寒くないですよ。人が入ればすぐ気にならなくなると思います。」,-14.810129657387733,2.1058813217678107e-05
132,寒い,encouraging,boss,めっちゃ,上司が押さえた会場が、思ったより冷える部屋でした。気にしている様子の上司を、大輔が励まします。「ここ、めっちゃ寒くないですよ。人が入ればすぐ気にならなくなると思います。」,-12.133953336626291,0.00030597278964705765
132,寒い,encouraging,boss,やや,上司が押さえた会場が、思ったより冷える部屋でした。気にしている様子の上司を、大輔が励まします。「ここ、やや寒くないですよ。人が入ればすぐ気にならなくなると思います。」,-14.865043878555298,1.9933577277697623e-05
132,寒い,encouraging,boss,結構,上司が押さえた会場が、思ったより冷える部屋でした。気にしている様子の上司を、大輔が励まします。「ここ、結構寒くないですよ。人が入ればすぐ気にならなくなると思います。」,-10.542947053909302,0.0015019243583083153
132,寒い,encouraging,boss,若干,上司が押さえた会場が、思ったより冷える部屋でした。気にしている様子の上司を、大輔が励まします。「ここ、若干寒くないですよ。人が入ればすぐ気にならなくなると思います。」,-14.929558992385864,1.8688166164793074e-05
132,寒い,encouraging,boss,少し,上司が押さえた会場が、思ったより冷える部屋でした。気にしている様子の上司を、大輔が励まします。「ここ、少し寒くないですよ。人が入ればすぐ気にならなくなると思います。」,-10.950669527053833,0.0009990251855924726
132,寒い,encouraging,boss,少しも,上司が押さえた会場が、思ったより冷える部屋でした。気にしている様子の上司を、大輔が励まします。「ここ、少しも寒くないですよ。人が入ればすぐ気にならなくなると思います。」,-13.133312106132507,0.00011263325723120943
132,寒い,encouraging,boss,全然,上司が押さえた会場が、思ったより冷える部屋でした。気にしている様子の上司を、大輔が励まします。「ここ、全然寒くないですよ。人が入ればすぐ気にならなくなると思います。」,-7.442036867141724,0.0333700031042099
132,寒い,encouraging,boss,相当,上司が押さえた会場が、思ったより冷える部屋でした。気にしている様子の上司を、大輔が励まします。「ここ、相当寒くないですよ。人が入ればすぐ気にならなくなると思います。」,-10.844788789749146,0.0011106055462732911
132,寒い,encouraging,boss,超,上司が押さえた会場が、思ったより冷える部屋でした。気にしている様子の上司を、大輔が励まします。「ここ、超寒くないですよ。人が入ればすぐ気にならなくなると思います。」,-11.879067659378052,0.000394800998037681
132,寒い,encouraging,boss,非常に,上司が押さえた会場が、思ったより冷える部屋でした。気にしている様子の上司を、大輔が励まします。「ここ、非常に寒くないですよ。人が入ればすぐ気にならなくなると思います。」,-11.29485821723938,0.0007081042276695371
132,寒い,encouraging,boss,微妙に,上司が押さえた会場が、思ったより冷える部屋でした。気にしている様子の上司を、大輔が励まします。「ここ、微妙に寒くないですよ。人が入ればすぐ気にならなくなると思います。」,-13.897144325077534,5.247332592261955e-05
132,寒い,encouraging,boss,普通に,上司が押さえた会場が、思ったより冷える部屋でした。気にしている様子の上司を、大輔が励まします。「ここ、普通に寒くないですよ。人が入ればすぐ気にならなくなると思います。」,-12.681775331497192,0.00017691584071144462
132,寒い,encouraging,boss,本当に,上司が押さえた会場が、思ったより冷える部屋でした。気にしている様子の上司を、大輔が励まします。「ここ、本当に寒くないですよ。人が入ればすぐ気にならなくなると思います。」,-8.296685457229614,0.014196689240634441
132,寒い,encouraging,boss,全く,上司が押さえた会場が、思ったより冷える部屋でした。気にしている様子の上司を、大輔が励まします。「ここ、全く寒くないですよ。人が入ればすぐ気にならなくなると思います。」,-10.17250943183899,0.002175339497625828
133,寒い,warning,stranger,あまり,カフェの店員が、外に出したテラス席の配置を大輔に見せて感想を聞いてきます。大輔は力になりたいと思い、遠慮がちに指摘します。「その席、風が通ってあまり寒いと思います。壁側に寄せられてはいかがでしょうか？」,-9.793381214141846,0.033379629254341125
133,寒い,warning,stranger,いまいち,カフェの店員が、外に出したテラス席の配置を大輔に見せて感想を聞いてきます。大輔は力になりたいと思い、遠慮がちに指摘します。「その席、風が通っていまいち寒いと思います。壁側に寄せられてはいかがでしょうか？」,-14.120104789733887,0.0004409701214171946
133,寒い,warning,stranger,かなり,カフェの店員が、外に出したテラス席の配置を大輔に見せて感想を聞いてきます。大輔は力になりたいと思い、遠慮がちに指摘します。「その席、風が通ってかなり寒いと思います。壁側に寄せられてはいかがでしょうか？」,-8.64839220046997,0.10489238053560257
133,寒い,warning,stranger,すごく,カフェの店員が、外に出したテラス席の配置を大輔に見せて感想を聞いてきます。大輔は力になりたいと思い、遠慮がちに指摘します。「その席、風が通ってすごく寒いと思います。壁側に寄せられてはいかがでしょうか？」,-9.658627033233643,0.03819482773542404
133,寒い,warning,stranger,そこまで,カフェの店員が、外に出したテラス席の配置を大輔に見せて感想を聞いてきます。大輔は力になりたいと思い、遠慮がちに指摘します。「その席、風が通ってそこまで寒いと思います。壁側に寄せられてはいかがでしょうか？」,-14.526577949523926,0.00029368390096351504
133,寒い,warning,stranger,それほど,カフェの店員が、外に出したテラス席の配置を大輔に見せて感想を聞いてきます。大輔は力になりたいと思い、遠慮がちに指摘します。「その席、風が通ってそれほど寒いと思います。壁側に寄せられてはいかがでしょうか？」,-13.123463153839111,0.001194662763737142
133,寒い,warning,stranger,そんなに,カフェの店員が、外に出したテラス席の配置を大輔に見せて感想を聞いてきます。大輔は力になりたいと思い、遠慮がちに指摘します。「その席、風が通ってそんなに寒いと思います。壁側に寄せられてはいかがでしょうか？」,-12.899303913116455,0.0014948459574952722
133,寒い,warning,stranger,たいして,カフェの店員が、外に出したテラス席の配置を大輔に見せて感想を聞いてきます。大輔は力になりたいと思い、遠慮がちに指摘します。「その席、風が通ってたいして寒いと思います。壁側に寄せられてはいかがでしょうか？」,-16.839974880218506,2.9052544050500728e-05
133,寒い,warning,stranger,だいぶ,カフェの店員が、外に出したテラス席の配置を大輔に見せて感想を聞いてきます。大輔は力になりたいと思い、遠慮がちに指摘します。「その席、風が通ってだいぶ寒いと思います。壁側に寄せられてはいかがでしょうか？」,-14.33314692787826,0.0003563576319720596
133,寒い,warning,stranger,ちっとも,カフェの店員が、外に出したテラス席の配置を大輔に見せて感想を聞いてきます。大輔は力になりたいと思い、遠慮がちに指摘します。「その席、風が通ってちっとも寒いと思います。壁側に寄せられてはいかがでしょうか？」,-21.90347146987915,1.8371133592154365e-07
133,寒い,warning,stranger,ちょっと,カフェの店員が、外に出したテラス席の配置を大輔に見せて感想を聞いてきます。大輔は力になりたいと思い、遠慮がちに指摘します。「その席、風が通ってちょっと寒いと思います。壁側に寄せられてはいかがでしょうか？」,-9.195583820343018,0.0606878362596035
133,寒い,warning,stranger,とても,カフェの店員が、外に出したテラス席の配置を大輔に見せて感想を聞いてきます。大輔は力になりたいと思い、遠慮がちに指摘します。「その席、風が通ってとても寒いと思います。壁側に寄せられてはいかがでしょうか？」,-7.2533193826675415,0.42326876521110535
133,寒い,warning,stranger,なかなか,カフェの店員が、外に出したテラス席の配置を大輔に見せて感想を聞いてきます。大輔は力になりたいと思い、遠慮がちに指摘します。「その席、風が通ってなかなか寒いと思います。壁側に寄せられてはいかがでしょうか？」,-9.948879718780518,0.028572576120495796
133,寒い,warning,stranger,（なし）,カフェの店員が、外に出したテラス席の配置を大輔に見せて感想を聞いてきます。大輔は力になりたいと思い、遠慮がちに指摘します。「その席、風が通って（なし）寒いと思います。壁側に寄せられてはいかがでしょうか？」,-28.08358383178711,3.803181380934717e-10
133,寒い,warning,stranger,ひどく,カフェの店員が、外に出したテラス席の配置を大輔に見せて感想を聞いてきます。大輔は力になりたいと思い、遠慮がちに指摘します。「その席、風が通ってひどく寒いと思います。壁側に寄せられてはいかがでしょうか？」,-14.115864604711533,0.00044284379691816866
133,寒い,warning,stranger,まあまあ,カフェの店員が、外に出したテラス席の配置を大輔に見せて感想を聞いてきます。大輔は力になりたいと思い、遠慮がちに指摘します。「その席、風が通ってまあまあ寒いと思います。壁側に寄せられてはいかがでしょうか？」,-14.017691791057587,0.000488524790853262
133,寒い,warning,stranger,マジで,カフェの店員が、外に出したテラス席の配置を大輔に見せて感想を聞いてきます。大輔は力になりたいと思い、遠慮がちに指摘します。「その席、風が通ってマジで寒いと思います。壁側に寄せられてはいかがでしょうか？」,-16.72317250072956,3.2652071240590885e-05
133,寒い,warning,stranger,めっちゃ,カフェの店員が、外に出したテラス席の配置を大輔に見せて感想を聞いてきます。大輔は力になりたいと思い、遠慮がちに指摘します。「その席、風が通ってめっちゃ寒いと思います。壁側に寄せられてはいかがでしょうか？」,-11.843323320150375,0.004297368694096804
133,寒い,warning,stranger,やや,カフェの店員が、外に出したテラス席の配置を大輔に見せて感想を聞いてきます。大輔は力になりたいと思い、遠慮がちに指摘します。「その席、風が通ってやや寒いと思います。壁側に寄せられてはいかがでしょうか？」,-12.643709659576416,0.0019301880383864045
133,寒い,warning,stranger,結構,カフェの店員が、外に出したテラス席の配置を大輔に見せて感想を聞いてきます。大輔は力になりたいと思い、遠慮がちに指摘します。「その席、風が通って結構寒いと思います。壁側に寄せられてはいかがでしょうか？」,-9.933136463165283,0.029025962576270103
133,寒い,warning,stranger,若干,カフェの店員が、外に出したテラス席の配置を大輔に見せて感想を聞いてきます。大輔は力になりたいと思い、遠慮がちに指摘します。「その席、風が通って若干寒いと思います。壁側に寄せられてはいかがでしょうか？」,-11.79026460647583,0.004531543236225843
133,寒い,warning,stranger,少し,カフェの店員が、外に出したテラス席の配置を大輔に見せて感想を聞いてきます。大輔は力になりたいと思い、遠慮がちに指摘します。「その席、風が通って少し寒いと思います。壁側に寄せられてはいかがでしょうか？」,-8.260971546173096,0.15452493727207184
133,寒い,warning,stranger,少しも,カフェの店員が、外に出したテラス席の配置を大輔に見せて感想を聞いてきます。大輔は力になりたいと思い、遠慮がちに指摘します。「その席、風が通って少しも寒いと思います。壁側に寄せられてはいかがでしょうか？」,-14.087299823760986,0.00045567622873932123
133,寒い,warning,stranger,全然,カフェの店員が、外に出したテラス席の配置を大輔に見せて感想を聞いてきます。大輔は力になりたいと思い、遠慮がちに指摘します。「その席、風が通って全然寒いと思います。壁側に寄せられてはいかがでしょうか？」,-13.381222248077393,0.0009232131415046751
133,寒い,warning,stranger,相当,カフェの店員が、外に出したテラス席の配置を大輔に見せて感想を聞いてきます。大輔は力になりたいと思い、遠慮がちに指摘します。「その席、風が通って相当寒いと思います。壁側に寄せられてはいかがでしょうか？」,-11.213486194610596,0.008067477494478226
133,寒い,warning,stranger,超,カフェの店員が、外に出したテラス席の配置を大輔に見せて感想を聞いてきます。大輔は力になりたいと思い、遠慮がちに指摘します。「その席、風が通って超寒いと思います。壁側に寄せられてはいかがでしょうか？」,-13.66730546951294,0.0006935177952982485
133,寒い,warning,stranger,非常に,カフェの店員が、外に出したテラス席の配置を大輔に見せて感想を聞いてきます。大輔は力になりたいと思い、遠慮がちに指摘します。「その席、風が通って非常に寒いと思います。壁側に寄せられてはいかがでしょうか？」,-8.841480731964111,0.0864742174744606
133,寒い,warning,stranger,微妙に,カフェの店員が、外に出したテラス席の配置を大輔に見せて感想を聞いてきます。大輔は力になりたいと思い、遠慮がちに指摘します。「その席、風が通って微妙に寒いと思います。壁側に寄せられてはいかがでしょうか？」,-12.224054589867592,0.002936658216640353
133,寒い,warning,stranger,普通に,カフェの店員が、外に出したテラス席の配置を大輔に見せて感想を聞いてきます。大輔は力になりたいと思い、遠慮がちに指摘します。「その席、風が通って普通に寒いと思います。壁側に寄せられてはいかがでしょうか？」,-14.103215217590332,0.00044848115066997707
133,寒い,warning,stranger,本当に,カフェの店員が、外に出したテラス席の配置を大輔に見せて感想を聞いてきます。大輔は力になりたいと思い、遠慮がちに指摘します。「その席、風が通って本当に寒いと思います。壁側に寄せられてはいかがでしょうか？」,-10.864185810089111,0.011440289206802845
133,寒い,warning,stranger,全く,カフェの店員が、外に出したテラス席の配置を大輔に見せて感想を聞いてきます。大輔は力になりたいと思い、遠慮がちに指摘します。「その席、風が通って全く寒いと思います。壁側に寄せられてはいかがでしょうか？」,-14.033879280090332,0.0004806803772225976
134,寒い,non-committal,stranger,あまり,店の入口で、隣にいた客にテラスと室内のどちらがいいか聞かれます。自分の意見を押し付けたくない大輔は、慎重に答えます。「テラスは、今日はあまり寒いみたいですけど、景色がいいですよ。」,-11.016005039215088,0.003677756991237402
134,寒い,non-committal,stranger,いまいち,店の入口で、隣にいた客にテラスと室内のどちらがいいか聞かれます。自分の意見を押し付けたくない大輔は、慎重に答えます。「テラスは、今日はいまいち寒いみたいですけど、景色がいいですよ。」,-16.175349950790405,2.1130388631718233e-05
134,寒い,non-committal,stranger,かなり,店の入口で、隣にいた客にテラスと室内のどちらがいいか聞かれます。自分の意見を押し付けたくない大輔は、慎重に答えます。「テラスは、今日はかなり寒いみたいですけど、景色がいいですよ。」,-8.240801334381104,0.058998189866542816
134,寒い,non-committal,stranger,すごく,店の入口で、隣にいた客にテラスと室内のどちらがいいか聞かれます。自分の意見を押し付けたくない大輔は、慎重に答えます。「テラスは、今日はすごく寒いみたいですけど、景色がいいですよ。」,-8.39773416519165,0.05042937770485878
134,寒い,non-committal,stranger,そこまで,店の入口で、隣にいた客にテラスと室内のどちらがいいか聞かれます。自分の意見を押し付けたくない大輔は、慎重に答えます。「テラスは、今日はそこまで寒いみたいですけど、景色がいいですよ。」,-14.86263132095337,7.852613634895533e-05
134,寒い,non-committal,stranger,それほど,店の入口で、隣にいた客にテラスと室内のどちらがいいか聞かれます。自分の意見を押し付けたくない大輔は、慎重に答えます。「テラスは、今日はそれほど寒いみたいですけど、景色がいいですよ。」,-13.544329166412354,0.00029345788061618805
134,寒い,non-committal,stranger,そんなに,店の入口で、隣にいた客にテラスと室内のどちらがいいか聞かれます。自分の意見を押し付けたくない大輔は、慎重に答えます。「テラスは、今日はそんなに寒いみたいですけど、景色がいいですよ。」,-13.414705753326416,0.0003340723633300513
134,寒い,non-committal,stranger,たいして,店の入口で、隣にいた客にテラスと室内のどちらがいいか聞かれます。自分の意見を押し付けたくない大輔は、慎重に答えます。「テラスは、今日はたいして寒いみたいですけど、景色がいいですよ。」,-14.763391375541687,8.671881369082257e-05
134,寒い,non-committal,stranger,だいぶ,店の入口で、隣にいた客にテラスと室内のどちらがいいか聞かれます。自分の意見を押し付けたくない大輔は、慎重に答えます。「テラスは、今日はだいぶ寒いみたいですけど、景色がいいですよ。」,-13.294894545455463,0.0003765943692997098
134,寒い,non-committal,stranger,ちっとも,店の入口で、隣にいた客にテラスと室内のどちらがいいか聞かれます。自分の意見を押し付けたくない大輔は、慎重に答えます。「テラスは、今日はちっとも寒いみたいですけど、景色がいいですよ。」,-20.077362716197968,4.268597990630951e-07
134,寒い,non-committal,stranger,ちょっと,店の入口で、隣にいた客にテラスと室内のどちらがいいか聞かれます。自分の意見を押し付けたくない大輔は、慎重に答えます。「テラスは、今日はちょっと寒いみたいですけど、景色がいいですよ。」,-6.200685977935791,0.45378413796424866
134,寒い,non-committal,stranger,とても,店の入口で、隣にいた客にテラスと室内のどちらがいいか聞かれます。自分の意見を押し付けたくない大輔は、慎重に答えます。「テラスは、今日はとても寒いみたいですけど、景色がいいですよ。」,-8.093504428863525,0.0683610737323761
134,寒い,non-committal,stranger,なかなか,店の入口で、隣にいた客にテラスと室内のどちらがいいか聞かれます。自分の意見を押し付けたくない大輔は、慎重に答えます。「テラスは、今日はなかなか寒いみたいですけど、景色がいいですよ。」,-11.001074314117432,0.003733080578967929
134,寒い,non-committal,stranger,（なし）,店の入口で、隣にいた客にテラスと室内のどちらがいいか聞かれます。自分の意見を押し付けたくない大輔は、慎重に答えます。「テラスは、今日は（なし）寒いみたいですけど、景色がいいですよ。」,-30.611165046691895,1.1363526439267524e-11
134,寒い,non-committal,stranger,ひどく,店の入口で、隣にいた客にテラスと室内のどちらがいいか聞かれます。自分の意見を押し付けたくない大輔は、慎重に答えます。「テラスは、今日はひどく寒いみたいですけど、景色がいいですよ。」,-14.209747448563576,0.0001508543937234208
134,寒い,non-committal,stranger,まあまあ,店の入口で、隣にいた客にテラスと室内のどちらがいいか聞かれます。自分の意見を押し付けたくない大輔は、慎重に答えます。「テラスは、今日はまあまあ寒いみたいですけど、景色がいいですよ。」,-12.700782164931297,0.0006821714341640472
134,寒い,non-committal,stranger,マジで,店の入口で、隣にいた客にテラスと室内のどちらがいいか聞かれます。自分の意見を押し付けたくない大輔は、慎重に答えます。「テラスは、今日はマジで寒いみたいですけど、景色がいいですよ。」,-15.007565081119537,6.793135980842635e-05
134,寒い,non-committal,stranger,めっちゃ,店の入口で、隣にいた客にテラスと室内のどちらがいいか聞かれます。自分の意見を押し付けたくない大輔は、慎重に答えます。「テラスは、今日はめっちゃ寒いみたいですけど、景色がいいですよ。」,-11.201685182750225,0.003054520580917597
134,寒い,non-committal,stranger,やや,店の入口で、隣にいた客にテラスと室内のどちらがいいか聞かれます。自分の意見を押し付けたくない大輔は、慎重に答えます。「テラスは、今日はやや寒いみたいですけど、景色がいいですよ。」,-11.8671173453331,0.0015701806405559182
134,寒い,non-committal,stranger,結構,店の入口で、隣にいた客にテラスと室内のどちらがいいか聞かれます。自分の意見を押し付けたくない大輔は、慎重に答えます。「テラスは、今日は結構寒いみたいですけど、景色がいいですよ。」,-9.01851511001587,0.02710702456533909
134,寒い,non-committal,stranger,若干,店の入口で、隣にいた客にテラスと室内のどちらがいいか聞かれます。自分の意見を押し付けたくない大輔は、慎重に答えます。「テラスは、今日は若干寒いみたいですけど、景色がいいですよ。」,-10.177290439605713,0.008508090861141682
134,寒い,non-committal,stranger,少し,店の入口で、隣にいた客にテラスと室内のどちらがいいか聞かれます。自分の意見を押し付けたくない大輔は、慎重に答えます。「テラスは、今日は少し寒いみたいですけど、景色がいいですよ。」,-6.630190372467041,0.295337051153183
134,寒い,non-committal,stranger,少しも,店の入口で、隣にいた客にテラスと室内のどちらがいいか聞かれます。自分の意見を押し付けたくない大輔は、慎重に答えます。「テラスは、今日は少しも寒いみたいですけど、景色がいいですよ。」,-13.154322862625122,0.00043343432480469346
134,寒い,non-committal,stranger,全然,店の入口で、隣にいた客にテラスと室内のどちらがいいか聞かれます。自分の意見を押し付けたくない大輔は、慎重に答えます。「テラスは、今日は全然寒いみたいですけど、景色がいいですよ。」,-12.540075778961182,0.0008011014433577657
134,寒い,non-committal,stranger,相当,店の入口で、隣にいた客にテラスと室内のどちらがいいか聞かれます。自分の意見を押し付けたくない大輔は、慎重に答えます。「テラスは、今日は相当寒いみたいですけど、景色がいいですよ。」,-10.709265232086182,0.004998025018721819
134,寒い,non-committal,stranger,超,店の入口で、隣にいた客にテラスと室内のどちらがいいか聞かれます。自分の意見を押し付けたくない大輔は、慎重に答えます。「テラスは、今日は超寒いみたいですけど、景色がいいですよ。」,-12.270559787750244,0.001048906589858234
134,寒い,non-committal,stranger,非常に,店の入口で、隣にいた客にテラスと室内のどちらがいいか聞かれます。自分の意見を押し付けたくない大輔は、慎重に答えます。「テラスは、今日は非常に寒いみたいですけど、景色がいいですよ。」,-10.87401819229126,0.004238841123878956
134,寒い,non-committal,stranger,微妙に,店の入口で、隣にいた客にテラスと室内のどちらがいいか聞かれます。自分の意見を押し付けたくない大輔は、慎重に答えます。「テラスは、今日は微妙に寒いみたいですけど、景色がいいですよ。」,-11.674831919372082,0.0019030830590054393
134,寒い,non-committal,stranger,普通に,店の入口で、隣にいた客にテラスと室内のどちらがいいか聞かれます。自分の意見を押し付けたくない大輔は、慎重に答えます。「テラスは、今日は普通に寒いみたいですけど、景色がいいですよ。」,-12.735987186431885,0.0006585735245607793
134,寒い,non-committal,stranger,本当に,店の入口で、隣にいた客にテラスと室内のどちらがいいか聞かれます。自分の意見を押し付けたくない大輔は、慎重に答えます。「テラスは、今日は本当に寒いみたいですけど、景色がいいですよ。」,-10.095640659332275,0.009231923148036003
134,寒い,non-committal,stranger,全く,店の入口で、隣にいた客にテラスと室内のどちらがいいか聞かれます。自分の意見を押し付けたくない大輔は、慎重に答えます。「テラスは、今日は全く寒いみたいですけど、景色がいいですよ。」,-15.706949710845947,3.375448068254627e-05
135,寒い,acknowledge,stranger,あまり,大輔が薄いから寒いだろうと決めつけていたコートを、店員が絶対暖かいと勧めます。大輔は半信半疑で買って着てきました。しかし、店員の言った通りに暖かかったです。後日、勧めてもらったことについて感謝します。「外、あまり寒くありませんでした。勧めていただいてありがとうございます。」,-3.9323559999465942,0.5312111377716064
135,寒い,acknowledge,stranger,いまいち,大輔が薄いから寒いだろうと決めつけていたコートを、店員が絶対暖かいと勧めます。大輔は半信半疑で買って着てきました。しかし、店員の言った通りに暖かかったです。後日、勧めてもらったことについて感謝します。「外、いまいち寒くありませんでした。勧めていただいてありがとうございます。」,-14.519442796707153,1.3407686310529243e-05
135,寒い,acknowledge,stranger,かなり,大輔が薄いから寒いだろうと決めつけていたコートを、店員が絶対暖かいと勧めます。大輔は半信半疑で買って着てきました。しかし、店員の言った通りに暖かかったです。後日、勧めてもらったことについて感謝します。「外、かなり寒くありませんでした。勧めていただいてありがとうございます。」,-9.854673385620117,0.0014231062959879637
135,寒い,acknowledge,stranger,すごく,大輔が薄いから寒いだろうと決めつけていたコートを、店員が絶対暖かいと勧めます。大輔は半信半疑で買って着てきました。しかし、店員の言った通りに暖かかったです。後日、勧めてもらったことについて感謝します。「外、すごく寒くありませんでした。勧めていただいてありがとうございます。」,-8.632635116577148,0.004830163437873125
135,寒い,acknowledge,stranger,そこまで,大輔が薄いから寒いだろうと決めつけていたコートを、店員が絶対暖かいと勧めます。大輔は半信半疑で買って着てきました。しかし、店員の言った通りに暖かかったです。後日、勧めてもらったことについて感謝します。「外、そこまで寒くありませんでした。勧めていただいてありがとうございます。」,-7.773305892944336,0.011406798847019672
135,寒い,acknowledge,stranger,それほど,大輔が薄いから寒いだろうと決めつけていたコートを、店員が絶対暖かいと勧めます。大輔は半信半疑で買って着てきました。しかし、店員の言った通りに暖かかったです。後日、勧めてもらったことについて感謝します。「外、それほど寒くありませんでした。勧めていただいてありがとうございます。」,-5.730878829956055,0.08793840557336807
135,寒い,acknowledge,stranger,そんなに,大輔が薄いから寒いだろうと決めつけていたコートを、店員が絶対暖かいと勧めます。大輔は半信半疑で買って着てきました。しかし、店員の言った通りに暖かかったです。後日、勧めてもらったことについて感謝します。「外、そんなに寒くありませんでした。勧めていただいてありがとうございます。」,-5.001436233520508,0.18237759172916412
135,寒い,acknowledge,stranger,たいして,大輔が薄いから寒いだろうと決めつけていたコートを、店員が絶対暖かいと勧めます。大輔は半信半疑で買って着てきました。しかし、店員の言った通りに暖かかったです。後日、勧めてもらったことについて感謝します。「外、たいして寒くありませんでした。勧めていただいてありがとうございます。」,-11.652905941009521,0.000235653918934986
135,寒い,acknowledge,stranger,だいぶ,大輔が薄いから寒いだろうと決めつけていたコートを、店員が絶対暖かいと勧めます。大輔は半信半疑で買って着てきました。しかし、店員の言った通りに暖かかったです。後日、勧めてもらったことについて感謝します。「外、だいぶ寒くありませんでした。勧めていただいてありがとうございます。」,-9.515229182783514,0.0019982787780463696
135,寒い,acknowledge,stranger,ちっとも,大輔が薄いから寒いだろうと決めつけていたコートを、店員が絶対暖かいと勧めます。大輔は半信半疑で買って着てきました。しかし、店員の言った通りに暖かかったです。後日、勧めてもらったことについて感謝します。「外、ちっとも寒くありませんでした。勧めていただいてありがとうございます。」,-16.31546378135681,2.2251108475757064e-06
135,寒い,acknowledge,stranger,ちょっと,大輔が薄いから寒いだろうと決めつけていたコートを、店員が絶対暖かいと勧めます。大輔は半信半疑で買って着てきました。しかし、店員の言った通りに暖かかったです。後日、勧めてもらったことについて感謝します。「外、ちょっと寒くありませんでした。勧めていただいてありがとうございます。」,-9.146566390991211,0.002889111638069153
135,寒い,acknowledge,stranger,とても,大輔が薄いから寒いだろうと決めつけていたコートを、店員が絶対暖かいと勧めます。大輔は半信半疑で買って着てきました。しかし、店員の言った通りに暖かかったです。後日、勧めてもらったことについて感謝します。「外、とても寒くありませんでした。勧めていただいてありがとうございます。」,-5.894182205200195,0.07468903064727783
135,寒い,acknowledge,stranger,なかなか,大輔が薄いから寒いだろうと決めつけていたコートを、店員が絶対暖かいと勧めます。大輔は半信半疑で買って着てきました。しかし、店員の言った通りに暖かかったです。後日、勧めてもらったことについて感謝します。「外、なかなか寒くありませんでした。勧めていただいてありがとうございます。」,-8.239282608032227,0.007158016320317984
135,寒い,acknowledge,stranger,（なし）,大輔が薄いから寒いだろうと決めつけていたコートを、店員が絶対暖かいと勧めます。大輔は半信半疑で買って着てきました。しかし、店員の言った通りに暖かかったです。後日、勧めてもらったことについて感謝します。「外、（なし）寒くありませんでした。勧めていただいてありがとうございます。」,-22.103291511535645,6.819154130255356e-09
135,寒い,acknowledge,stranger,ひどく,大輔が薄いから寒いだろうと決めつけていたコートを、店員が絶対暖かいと勧めます。大輔は半信半疑で買って着てきました。しかし、店員の言った通りに暖かかったです。後日、勧めてもらったことについて感謝します。「外、ひどく寒くありませんでした。勧めていただいてありがとうございます。」,-12.658517509698868,8.620713197160512e-05
135,寒い,acknowledge,stranger,まあまあ,大輔が薄いから寒いだろうと決めつけていたコートを、店員が絶対暖かいと勧めます。大輔は半信半疑で買って着てきました。しかし、店員の言った通りに暖かかったです。後日、勧めてもらったことについて感謝します。「外、まあまあ寒くありませんでした。勧めていただいてありがとうございます。」,-11.655894756317139,0.00023495065397582948
135,寒い,acknowledge,stranger,マジで,大輔が薄いから寒いだろうと決めつけていたコートを、店員が絶対暖かいと勧めます。大輔は半信半疑で買って着てきました。しかし、店員の言った通りに暖かかったです。後日、勧めてもらったことについて感謝します。「外、マジで寒くありませんでした。勧めていただいてありがとうございます。」,-13.033379331231117,5.925742880208418e-05
135,寒い,acknowledge,stranger,めっちゃ,大輔が薄いから寒いだろうと決めつけていたコートを、店員が絶対暖かいと勧めます。大輔は半信半疑で買って着てきました。しかし、店員の言った通りに暖かかったです。後日、勧めてもらったことについて感謝します。「外、めっちゃ寒くありませんでした。勧めていただいてありがとうございます。」,-12.75349546968937,7.839620957383886e-05
135,寒い,acknowledge,stranger,やや,大輔が薄いから寒いだろうと決めつけていたコートを、店員が絶対暖かいと勧めます。大輔は半信半疑で買って着てきました。しかし、店員の言った通りに暖かかったです。後日、勧めてもらったことについて感謝します。「外、やや寒くありませんでした。勧めていただいてありがとうございます。」,-11.330703675746918,0.00032524115522392094
135,寒い,acknowledge,stranger,結構,大輔が薄いから寒いだろうと決めつけていたコートを、店員が絶対暖かいと勧めます。大輔は半信半疑で買って着てきました。しかし、店員の言った通りに暖かかったです。後日、勧めてもらったことについて感謝します。「外、結構寒くありませんでした。勧めていただいてありがとうございます。」,-11.912352085113525,0.000181802170118317
135,寒い,acknowledge,stranger,若干,大輔が薄いから寒いだろうと決めつけていたコートを、店員が絶対暖かいと勧めます。大輔は半信半疑で買って着てきました。しかし、店員の言った通りに暖かかったです。後日、勧めてもらったことについて感謝します。「外、若干寒くありませんでした。勧めていただいてありがとうございます。」,-13.480444431304932,3.789529000641778e-05
135,寒い,acknowledge,stranger,少し,大輔が薄いから寒いだろうと決めつけていたコートを、店員が絶対暖かいと勧めます。大輔は半信半疑で買って着てきました。しかし、店員の言った通りに暖かかったです。後日、勧めてもらったことについて感謝します。「外、少し寒くありませんでした。勧めていただいてありがとうございます。」,-9.582738876342773,0.0018678285414353013
135,寒い,acknowledge,stranger,少しも,大輔が薄いから寒いだろうと決めつけていたコートを、店員が絶対暖かいと勧めます。大輔は半信半疑で買って着てきました。しかし、店員の言った通りに暖かかったです。後日、勧めてもらったことについて感謝します。「外、少しも寒くありませんでした。勧めていただいてありがとうございます。」,-11.096148431301117,0.00041121747926808894
135,寒い,acknowledge,stranger,全然,大輔が薄いから寒いだろうと決めつけていたコートを、店員が絶対暖かいと勧めます。大輔は半信半疑で買って着てきました。しかし、店員の言った通りに暖かかったです。後日、勧めてもらったことについて感謝します。「外、全然寒くありませんでした。勧めていただいてありがとうございます。」,-6.76396369934082,0.031297922134399414
135,寒い,acknowledge,stranger,相当,大輔が薄いから寒いだろうと決めつけていたコートを、店員が絶対暖かいと勧めます。大輔は半信半疑で買って着てきました。しかし、店員の言った通りに暖かかったです。後日、勧めてもらったことについて感謝します。「外、相当寒くありませんでした。勧めていただいてありがとうございます。」,-10.041872024536133,0.0011801521759480238
135,寒い,acknowledge,stranger,超,大輔が薄いから寒いだろうと決めつけていたコートを、店員が絶対暖かいと勧めます。大輔は半信半疑で買って着てきました。しかし、店員の言った通りに暖かかったです。後日、勧めてもらったことについて感謝します。「外、超寒くありませんでした。勧めていただいてありがとうございます。」,-10.753232955932617,0.0005794258904643357
135,寒い,acknowledge,stranger,非常に,大輔が薄いから寒いだろうと決めつけていたコートを、店員が絶対暖かいと勧めます。大輔は半信半疑で買って着てきました。しかし、店員の言った通りに暖かかったです。後日、勧めてもらったことについて感謝します。「外、非常に寒くありませんでした。勧めていただいてありがとうございます。」,-9.404817581176758,0.0022315531969070435
135,寒い,acknowledge,stranger,微妙に,大輔が薄いから寒いだろうと決めつけていたコートを、店員が絶対暖かいと勧めます。大輔は半信半疑で買って着てきました。しかし、店員の言った通りに暖かかったです。後日、勧めてもらったことについて感謝します。「外、微妙に寒くありませんでした。勧めていただいてありがとうございます。」,-13.67957317084074,3.1053070415509865e-05
135,寒い,acknowledge,stranger,普通に,大輔が薄いから寒いだろうと決めつけていたコートを、店員が絶対暖かいと勧めます。大輔は半信半疑で買って着てきました。しかし、店員の言った通りに暖かかったです。後日、勧めてもらったことについて感謝します。「外、普通に寒くありませんでした。勧めていただいてありがとうございます。」,-11.721315860748291,0.00022007212101016194
135,寒い,acknowledge,stranger,本当に,大輔が薄いから寒いだろうと決めつけていたコートを、店員が絶対暖かいと勧めます。大輔は半信半疑で買って着てきました。しかし、店員の言った通りに暖かかったです。後日、勧めてもらったことについて感謝します。「外、本当に寒くありませんでした。勧めていただいてありがとうございます。」,-6.658391952514648,0.03478281572461128
135,寒い,acknowledge,stranger,全く,大輔が薄いから寒いだろうと決めつけていたコートを、店員が絶対暖かいと勧めます。大輔は半信半疑で買って着てきました。しかし、店員の言った通りに暖かかったです。後日、勧めてもらったことについて感謝します。「外、全く寒くありませんでした。勧めていただいてありがとうございます。」,-7.200780868530273,0.02022126130759716
136,寒い,neutral-positive,stranger,あまり,店の入口で、これから入る客に、店内がどれくらい寒いか聞かれ、大輔は答えます。「店内、あまり寒くないです。」,-3.216777801513672,0.32622918486595154
136,寒い,neutral-positive,stranger,いまいち,店の入口で、これから入る客に、店内がどれくらい寒いか聞かれ、大輔は答えます。「店内、いまいち寒くないです。」,-9.441862106323242,0.0006456587580032647
136,寒い,neutral-positive,stranger,かなり,店の入口で、これから入る客に、店内がどれくらい寒いか聞かれ、大輔は答えます。「店内、かなり寒くないです。」,-8.769992589950562,0.001264131278730929
136,寒い,neutral-positive,stranger,すごく,店の入口で、これから入る客に、店内がどれくらい寒いか聞かれ、大輔は答えます。「店内、すごく寒くないです。」,-7.373454809188843,0.005108587443828583
136,寒い,neutral-positive,stranger,そこまで,店の入口で、これから入る客に、店内がどれくらい寒いか聞かれ、大輔は答えます。「店内、そこまで寒くないです。」,-6.551856756210327,0.011617597192525864
136,寒い,neutral-positive,stranger,それほど,店の入口で、これから入る客に、店内がどれくらい寒いか聞かれ、大輔は答えます。「店内、それほど寒くないです。」,-4.687614440917969,0.07494567334651947
136,寒い,neutral-positive,stranger,そんなに,店の入口で、これから入る客に、店内がどれくらい寒いか聞かれ、大輔は答えます。「店内、そんなに寒くないです。」,-2.9093093872070312,0.44366446137428284
136,寒い,neutral-positive,stranger,たいして,店の入口で、これから入る客に、店内がどれくらい寒いか聞かれ、大輔は答えます。「店内、たいして寒くないです。」,-10.240778625011444,0.00029042758978903294
136,寒い,neutral-positive,stranger,だいぶ,店の入口で、これから入る客に、店内がどれくらい寒いか聞かれ、大輔は答えます。「店内、だいぶ寒くないです。」,-9.084510533837602,0.0009229937568306923
136,寒い,neutral-positive,stranger,ちっとも,店の入口で、これから入る客に、店内がどれくらい寒いか聞かれ、大輔は答えます。「店内、ちっとも寒くないです。」,-15.85603991150856,1.0576962949926383e-06
136,寒い,neutral-positive,stranger,ちょっと,店の入口で、これから入る客に、店内がどれくらい寒いか聞かれ、大輔は答えます。「店内、ちょっと寒くないです。」,-7.355609655380249,0.005200569052249193
136,寒い,neutral-positive,stranger,とても,店の入口で、これから入る客に、店内がどれくらい寒いか聞かれ、大輔は答えます。「店内、とても寒くないです。」,-5.161712646484375,0.04664964601397514
136,寒い,neutral-positive,stranger,なかなか,店の入口で、これから入る客に、店内がどれくらい寒いか聞かれ、大輔は答えます。「店内、なかなか寒くないです。」,-7.738174200057983,0.0035473594907671213
136,寒い,neutral-positive,stranger,（なし）,店の入口で、これから入る客に、店内がどれくらい寒いか聞かれ、大輔は答えます。「店内、（なし）寒くないです。」,-29.746187210083008,9.816274312499096e-13
136,寒い,neutral-positive,stranger,ひどく,店の入口で、これから入る客に、店内がどれくらい寒いか聞かれ、大輔は答えます。「店内、ひどく寒くないです。」,-13.984119698405266,6.875840426801005e-06
136,寒い,neutral-positive,stranger,まあまあ,店の入口で、これから入る客に、店内がどれくらい寒いか聞かれ、大輔は答えます。「店内、まあまあ寒くないです。」,-12.336397409439087,3.572090281522833e-05
136,寒い,neutral-positive,stranger,マジで,店の入口で、これから入る客に、店内がどれくらい寒いか聞かれ、大輔は答えます。「店内、マジで寒くないです。」,-13.028392612934113,1.7881031453725882e-05
136,寒い,neutral-positive,stranger,めっちゃ,店の入口で、これから入る客に、店内がどれくらい寒いか聞かれ、大輔は答えます。「店内、めっちゃ寒くないです。」,-10.386068284511566,0.0002511536586098373
136,寒い,neutral-positive,stranger,やや,店の入口で、これから入る客に、店内がどれくらい寒いか聞かれ、大輔は答えます。「店内、やや寒くないです。」,-12.841246128082275,2.1561030735028908e-05
136,寒い,neutral-positive,stranger,結構,店の入口で、これから入る客に、店内がどれくらい寒いか聞かれ、大輔は答えます。「店内、結構寒くないです。」,-11.147639989852905,0.0001172716511064209
136,寒い,neutral-positive,stranger,若干,店の入口で、これから入る客に、店内がどれくらい寒いか聞かれ、大輔は答えます。「店内、若干寒くないです。」,-11.714271306991577,6.654388562310487e-05
136,寒い,neutral-positive,stranger,少し,店の入口で、これから入る客に、店内がどれくらい寒いか聞かれ、大輔は答えます。「店内、少し寒くないです。」,-8.384349584579468,0.0018589802784845233
136,寒い,neutral-positive,stranger,少しも,店の入口で、これから入る客に、店内がどれくらい寒いか聞かれ、大輔は答えます。「店内、少しも寒くないです。」,-8.969539523124695,0.0010354522382840514
136,寒い,neutral-positive,stranger,全然,店の入口で、これから入る客に、店内がどれくらい寒いか聞かれ、大輔は答えます。「店内、全然寒くないです。」,-5.278087615966797,0.04152478277683258
136,寒い,neutral-positive,stranger,相当,店の入口で、これから入る客に、店内がどれくらい寒いか聞かれ、大輔は答えます。「店内、相当寒くないです。」,-9.475311040878296,0.0006244191899895668
136,寒い,neutral-positive,stranger,超,店の入口で、これから入る客に、店内がどれくらい寒いか聞かれ、大輔は答えます。「店内、超寒くないです。」,-10.561046361923218,0.00021083727187942713
136,寒い,neutral-positive,stranger,非常に,店の入口で、これから入る客に、店内がどれくらい寒いか聞かれ、大輔は答えます。「店内、非常に寒くないです。」,-8.642749547958374,0.0014356650644913316
136,寒い,neutral-positive,stranger,微妙に,店の入口で、これから入る客に、店内がどれくらい寒いか聞かれ、大輔は答えます。「店内、微妙に寒くないです。」,-11.49761114269495,8.264234202215448e-05
136,寒い,neutral-positive,stranger,普通に,店の入口で、これから入る客に、店内がどれくらい寒いか聞かれ、大輔は答えます。「店内、普通に寒くないです。」,-10.633098363876343,0.00019618039368651807
136,寒い,neutral-positive,stranger,本当に,店の入口で、これから入る客に、店内がどれくらい寒いか聞かれ、大輔は答えます。「店内、本当に寒くないです。」,-6.067523717880249,0.018856430426239967
136,寒い,neutral-positive,stranger,全く,店の入口で、これから入る客に、店内がどれくらい寒いか聞かれ、大輔は答えます。「店内、全く寒くないです。」,-6.396499395370483,0.013570228591561317
137,寒い,neutral-negative,stranger,あまり,店の入口で、これから入る客に、店内がどれくらい寒いか聞かれ、大輔は答えます。「店内、あまり寒いです。」,-6.28572690486908,0.007850456051528454
137,寒い,neutral-negative,stranger,いまいち,店の入口で、これから入る客に、店内がどれくらい寒いか聞かれ、大輔は答えます。「店内、いまいち寒いです。」,-11.290314078330994,5.26538715348579e-05
137,寒い,neutral-negative,stranger,かなり,店の入口で、これから入る客に、店内がどれくらい寒いか聞かれ、大輔は答えます。「店内、かなり寒いです。」,-3.1693938970565796,0.1771336793899536
137,寒い,neutral-negative,stranger,すごく,店の入口で、これから入る客に、店内がどれくらい寒いか聞かれ、大輔は答えます。「店内、すごく寒いです。」,-3.8330291509628296,0.09121957421302795
137,寒い,neutral-negative,stranger,そこまで,店の入口で、これから入る客に、店内がどれくらい寒いか聞かれ、大輔は答えます。「店内、そこまで寒いです。」,-10.05403745174408,0.00018127530347555876
137,寒い,neutral-negative,stranger,それほど,店の入口で、これから入る客に、店内がどれくらい寒いか聞かれ、大輔は答えます。「店内、それほど寒いです。」,-7.62267529964447,0.0020618904381990433
137,寒い,neutral-negative,stranger,そんなに,店の入口で、これから入る客に、店内がどれくらい寒いか聞かれ、大輔は答えます。「店内、そんなに寒いです。」,-7.346720099449158,0.0027171361725777388
137,寒い,neutral-negative,stranger,たいして,店の入口で、これから入る客に、店内がどれくらい寒いか聞かれ、大輔は答えます。「店内、たいして寒いです。」,-10.431729197502136,0.00012425360910128802
137,寒い,neutral-negative,stranger,だいぶ,店の入口で、これから入る客に、店内がどれくらい寒いか聞かれ、大輔は答えます。「店内、だいぶ寒いです。」,-7.920387523365207,0.001530984416604042
137,寒い,neutral-negative,stranger,ちっとも,店の入口で、これから入る客に、店内がどれくらい寒いか聞かれ、大輔は答えます。「店内、ちっとも寒いです。」,-16.378138303756714,3.249499513913179e-07
137,寒い,neutral-negative,stranger,ちょっと,店の入口で、これから入る客に、店内がどれくらい寒いか聞かれ、大輔は答えます。「店内、ちょっと寒いです。」,-3.7078765630722046,0.10338108986616135
137,寒い,neutral-negative,stranger,とても,店の入口で、これから入る客に、店内がどれくらい寒いか聞かれ、大輔は答えます。「店内、とても寒いです。」,-2.6778396368026733,0.28958791494369507
137,寒い,neutral-negative,stranger,なかなか,店の入口で、これから入る客に、店内がどれくらい寒いか聞かれ、大輔は答えます。「店内、なかなか寒いです。」,-7.019449591636658,0.003769148141145706
137,寒い,neutral-negative,stranger,（なし）,店の入口で、これから入る客に、店内がどれくらい寒いか聞かれ、大輔は答えます。「店内、（なし）寒いです。」,-28.463275909423828,1.833612688767472e-12
137,寒い,neutral-negative,stranger,ひどく,店の入口で、これから入る客に、店内がどれくらい寒いか聞かれ、大輔は答えます。「店内、ひどく寒いです。」,-11.862895399332047,2.9700368031626567e-05
137,寒い,neutral-negative,stranger,まあまあ,店の入口で、これから入る客に、店内がどれくらい寒いか聞かれ、大輔は答えます。「店内、まあまあ寒いです。」,-9.285324692726135,0.0003910083614755422
137,寒い,neutral-negative,stranger,マジで,店の入口で、これから入る客に、店内がどれくらい寒いか聞かれ、大輔は答えます。「店内、マジで寒いです。」,-11.209144234657288,5.7105982705252245e-05
137,寒い,neutral-negative,stranger,めっちゃ,店の入口で、これから入る客に、店内がどれくらい寒いか聞かれ、大輔は答えます。「店内、めっちゃ寒いです。」,-8.723493967205286,0.000685782462824136
137,寒い,neutral-negative,stranger,やや,店の入口で、これから入る客に、店内がどれくらい寒いか聞かれ、大輔は答えます。「店内、やや寒いです。」,-9.284046053886414,0.00039150871452875435
137,寒い,neutral-negative,stranger,結構,店の入口で、これから入る客に、店内がどれくらい寒いか聞かれ、大輔は答えます。「店内、結構寒いです。」,-5.578924536705017,0.01591678149998188
137,寒い,neutral-negative,stranger,若干,店の入口で、これから入る客に、店内がどれくらい寒いか聞かれ、大輔は答えます。「店内、若干寒いです。」,-8.261972784996033,0.001087983837351203
137,寒い,neutral-negative,stranger,少し,店の入口で、これから入る客に、店内がどれくらい寒いか聞かれ、大輔は答えます。「店内、少し寒いです。」,-4.1645835638046265,0.06547805666923523
137,寒い,neutral-negative,stranger,少しも,店の入口で、これから入る客に、店内がどれくらい寒いか聞かれ、大輔は答えます。「店内、少しも寒いです。」,-9.043280959129333,0.0004980863304808736
137,寒い,neutral-negative,stranger,全然,店の入口で、これから入る客に、店内がどれくらい寒いか聞かれ、大輔は答えます。「店内、全然寒いです。」,-7.040708899497986,0.003689864417538047
137,寒い,neutral-negative,stranger,相当,店の入口で、これから入る客に、店内がどれくらい寒いか聞かれ、大輔は答えます。「店内、相当寒いです。」,-5.5063194036483765,0.017115408554673195
137,寒い,neutral-negative,stranger,超,店の入口で、これから入る客に、店内がどれくらい寒いか聞かれ、大輔は答えます。「店内、超寒いです。」,-6.73580014705658,0.005005305632948875
137,寒い,neutral-negative,stranger,非常に,店の入口で、これから入る客に、店内がどれくらい寒いか聞かれ、大輔は答えます。「店内、非常に寒いです。」,-4.4636863470077515,0.04855087772011757
137,寒い,neutral-negative,stranger,微妙に,店の入口で、これから入る客に、店内がどれくらい寒いか聞かれ、大輔は答えます。「店内、微妙に寒いです。」,-8.086805373430252,0.0012962731998413801
137,寒い,neutral-negative,stranger,普通に,店の入口で、これから入る客に、店内がどれくらい寒いか聞かれ、大輔は答えます。「店内、普通に寒いです。」,-7.214399695396423,0.0031015402637422085
137,寒い,neutral-negative,stranger,本当に,店の入口で、これから入る客に、店内がどれくらい寒いか聞かれ、大輔は答えます。「店内、本当に寒いです。」,-3.2945464849472046,0.15629605948925018
137,寒い,neutral-negative,stranger,全く,店の入口で、これから入る客に、店内がどれくらい寒いか聞かれ、大輔は答えます。「店内、全く寒いです。」,-8.571741461753845,0.000798163004219532
138,寒い,annoyed,stranger,あまり,大輔が入ったカフェは冷房が効きすぎていて、長く座っていられません。席を変えても変わらないので、苛立った大輔は店員を呼び止めて言います。「ここ、あまり寒いんですけど、温度を上げていただけますか？」,-8.546339988708496,0.013936006464064121
138,寒い,annoyed,stranger,いまいち,大輔が入ったカフェは冷房が効きすぎていて、長く座っていられません。席を変えても変わらないので、苛立った大輔は店員を呼び止めて言います。「ここ、いまいち寒いんですけど、温度を上げていただけますか？」,-13.765068531036377,7.54524880903773e-05
138,寒い,annoyed,stranger,かなり,大輔が入ったカフェは冷房が効きすぎていて、長く座っていられません。席を変えても変わらないので、苛立った大輔は店員を呼び止めて言います。「ここ、かなり寒いんですけど、温度を上げていただけますか？」,-6.961329460144043,0.06799855828285217
138,寒い,annoyed,stranger,すごく,大輔が入ったカフェは冷房が効きすぎていて、長く座っていられません。席を変えても変わらないので、苛立った大輔は店員を呼び止めて言います。「ここ、すごく寒いんですけど、温度を上げていただけますか？」,-6.802573204040527,0.0796978622674942
138,寒い,annoyed,stranger,そこまで,大輔が入ったカフェは冷房が効きすぎていて、長く座っていられません。席を変えても変わらないので、苛立った大輔は店員を呼び止めて言います。「ここ、そこまで寒いんですけど、温度を上げていただけますか？」,-13.569300174713135,9.176872117677703e-05
138,寒い,annoyed,stranger,それほど,大輔が入ったカフェは冷房が効きすぎていて、長く座っていられません。席を変えても変わらないので、苛立った大輔は店員を呼び止めて言います。「ここ、それほど寒いんですけど、温度を上げていただけますか？」,-12.753355503082275,0.00020751760166604072
138,寒い,annoyed,stranger,そんなに,大輔が入ったカフェは冷房が効きすぎていて、長く座っていられません。席を変えても変わらないので、苛立った大輔は店員を呼び止めて言います。「ここ、そんなに寒いんですけど、温度を上げていただけますか？」,-10.782347679138184,0.0014895412605255842
138,寒い,annoyed,stranger,たいして,大輔が入ったカフェは冷房が効きすぎていて、長く座っていられません。席を変えても変わらないので、苛立った大輔は店員を呼び止めて言います。「ここ、たいして寒いんですけど、温度を上げていただけますか？」,-15.081080675125122,2.023655724769924e-05
138,寒い,annoyed,stranger,だいぶ,大輔が入ったカフェは冷房が効きすぎていて、長く座っていられません。席を変えても変わらないので、苛立った大輔は店員を呼び止めて言います。「ここ、だいぶ寒いんですけど、温度を上げていただけますか？」,-12.608068049885333,0.00023996731033548713
138,寒い,annoyed,stranger,ちっとも,大輔が入ったカフェは冷房が効きすぎていて、長く座っていられません。席を変えても変わらないので、苛立った大輔は店員を呼び止めて言います。「ここ、ちっとも寒いんですけど、温度を上げていただけますか？」,-19.338852286338806,2.864243811018241e-07
138,寒い,annoyed,stranger,ちょっと,大輔が入ったカフェは冷房が効きすぎていて、長く座っていられません。席を変えても変わらないので、苛立った大輔は店員を呼び止めて言います。「ここ、ちょっと寒いんですけど、温度を上げていただけますか？」,-4.8995161056518555,0.5344829559326172
138,寒い,annoyed,stranger,とても,大輔が入ったカフェは冷房が効きすぎていて、長く座っていられません。席を変えても変わらないので、苛立った大輔は店員を呼び止めて言います。「ここ、とても寒いんですけど、温度を上げていただけますか？」,-6.9881086349487305,0.06620177626609802
138,寒い,annoyed,stranger,なかなか,大輔が入ったカフェは冷房が効きすぎていて、長く座っていられません。席を変えても変わらないので、苛立った大輔は店員を呼び止めて言います。「ここ、なかなか寒いんですけど、温度を上げていただけますか？」,-8.467574119567871,0.015078077092766762
138,寒い,annoyed,stranger,（なし）,大輔が入ったカフェは冷房が効きすぎていて、長く座っていられません。席を変えても変わらないので、苛立った大輔は店員を呼び止めて言います。「ここ、（なし）寒いんですけど、温度を上げていただけますか？」,-30.372913360595703,4.623580164564434e-12
138,寒い,annoyed,stranger,ひどく,大輔が入ったカフェは冷房が効きすぎていて、長く座っていられません。席を変えても変わらないので、苛立った大輔は店員を呼び止めて言います。「ここ、ひどく寒いんですけど、温度を上げていただけますか？」,-14.170504808425903,5.0303096941206604e-05
138,寒い,annoyed,stranger,まあまあ,大輔が入ったカフェは冷房が効きすぎていて、長く座っていられません。席を変えても変わらないので、苛立った大輔は店員を呼び止めて言います。「ここ、まあまあ寒いんですけど、温度を上げていただけますか？」,-12.582582950592041,0.00024616174050606787
138,寒い,annoyed,stranger,マジで,大輔が入ったカフェは冷房が効きすぎていて、長く座っていられません。席を変えても変わらないので、苛立った大輔は店員を呼び止めて言います。「ここ、マジで寒いんですけど、温度を上げていただけますか？」,-14.479877516627312,3.69177978427615e-05
138,寒い,annoyed,stranger,めっちゃ,大輔が入ったカフェは冷房が効きすぎていて、長く座っていられません。席を変えても変わらないので、苛立った大輔は店員を呼び止めて言います。「ここ、めっちゃ寒いんですけど、温度を上げていただけますか？」,-11.335851356387138,0.0008563846349716187
138,寒い,annoyed,stranger,やや,大輔が入ったカフェは冷房が効きすぎていて、長く座っていられません。席を変えても変わらないので、苛立った大輔は店員を呼び止めて言います。「ここ、やや寒いんですけど、温度を上げていただけますか？」,-12.36949896812439,0.0003046221099793911
138,寒い,annoyed,stranger,結構,大輔が入ったカフェは冷房が効きすぎていて、長く座っていられません。席を変えても変わらないので、苛立った大輔は店員を呼び止めて言います。「ここ、結構寒いんですけど、温度を上げていただけますか？」,-6.760733604431152,0.08310312777757645
138,寒い,annoyed,stranger,若干,大輔が入ったカフェは冷房が効きすぎていて、長く座っていられません。席を変えても変わらないので、苛立った大輔は店員を呼び止めて言います。「ここ、若干寒いんですけど、温度を上げていただけますか？」,-11.547636985778809,0.000692933623213321
138,寒い,annoyed,stranger,少し,大輔が入ったカフェは冷房が効きすぎていて、長く座っていられません。席を変えても変わらないので、苛立った大輔は店員を呼び止めて言います。「ここ、少し寒いんですけど、温度を上げていただけますか？」,-7.013644218444824,0.06453267484903336
138,寒い,annoyed,stranger,少しも,大輔が入ったカフェは冷房が効きすぎていて、長く座っていられません。席を変えても変わらないので、苛立った大輔は店員を呼び止めて言います。「ここ、少しも寒いんですけど、温度を上げていただけますか？」,-13.416957378387451,0.00010687002941267565
138,寒い,annoyed,stranger,全然,大輔が入ったカフェは冷房が効きすぎていて、長く座っていられません。席を変えても変わらないので、苛立った大輔は店員を呼び止めて言います。「ここ、全然寒いんですけど、温度を上げていただけますか？」,-10.161894798278809,0.0027702045626938343
138,寒い,annoyed,stranger,相当,大輔が入ったカフェは冷房が効きすぎていて、長く座っていられません。席を変えても変わらないので、苛立った大輔は店員を呼び止めて言います。「ここ、相当寒いんですけど、温度を上げていただけますか？」,-9.779101371765137,0.004062158986926079
138,寒い,annoyed,stranger,超,大輔が入ったカフェは冷房が効きすぎていて、長く座っていられません。席を変えても変わらないので、苛立った大輔は店員を呼び止めて言います。「ここ、超寒いんですけど、温度を上げていただけますか？」,-9.377665519714355,0.006068736780434847
138,寒い,annoyed,stranger,非常に,大輔が入ったカフェは冷房が効きすぎていて、長く座っていられません。席を変えても変わらないので、苛立った大輔は店員を呼び止めて言います。「ここ、非常に寒いんですけど、温度を上げていただけますか？」,-9.398226737976074,0.0059452299028635025
138,寒い,annoyed,stranger,微妙に,大輔が入ったカフェは冷房が効きすぎていて、長く座っていられません。席を変えても変わらないので、苛立った大輔は店員を呼び止めて言います。「ここ、微妙に寒いんですけど、温度を上げていただけますか？」,-11.1806460916996,0.0010001700138673186
138,寒い,annoyed,stranger,普通に,大輔が入ったカフェは冷房が効きすぎていて、長く座っていられません。席を変えても変わらないので、苛立った大輔は店員を呼び止めて言います。「ここ、普通に寒いんですけど、温度を上げていただけますか？」,-11.092806816101074,0.0010919980704784393
138,寒い,annoyed,stranger,本当に,大輔が入ったカフェは冷房が効きすぎていて、長く座っていられません。席を変えても変わらないので、苛立った大輔は店員を呼び止めて言います。「ここ、本当に寒いんですけど、温度を上げていただけますか？」,-7.278830528259277,0.04950063303112984
138,寒い,annoyed,stranger,全く,大輔が入ったカフェは冷房が効きすぎていて、長く座っていられません。席を変えても変わらないので、苛立った大輔は店員を呼び止めて言います。「ここ、全く寒いんですけど、温度を上げていただけますか？」,-13.379076480865479,0.00011099611583631486
139,寒い,encouraging,stranger,あまり,カフェの店員が、空調の効きすぎを何度も謝ってきます。大輔はその店員を励まします。「ここ、あまり寒くないですよ。温かい飲み物をいただければ十分です。」,-4.8293668031692505,0.6488518118858337
139,寒い,encouraging,stranger,いまいち,カフェの店員が、空調の効きすぎを何度も謝ってきます。大輔はその店員を励まします。「ここ、いまいち寒くないですよ。温かい飲み物をいただければ十分です。」,-13.602638483047485,0.00010045280941994861
139,寒い,encouraging,stranger,かなり,カフェの店員が、空調の効きすぎを何度も謝ってきます。大輔はその店員を励まします。「ここ、かなり寒くないですよ。温かい飲み物をいただければ十分です。」,-11.170877695083618,0.0011430425802245736
139,寒い,encouraging,stranger,すごく,カフェの店員が、空調の効きすぎを何度も謝ってきます。大輔はその店員を励まします。「ここ、すごく寒くないですよ。温かい飲み物をいただければ十分です。」,-10.049780130386353,0.003507105866447091
139,寒い,encouraging,stranger,そこまで,カフェの店員が、空調の効きすぎを何度も謝ってきます。大輔はその店員を励まします。「ここ、そこまで寒くないですよ。温かい飲み物をいただければ十分です。」,-9.532819986343384,0.005881143733859062
139,寒い,encouraging,stranger,それほど,カフェの店員が、空調の効きすぎを何度も謝ってきます。大輔はその店員を励まします。「ここ、それほど寒くないですよ。温かい飲み物をいただければ十分です。」,-7.94527268409729,0.028769006952643394
139,寒い,encouraging,stranger,そんなに,カフェの店員が、空調の効きすぎを何度も謝ってきます。大輔はその店員を励まします。「ここ、そんなに寒くないですよ。温かい飲み物をいただければ十分です。」,-5.909158945083618,0.22039300203323364
139,寒い,encouraging,stranger,たいして,カフェの店員が、空調の効きすぎを何度も謝ってきます。大輔はその店員を励まします。「ここ、たいして寒くないですよ。温かい飲み物をいただければ十分です。」,-13.734100759029388,8.807828271528706e-05
139,寒い,encouraging,stranger,だいぶ,カフェの店員が、空調の効きすぎを何度も謝ってきます。大輔はその店員を励まします。「ここ、だいぶ寒くないですよ。温かい飲み物をいただければ十分です。」,-12.586824586149305,0.0002774114836938679
139,寒い,encouraging,stranger,ちっとも,カフェの店員が、空調の効きすぎを何度も謝ってきます。大輔はその店員を励まします。「ここ、ちっとも寒くないですよ。温かい飲み物をいただければ十分です。」,-18.451193660497665,7.875199798945687e-07
139,寒い,encouraging,stranger,ちょっと,カフェの店員が、空調の効きすぎを何度も謝ってきます。大輔はその店員を励まします。「ここ、ちょっと寒くないですよ。温かい飲み物をいただければ十分です。」,-9.159944772720337,0.008538851514458656
139,寒い,encouraging,stranger,とても,カフェの店員が、空調の効きすぎを何度も謝ってきます。大輔はその店員を励まします。「ここ、とても寒くないですよ。温かい飲み物をいただければ十分です。」,-7.721628427505493,0.035979267209768295
139,寒い,encouraging,stranger,なかなか,カフェの店員が、空調の効きすぎを何度も謝ってきます。大輔はその店員を励まします。「ここ、なかなか寒くないですよ。温かい飲み物をいただければ十分です。」,-8.791445016860962,0.012343458831310272
139,寒い,encouraging,stranger,（なし）,カフェの店員が、空調の効きすぎを何度も謝ってきます。大輔はその店員を励まします。「ここ、（なし）寒くないですよ。温かい飲み物をいただければ十分です。」,-32.49347496032715,6.277332169693506e-13
139,寒い,encouraging,stranger,ひどく,カフェの店員が、空調の効きすぎを何度も謝ってきます。大輔はその店員を励まします。「ここ、ひどく寒くないですよ。温かい飲み物をいただければ十分です。」,-15.18125532567501,2.0719411622849293e-05
139,寒い,encouraging,stranger,まあまあ,カフェの店員が、空調の効きすぎを何度も謝ってきます。大輔はその店員を励まします。「ここ、まあまあ寒くないですよ。温かい飲み物をいただければ十分です。」,-15.278622150421143,1.87971381819807e-05
139,寒い,encouraging,stranger,マジで,カフェの店員が、空調の効きすぎを何度も謝ってきます。大輔はその店員を励まします。「ここ、マジで寒くないですよ。温かい飲み物をいただければ十分です。」,-15.449857577681541,1.583889388712123e-05
139,寒い,encouraging,stranger,めっちゃ,カフェの店員が、空調の効きすぎを何度も謝ってきます。大輔はその店員を励まします。「ここ、めっちゃ寒くないですよ。温かい飲み物をいただければ十分です。」,-12.95883771032095,0.00019123229139950126
139,寒い,encouraging,stranger,やや,カフェの店員が、空調の効きすぎを何度も謝ってきます。大輔はその店員を励まします。「ここ、やや寒くないですよ。温かい飲み物をいただければ十分です。」,-15.081415176391602,2.2894830181030557e-05
139,寒い,encouraging,stranger,結構,カフェの店員が、空調の効きすぎを何度も謝ってきます。大輔はその店員を励まします。「ここ、結構寒くないですよ。温かい飲み物をいただければ十分です。」,-12.014440298080444,0.0004917083424516022
139,寒い,encouraging,stranger,若干,カフェの店員が、空調の効きすぎを何度も謝ってきます。大輔はその店員を励まします。「ここ、若干寒くないですよ。温かい飲み物をいただければ十分です。」,-16.037564992904663,8.800082468951587e-06
139,寒い,encouraging,stranger,少し,カフェの店員が、空調の効きすぎを何度も謝ってきます。大輔はその店員を励まします。「ここ、少し寒くないですよ。温かい飲み物をいただければ十分です。」,-11.002809762954712,0.0013522388180717826
139,寒い,encouraging,stranger,少しも,カフェの店員が、空調の効きすぎを何度も謝ってきます。大輔はその店員を励まします。「ここ、少しも寒くないですよ。温かい飲み物をいただければ十分です。」,-12.812809467315674,0.0002212995896115899
139,寒い,encouraging,stranger,全然,カフェの店員が、空調の効きすぎを何度も謝ってきます。大輔はその店員を励まします。「ここ、全然寒くないですよ。温かい飲み物をいただければ十分です。」,-8.617216348648071,0.0146927610039711
139,寒い,encouraging,stranger,相当,カフェの店員が、空調の効きすぎを何度も謝ってきます。大輔はその店員を励まします。「ここ、相当寒くないですよ。温かい飲み物をいただければ十分です。」,-11.898065328598022,0.0005523935542441905
139,寒い,encouraging,stranger,超,カフェの店員が、空調の効きすぎを何度も謝ってきます。大輔はその店員を励まします。「ここ、超寒くないですよ。温かい飲み物をいただければ十分です。」,-13.816529989242554,8.110917406156659e-05
139,寒い,encouraging,stranger,非常に,カフェの店員が、空調の効きすぎを何度も謝ってきます。大輔はその店員を励まします。「ここ、非常に寒くないですよ。温かい飲み物をいただければ十分です。」,-11.613542795181274,0.0007342016324400902
139,寒い,encouraging,stranger,微妙に,カフェの店員が、空調の効きすぎを何度も謝ってきます。大輔はその店員を励まします。「ここ、微妙に寒くないですよ。温かい飲み物をいただければ十分です。」,-15.836642526090145,1.0758370081020985e-05
139,寒い,encouraging,stranger,普通に,カフェの店員が、空調の効きすぎを何度も謝ってきます。大輔はその店員を励まします。「ここ、普通に寒くないですよ。温かい飲み物をいただければ十分です。」,-14.074727773666382,6.265217234613374e-05
139,寒い,encouraging,stranger,本当に,カフェの店員が、空調の効きすぎを何度も謝ってきます。大輔はその店員を励まします。「ここ、本当に寒くないですよ。温かい飲み物をいただければ十分です。」,-8.676553964614868,0.013846290297806263
139,寒い,encouraging,stranger,全く,カフェの店員が、空調の効きすぎを何度も謝ってきます。大輔はその店員を励まします。「ここ、全く寒くないですよ。温かい飲み物をいただければ十分です。」,-10.71520447731018,0.001802846440114081
140,汚い,warning,friend,あまり,友人が来客前の部屋の片付けを終えて大輔に見せてきます。大輔は力になりたいと思い、遠慮がちに指摘します。「そこの棚だけあまり汚いから、拭いておいたらどう？」,-12.936968803405762,0.006850694306194782
140,汚い,warning,friend,いまいち,友人が来客前の部屋の片付けを終えて大輔に見せてきます。大輔は力になりたいと思い、遠慮がちに指摘します。「そこの棚だけいまいち汚いから、拭いておいたらどう？」,-14.886879682540894,0.0009747627773322165
140,汚い,warning,friend,かなり,友人が来客前の部屋の片付けを終えて大輔に見せてきます。大輔は力になりたいと思い、遠慮がちに指摘します。「そこの棚だけかなり汚いから、拭いておいたらどう？」,-10.986098289489746,0.048193324357271194
140,汚い,warning,friend,すごく,友人が来客前の部屋の片付けを終えて大輔に見せてきます。大輔は力になりたいと思い、遠慮がちに指摘します。「そこの棚だけすごく汚いから、拭いておいたらどう？」,-10.748129844665527,0.06114138662815094
140,汚い,warning,friend,そこまで,友人が来客前の部屋の片付けを終えて大輔に見せてきます。大輔は力になりたいと思い、遠慮がちに指摘します。「そこの棚だけそこまで汚いから、拭いておいたらどう？」,-15.763636589050293,0.00040562840877100825
140,汚い,warning,friend,それほど,友人が来客前の部屋の片付けを終えて大輔に見せてきます。大輔は力になりたいと思い、遠慮がちに指摘します。「そこの棚だけそれほど汚いから、拭いておいたらどう？」,-15.221693992614746,0.0006974146235734224
140,汚い,warning,friend,そんなに,友人が来客前の部屋の片付けを終えて大輔に見せてきます。大輔は力になりたいと思い、遠慮がちに指摘します。「そこの棚だけそんなに汚いから、拭いておいたらどう？」,-12.280646324157715,0.013206015340983868
140,汚い,warning,friend,たいして,友人が来客前の部屋の片付けを終えて大輔に見せてきます。大輔は力になりたいと思い、遠慮がちに指摘します。「そこの棚だけたいして汚いから、拭いておいたらどう？」,-17.685682773590088,5.934641740168445e-05
140,汚い,warning,friend,だいぶ,友人が来客前の部屋の片付けを終えて大輔に見せてきます。大輔は力になりたいと思い、遠慮がちに指摘します。「そこの棚だけだいぶ汚いから、拭いておいたらどう？」,-13.251847887877375,0.005000163335353136
140,汚い,warning,friend,ちっとも,友人が来客前の部屋の片付けを終えて大輔に見せてきます。大輔は力になりたいと思い、遠慮がちに指摘します。「そこの棚だけちっとも汚いから、拭いておいたらどう？」,-20.348347663879395,4.140130840823986e-06
140,汚い,warning,friend,ちょっと,友人が来客前の部屋の片付けを終えて大輔に見せてきます。大輔は力になりたいと思い、遠慮がちに指摘します。「そこの棚だけちょっと汚いから、拭いておいたらどう？」,-8.507670402526855,0.5745851993560791
140,汚い,warning,friend,とても,友人が来客前の部屋の片付けを終えて大輔に見せてきます。大輔は力になりたいと思い、遠慮がちに指摘します。「そこの棚だけとても汚いから、拭いておいたらどう？」,-10.846823692321777,0.05539531633257866
140,汚い,warning,friend,なかなか,友人が来客前の部屋の片付けを終えて大輔に見せてきます。大輔は力になりたいと思い、遠慮がちに指摘します。「そこの棚だけなかなか汚いから、拭いておいたらどう？」,-13.940485954284668,0.002511381171643734
140,汚い,warning,friend,（なし）,友人が来客前の部屋の片付けを終えて大輔に見せてきます。大輔は力になりたいと思い、遠慮がちに指摘します。「そこの棚だけ（なし）汚いから、拭いておいたらどう？」,-28.79330587387085,8.900497006081309e-10
140,汚い,warning,friend,ひどく,友人が来客前の部屋の片付けを終えて大輔に見せてきます。大輔は力になりたいと思い、遠慮がちに指摘します。「そこの棚だけひどく汚いから、拭いておいたらどう？」,-16.081645637750626,0.0002951335918623954
140,汚い,warning,friend,まあまあ,友人が来客前の部屋の片付けを終えて大輔に見せてきます。大輔は力になりたいと思い、遠慮がちに指摘します。「そこの棚だけまあまあ汚いから、拭いておいたらどう？」,-15.64335811138153,0.00045747205149382353
140,汚い,warning,friend,マジで,友人が来客前の部屋の片付けを終えて大輔に見せてきます。大輔は力になりたいと思い、遠慮がちに指摘します。「そこの棚だけマジで汚いから、拭いておいたらどう？」,-15.552239179611206,0.0005011145258322358
140,汚い,warning,friend,めっちゃ,友人が来客前の部屋の片付けを終えて大輔に見せてきます。大輔は力になりたいと思い、遠慮がちに指摘します。「そこの棚だけめっちゃ汚いから、拭いておいたらどう？」,-13.8449597209692,0.002763117430731654
140,汚い,warning,friend,やや,友人が来客前の部屋の片付けを終えて大輔に見せてきます。大輔は力になりたいと思い、遠慮がちに指摘します。「そこの棚だけやや汚いから、拭いておいたらどう？」,-14.250646233558655,0.0018416688544675708
140,汚い,warning,friend,結構,友人が来客前の部屋の片付けを終えて大輔に見せてきます。大輔は力になりたいと思い、遠慮がちに指摘します。「そこの棚だけ結構汚いから、拭いておいたらどう？」,-11.114073753356934,0.04240410029888153
140,汚い,warning,friend,若干,友人が来客前の部屋の片付けを終えて大輔に見せてきます。大輔は力になりたいと思い、遠慮がちに指摘します。「そこの棚だけ若干汚いから、拭いておいたらどう？」,-15.279284477233887,0.0006583848153240979
140,汚い,warning,friend,少し,友人が来客前の部屋の片付けを終えて大輔に見せてきます。大輔は力になりたいと思い、遠慮がちに指摘します。「そこの棚だけ少し汚いから、拭いておいたらどう？」,-10.420519828796387,0.08484270423650742
140,汚い,warning,friend,少しも,友人が来客前の部屋の片付けを終えて大輔に見せてきます。大輔は力になりたいと思い、遠慮がちに指摘します。「そこの棚だけ少しも汚いから、拭いておいたらどう？」,-16.73468542098999,0.00015360559336841106
140,汚い,warning,friend,全然,友人が来客前の部屋の片付けを終えて大輔に見せてきます。大輔は力になりたいと思い、遠慮がちに指摘します。「そこの棚だけ全然汚いから、拭いておいたらどう？」,-13.275858879089355,0.0048815361224114895
140,汚い,warning,friend,相当,友人が来客前の部屋の片付けを終えて大輔に見せてきます。大輔は力になりたいと思い、遠慮がちに指摘します。「そこの棚だけ相当汚いから、拭いておいたらどう？」,-12.479186058044434,0.010827970691025257
140,汚い,warning,friend,超,友人が来客前の部屋の片付けを終えて大輔に見せてきます。大輔は力になりたいと思い、遠慮がちに指摘します。「そこの棚だけ超汚いから、拭いておいたらどう？」,-13.086424827575684,0.005899655632674694
140,汚い,warning,friend,非常に,友人が来客前の部屋の片付けを終えて大輔に見せてきます。大輔は力になりたいと思い、遠慮がちに指摘します。「そこの棚だけ非常に汚いから、拭いておいたらどう？」,-12.919676780700684,0.006970187183469534
140,汚い,warning,friend,微妙に,友人が来客前の部屋の片付けを終えて大輔に見せてきます。大輔は力になりたいと思い、遠慮がちに指摘します。「そこの棚だけ微妙に汚いから、拭いておいたらどう？」,-14.86691189557314,0.000994422473013401
140,汚い,warning,friend,普通に,友人が来客前の部屋の片付けを終えて大輔に見せてきます。大輔は力になりたいと思い、遠慮がちに指摘します。「そこの棚だけ普通に汚いから、拭いておいたらどう？」,-14.908160209655762,0.000954238697886467
140,汚い,warning,friend,本当に,友人が来客前の部屋の片付けを終えて大輔に見せてきます。大輔は力になりたいと思い、遠慮がちに指摘します。「そこの棚だけ本当に汚いから、拭いておいたらどう？」,-10.677245140075684,0.06563267856836319
140,汚い,warning,friend,全く,友人が来客前の部屋の片付けを終えて大輔に見せてきます。大輔は力になりたいと思い、遠慮がちに指摘します。「そこの棚だけ全く汚いから、拭いておいたらどう？」,-14.969786643981934,0.0008972077630460262
141,汚い,non-committal,friend,あまり,大輔は友人とどの宿に泊まるか相談しています。自分の意見を押し付けたくない大輔は、慎重に答えます。「そこ、あまり汚いかもしれないけど、駅から近くて安いよ。」,-12.082751750946045,0.0014929010067135096
141,汚い,non-committal,friend,いまいち,大輔は友人とどの宿に泊まるか相談しています。自分の意見を押し付けたくない大輔は、慎重に答えます。「そこ、いまいち汚いかもしれないけど、駅から近くて安いよ。」,-13.175789833068848,0.0005004155682399869
141,汚い,non-committal,friend,かなり,大輔は友人とどの宿に泊まるか相談しています。自分の意見を押し付けたくない大輔は、慎重に答えます。「そこ、かなり汚いかもしれないけど、駅から近くて安いよ。」,-9.171897411346436,0.02742830477654934
141,汚い,non-committal,friend,すごく,大輔は友人とどの宿に泊まるか相談しています。自分の意見を押し付けたくない大輔は、慎重に答えます。「そこ、すごく汚いかもしれないけど、駅から近くて安いよ。」,-9.268809795379639,0.024894902482628822
141,汚い,non-committal,friend,そこまで,大輔は友人とどの宿に泊まるか相談しています。自分の意見を押し付けたくない大輔は、慎重に答えます。「そこ、そこまで汚いかもしれないけど、駅から近くて安いよ。」,-15.12348461151123,7.136043132049963e-05
141,汚い,non-committal,friend,それほど,大輔は友人とどの宿に泊まるか相談しています。自分の意見を押し付けたくない大輔は、慎重に答えます。「そこ、それほど汚いかもしれないけど、駅から近くて安いよ。」,-15.2796049118042,6.104572821641341e-05
141,汚い,non-committal,friend,そんなに,大輔は友人とどの宿に泊まるか相談しています。自分の意見を押し付けたくない大輔は、慎重に答えます。「そこ、そんなに汚いかもしれないけど、駅から近くて安いよ。」,-13.22000789642334,0.0004787702055182308
141,汚い,non-committal,friend,たいして,大輔は友人とどの宿に泊まるか相談しています。自分の意見を押し付けたくない大輔は、慎重に答えます。「そこ、たいして汚いかもしれないけど、駅から近くて安いよ。」,-15.455983400344849,5.1174687541788444e-05
141,汚い,non-committal,friend,だいぶ,大輔は友人とどの宿に泊まるか相談しています。自分の意見を押し付けたくない大輔は、慎重に答えます。「そこ、だいぶ汚いかもしれないけど、駅から近くて安いよ。」,-12.163670195033774,0.0013768563512712717
141,汚い,non-committal,friend,ちっとも,大輔は友人とどの宿に泊まるか相談しています。自分の意見を押し付けたくない大輔は、慎重に答えます。「そこ、ちっとも汚いかもしれないけど、駅から近くて安いよ。」,-19.20267152786255,1.2075071254002978e-06
141,汚い,non-committal,friend,ちょっと,大輔は友人とどの宿に泊まるか相談しています。自分の意見を押し付けたくない大輔は、慎重に答えます。「そこ、ちょっと汚いかもしれないけど、駅から近くて安いよ。」,-5.840281784534454,0.7675406336784363
141,汚い,non-committal,friend,とても,大輔は友人とどの宿に泊まるか相談しています。自分の意見を押し付けたくない大輔は、慎重に答えます。「そこ、とても汚いかもしれないけど、駅から近くて安いよ。」,-9.75938367843628,0.015242524445056915
141,汚い,non-committal,friend,なかなか,大輔は友人とどの宿に泊まるか相談しています。自分の意見を押し付けたくない大輔は、慎重に答えます。「そこ、なかなか汚いかもしれないけど、駅から近くて安いよ。」,-11.847625255584717,0.0018886224133893847
141,汚い,non-committal,friend,（なし）,大輔は友人とどの宿に泊まるか相談しています。自分の意見を押し付けたくない大輔は、慎重に答えます。「そこ、（なし）汚いかもしれないけど、駅から近くて安いよ。」,-28.73633861541748,8.739168416704857e-11
141,汚い,non-committal,friend,ひどく,大輔は友人とどの宿に泊まるか相談しています。自分の意見を押し付けたくない大輔は、慎重に答えます。「そこ、ひどく汚いかもしれないけど、駅から近くて安いよ。」,-15.02015507221222,7.912858563940972e-05
141,汚い,non-committal,friend,まあまあ,大輔は友人とどの宿に泊まるか相談しています。自分の意見を押し付けたくない大輔は、慎重に答えます。「そこ、まあまあ汚いかもしれないけど、駅から近くて安いよ。」,-13.407833814620972,0.000396785035263747
141,汚い,non-committal,friend,マジで,大輔は友人とどの宿に泊まるか相談しています。自分の意見を押し付けたくない大輔は、慎重に答えます。「そこ、マジで汚いかもしれないけど、駅から近くて安いよ。」,-15.243321493268013,6.330135511234403e-05
141,汚い,non-committal,friend,めっちゃ,大輔は友人とどの宿に泊まるか相談しています。自分の意見を押し付けたくない大輔は、慎重に答えます。「そこ、めっちゃ汚いかもしれないけど、駅から近くて安いよ。」,-12.705986898392439,0.0008005041745491326
141,汚い,non-committal,friend,やや,大輔は友人とどの宿に泊まるか相談しています。自分の意見を押し付けたくない大輔は、慎重に答えます。「そこ、やや汚いかもしれないけど、駅から近くて安いよ。」,-13.325497925281525,0.00043083750642836094
141,汚い,non-committal,friend,結構,大輔は友人とどの宿に泊まるか相談しています。自分の意見を押し付けたくない大輔は、慎重に答えます。「そこ、結構汚いかもしれないけど、駅から近くて安いよ。」,-8.836829423904419,0.03834576904773712
141,汚い,non-committal,friend,若干,大輔は友人とどの宿に泊まるか相談しています。自分の意見を押し付けたくない大輔は、慎重に答えます。「そこ、若干汚いかもしれないけど、駅から近くて安いよ。」,-11.132461071014404,0.00386133068241179
141,汚い,non-committal,friend,少し,大輔は友人とどの宿に泊まるか相談しています。自分の意見を押し付けたくない大輔は、慎重に答えます。「そこ、少し汚いかもしれないけど、駅から近くて安いよ。」,-7.856997728347778,0.10215342789888382
141,汚い,non-committal,friend,少しも,大輔は友人とどの宿に泊まるか相談しています。自分の意見を押し付けたくない大輔は、慎重に答えます。「そこ、少しも汚いかもしれないけど、駅から近くて安いよ。」,-15.892323970794678,3.307919905637391e-05
141,汚い,non-committal,friend,全然,大輔は友人とどの宿に泊まるか相談しています。自分の意見を押し付けたくない大輔は、慎重に答えます。「そこ、全然汚いかもしれないけど、駅から近くて安いよ。」,-12.781245708465576,0.0007424700306728482
141,汚い,non-committal,friend,相当,大輔は友人とどの宿に泊まるか相談しています。自分の意見を押し付けたくない大輔は、慎重に答えます。「そこ、相当汚いかもしれないけど、駅から近くて安いよ。」,-10.829318523406982,0.005228656809777021
141,汚い,non-committal,friend,超,大輔は友人とどの宿に泊まるか相談しています。自分の意見を押し付けたくない大輔は、慎重に答えます。「そこ、超汚いかもしれないけど、駅から近くて安いよ。」,-13.243010520935059,0.000467882928205654
141,汚い,non-committal,friend,非常に,大輔は友人とどの宿に泊まるか相談しています。自分の意見を押し付けたくない大輔は、慎重に答えます。「そこ、非常に汚いかもしれないけど、駅から近くて安いよ。」,-12.756579875946045,0.0007610113243572414
141,汚い,non-committal,friend,微妙に,大輔は友人とどの宿に泊まるか相談しています。自分の意見を押し付けたくない大輔は、慎重に答えます。「そこ、微妙に汚いかもしれないけど、駅から近くて安いよ。」,-11.78598615527153,0.002008699346333742
141,汚い,non-committal,friend,普通に,大輔は友人とどの宿に泊まるか相談しています。自分の意見を押し付けたくない大輔は、慎重に答えます。「そこ、普通に汚いかもしれないけど、駅から近くて安いよ。」,-12.697719097137451,0.0008071496267803013
141,汚い,non-committal,friend,本当に,大輔は友人とどの宿に泊まるか相談しています。自分の意見を押し付けたくない大輔は、慎重に答えます。「そこ、本当に汚いかもしれないけど、駅から近くて安いよ。」,-11.467540264129639,0.0027619381435215473
141,汚い,non-committal,friend,全く,大輔は友人とどの宿に泊まるか相談しています。自分の意見を押し付けたくない大輔は、慎重に答えます。「そこ、全く汚いかもしれないけど、駅から近くて安いよ。」,-16.01582622528076,2.923603096860461e-05
142,汚い,acknowledge,friend,あまり,古いからと大輔が敬遠していた店に、友人がちゃんと手入れされていると言って連れて行きます。大輔は半信半疑でした。しかし、友人の言った通りに清潔です。連れてきてもらったことについて感謝します。「確かにあまり汚くないね。連れてきてくれてありがとう。」,-8.760877132415771,0.17469388246536255
142,汚い,acknowledge,friend,いまいち,古いからと大輔が敬遠していた店に、友人がちゃんと手入れされていると言って連れて行きます。大輔は半信半疑でした。しかし、友人の言った通りに清潔です。連れてきてもらったことについて感謝します。「確かにいまいち汚くないね。連れてきてくれてありがとう。」,-16.341208457946777,8.916233491618186e-05
142,汚い,acknowledge,friend,かなり,古いからと大輔が敬遠していた店に、友人がちゃんと手入れされていると言って連れて行きます。大輔は半信半疑でした。しかし、友人の言った通りに清潔です。連れてきてもらったことについて感謝します。「確かにかなり汚くないね。連れてきてくれてありがとう。」,-11.855130672454834,0.007915174588561058
142,汚い,acknowledge,friend,すごく,古いからと大輔が敬遠していた店に、友人がちゃんと手入れされていると言って連れて行きます。大輔は半信半疑でした。しかし、友人の言った通りに清潔です。連れてきてもらったことについて感謝します。「確かにすごく汚くないね。連れてきてくれてありがとう。」,-11.313287258148193,0.013607555069029331
142,汚い,acknowledge,friend,そこまで,古いからと大輔が敬遠していた店に、友人がちゃんと手入れされていると言って連れて行きます。大輔は半信半疑でした。しかし、友人の言った通りに清潔です。連れてきてもらったことについて感謝します。「確かにそこまで汚くないね。連れてきてくれてありがとう。」,-10.307435512542725,0.0372062548995018
142,汚い,acknowledge,friend,それほど,古いからと大輔が敬遠していた店に、友人がちゃんと手入れされていると言って連れて行きます。大輔は半信半疑でした。しかし、友人の言った通りに清潔です。連れてきてもらったことについて感謝します。「確かにそれほど汚くないね。連れてきてくれてありがとう。」,-9.970387935638428,0.052118733525276184
142,汚い,acknowledge,friend,そんなに,古いからと大輔が敬遠していた店に、友人がちゃんと手入れされていると言って連れて行きます。大輔は半信半疑でした。しかし、友人の言った通りに清潔です。連れてきてもらったことについて感謝します。「確かにそんなに汚くないね。連れてきてくれてありがとう。」,-8.100858211517334,0.3380028009414673
142,汚い,acknowledge,friend,たいして,古いからと大輔が敬遠していた店に、友人がちゃんと手入れされていると言って連れて行きます。大輔は半信半疑でした。しかし、友人の言った通りに清潔です。連れてきてもらったことについて感謝します。「確かにたいして汚くないね。連れてきてくれてありがとう。」,-17.018205881118774,4.530704245553352e-05
142,汚い,acknowledge,friend,だいぶ,古いからと大輔が敬遠していた店に、友人がちゃんと手入れされていると言って連れて行きます。大輔は半信半疑でした。しかし、友人の言った通りに清潔です。連れてきてもらったことについて感謝します。「確かにだいぶ汚くないね。連れてきてくれてありがとう。」,-12.310560716781765,0.005019607022404671
142,汚い,acknowledge,friend,ちっとも,古いからと大輔が敬遠していた店に、友人がちゃんと手入れされていると言って連れて行きます。大輔は半信半疑でした。しかし、友人の言った通りに清潔です。連れてきてもらったことについて感謝します。「確かにちっとも汚くないね。連れてきてくれてありがとう。」,-19.077854216098785,5.776592843176331e-06
142,汚い,acknowledge,friend,ちょっと,古いからと大輔が敬遠していた店に、友人がちゃんと手入れされていると言って連れて行きます。大輔は半信半疑でした。しかし、友人の言った通りに清潔です。連れてきてもらったことについて感謝します。「確かにちょっと汚くないね。連れてきてくれてありがとう。」,-10.348130702972412,0.035722535103559494
142,汚い,acknowledge,friend,とても,古いからと大輔が敬遠していた店に、友人がちゃんと手入れされていると言って連れて行きます。大輔は半信半疑でした。しかし、友人の言った通りに清潔です。連れてきてもらったことについて感謝します。「確かにとても汚くないね。連れてきてくれてありがとう。」,-9.140553951263428,0.11950502544641495
142,汚い,acknowledge,friend,なかなか,古いからと大輔が敬遠していた店に、友人がちゃんと手入れされていると言って連れて行きます。大輔は半信半疑でした。しかし、友人の言った通りに清潔です。連れてきてもらったことについて感謝します。「確かになかなか汚くないね。連れてきてくれてありがとう。」,-11.246835231781006,0.014542525634169579
142,汚い,acknowledge,friend,（なし）,古いからと大輔が敬遠していた店に、友人がちゃんと手入れされていると言って連れて行きます。大輔は半信半疑でした。しかし、友人の言った通りに清潔です。連れてきてもらったことについて感謝します。「確かに（なし）汚くないね。連れてきてくれてありがとう。」,-28.078426361083984,7.124803524938272e-10
142,汚い,acknowledge,friend,ひどく,古いからと大輔が敬遠していた店に、友人がちゃんと手入れされていると言って連れて行きます。大輔は半信半疑でした。しかし、友人の言った通りに清潔です。連れてきてもらったことについて感謝します。「確かにひどく汚くないね。連れてきてくれてありがとう。」,-17.401974499225616,3.0867209716234356e-05
142,汚い,acknowledge,friend,まあまあ,古いからと大輔が敬遠していた店に、友人がちゃんと手入れされていると言って連れて行きます。大輔は半信半疑でした。しかし、友人の言った通りに清潔です。連れてきてもらったことについて感謝します。「確かにまあまあ汚くないね。連れてきてくれてありがとう。」,-11.941210508346558,0.007262340281158686
142,汚い,acknowledge,friend,マジで,古いからと大輔が敬遠していた店に、友人がちゃんと手入れされていると言って連れて行きます。大輔は半信半疑でした。しかし、友人の言った通りに清潔です。連れてきてもらったことについて感謝します。「確かにマジで汚くないね。連れてきてくれてありがとう。」,-14.983686625957489,0.0003465342742856592
142,汚い,acknowledge,friend,めっちゃ,古いからと大輔が敬遠していた店に、友人がちゃんと手入れされていると言って連れて行きます。大輔は半信半疑でした。しかし、友人の言った通りに清潔です。連れてきてもらったことについて感謝します。「確かにめっちゃ汚くないね。連れてきてくれてありがとう。」,-14.227832674980164,0.0007379199378192425
142,汚い,acknowledge,friend,やや,古いからと大輔が敬遠していた店に、友人がちゃんと手入れされていると言って連れて行きます。大輔は半信半疑でした。しかし、友人の言った通りに清潔です。連れてきてもらったことについて感謝します。「確かにやや汚くないね。連れてきてくれてありがとう。」,-15.210877656936646,0.00027610763208940625
142,汚い,acknowledge,friend,結構,古いからと大輔が敬遠していた店に、友人がちゃんと手入れされていると言って連れて行きます。大輔は半信半疑でした。しかし、友人の言った通りに清潔です。連れてきてもらったことについて感謝します。「確かに結構汚くないね。連れてきてくれてありがとう。」,-12.863492488861084,0.002887583337724209
142,汚い,acknowledge,friend,若干,古いからと大輔が敬遠していた店に、友人がちゃんと手入れされていると言って連れて行きます。大輔は半信半疑でした。しかし、友人の言った通りに清潔です。連れてきてもらったことについて感謝します。「確かに若干汚くないね。連れてきてくれてありがとう。」,-15.591943264007568,0.0001886181125883013
142,汚い,acknowledge,friend,少し,古いからと大輔が敬遠していた店に、友人がちゃんと手入れされていると言って連れて行きます。大輔は半信半疑でした。しかし、友人の言った通りに清潔です。連れてきてもらったことについて感謝します。「確かに少し汚くないね。連れてきてくれてありがとう。」,-11.599584102630615,0.010219813324511051
142,汚い,acknowledge,friend,少しも,古いからと大輔が敬遠していた店に、友人がちゃんと手入れされていると言って連れて行きます。大輔は半信半疑でした。しかし、友人の言った通りに清潔です。連れてきてもらったことについて感謝します。「確かに少しも汚くないね。連れてきてくれてありがとう。」,-15.12850832939148,0.0002998131967615336
142,汚い,acknowledge,friend,全然,古いからと大輔が敬遠していた店に、友人がちゃんと手入れされていると言って連れて行きます。大輔は半信半疑でした。しかし、友人の言った通りに清潔です。連れてきてもらったことについて感謝します。「確かに全然汚くないね。連れてきてくれてありがとう。」,-9.077184200286865,0.12732313573360443
142,汚い,acknowledge,friend,相当,古いからと大輔が敬遠していた店に、友人がちゃんと手入れされていると言って連れて行きます。大輔は半信半疑でした。しかし、友人の言った通りに清潔です。連れてきてもらったことについて感謝します。「確かに相当汚くないね。連れてきてくれてありがとう。」,-12.464795589447021,0.004302158020436764
142,汚い,acknowledge,friend,超,古いからと大輔が敬遠していた店に、友人がちゃんと手入れされていると言って連れて行きます。大輔は半信半疑でした。しかし、友人の言った通りに清潔です。連れてきてもらったことについて感謝します。「確かに超汚くないね。連れてきてくれてありがとう。」,-14.583615779876709,0.0005170046933926642
142,汚い,acknowledge,friend,非常に,古いからと大輔が敬遠していた店に、友人がちゃんと手入れされていると言って連れて行きます。大輔は半信半疑でした。しかし、友人の言った通りに清潔です。連れてきてもらったことについて感謝します。「確かに非常に汚くないね。連れてきてくれてありがとう。」,-12.961472988128662,0.0026180751156061888
142,汚い,acknowledge,friend,微妙に,古いからと大輔が敬遠していた店に、友人がちゃんと手入れされていると言って連れて行きます。大輔は半信半疑でした。しかし、友人の言った通りに清潔です。連れてきてもらったことについて感謝します。「確かに微妙に汚くないね。連れてきてくれてありがとう。」,-15.008883655071259,0.00033791171154007316
142,汚い,acknowledge,friend,普通に,古いからと大輔が敬遠していた店に、友人がちゃんと手入れされていると言って連れて行きます。大輔は半信半疑でした。しかし、友人の言った通りに清潔です。連れてきてもらったことについて感謝します。「確かに普通に汚くないね。連れてきてくれてありがとう。」,-13.482240200042725,0.0015553059056401253
142,汚い,acknowledge,friend,本当に,古いからと大輔が敬遠していた店に、友人がちゃんと手入れされていると言って連れて行きます。大輔は半信半疑でした。しかし、友人の言った通りに清潔です。連れてきてもらったことについて感謝します。「確かに本当に汚くないね。連れてきてくれてありがとう。」,-10.44238805770874,0.03250924125313759
142,汚い,acknowledge,friend,全く,古いからと大輔が敬遠していた店に、友人がちゃんと手入れされていると言って連れて行きます。大輔は半信半疑でした。しかし、友人の言った通りに清潔です。連れてきてもらったことについて感謝します。「確かに全く汚くないね。連れてきてくれてありがとう。」,-11.610066890716553,0.010113240219652653
143,汚い,neutral-positive,friend,あまり,内見から戻った大輔は、その部屋を借りようか迷っている友人に、どれくらい汚いか聞かれ、答えます。「部屋、あまり汚くないよ。」,-4.781968593597412,0.13836409151554108
143,汚い,neutral-positive,friend,いまいち,内見から戻った大輔は、その部屋を借りようか迷っている友人に、どれくらい汚いか聞かれ、答えます。「部屋、いまいち汚くないよ。」,-10.043543457984924,0.0007177122170105577
143,汚い,neutral-positive,friend,かなり,内見から戻った大輔は、その部屋を借りようか迷っている友人に、どれくらい汚いか聞かれ、答えます。「部屋、かなり汚くないよ。」,-9.712575435638428,0.0009992815321311355
143,汚い,neutral-positive,friend,すごく,内見から戻った大輔は、その部屋を借りようか迷っている友人に、どれくらい汚いか聞かれ、答えます。「部屋、すごく汚くないよ。」,-8.332398891448975,0.0039727468974888325
143,汚い,neutral-positive,friend,そこまで,内見から戻った大輔は、その部屋を借りようか迷っている友人に、どれくらい汚いか聞かれ、答えます。「部屋、そこまで汚くないよ。」,-6.72180700302124,0.01988667994737625
143,汚い,neutral-positive,friend,それほど,内見から戻った大輔は、その部屋を借りようか迷っている友人に、どれくらい汚いか聞かれ、答えます。「部屋、それほど汚くないよ。」,-5.759313106536865,0.05206766352057457
143,汚い,neutral-positive,friend,そんなに,内見から戻った大輔は、その部屋を借りようか迷っている友人に、どれくらい汚いか聞かれ、答えます。「部屋、そんなに汚くないよ。」,-3.167813718318939,0.6950914263725281
143,汚い,neutral-positive,friend,たいして,内見から戻った大輔は、その部屋を借りようか迷っている友人に、どれくらい汚いか聞かれ、答えます。「部屋、たいして汚くないよ。」,-10.484372973442078,0.00046184961684048176
143,汚い,neutral-positive,friend,だいぶ,内見から戻った大輔は、その部屋を借りようか迷っている友人に、どれくらい汚いか聞かれ、答えます。「部屋、だいぶ汚くないよ。」,-9.104214870370924,0.0018360975664108992
143,汚い,neutral-positive,friend,ちっとも,内見から戻った大輔は、その部屋を借りようか迷っている友人に、どれくらい汚いか聞かれ、答えます。「部屋、ちっとも汚くないよ。」,-13.750908106565475,1.761419298418332e-05
143,汚い,neutral-positive,friend,ちょっと,内見から戻った大輔は、その部屋を借りようか迷っている友人に、どれくらい汚いか聞かれ、答えます。「部屋、ちょっと汚くないよ。」,-8.506040096282959,0.0033394847996532917
143,汚い,neutral-positive,friend,とても,内見から戻った大輔は、その部屋を借りようか迷っている友人に、どれくらい汚いか聞かれ、答えます。「部屋、とても汚くないよ。」,-7.197263240814209,0.012361587956547737
143,汚い,neutral-positive,friend,なかなか,内見から戻った大輔は、その部屋を借りようか迷っている友人に、どれくらい汚いか聞かれ、答えます。「部屋、なかなか汚くないよ。」,-8.755544185638428,0.00260208360850811
143,汚い,neutral-positive,friend,（なし）,内見から戻った大輔は、その部屋を借りようか迷っている友人に、どれくらい汚いか聞かれ、答えます。「部屋、（なし）汚くないよ。」,-27.363030433654785,2.1587060264338653e-11
143,汚い,neutral-positive,friend,ひどく,内見から戻った大輔は、その部屋を借りようか迷っている友人に、どれくらい汚いか聞かれ、答えます。「部屋、ひどく汚くないよ。」,-13.143485754728317,3.233424649806693e-05
143,汚い,neutral-positive,friend,まあまあ,内見から戻った大輔は、その部屋を借りようか迷っている友人に、どれくらい汚いか聞かれ、答えます。「部屋、まあまあ汚くないよ。」,-10.578989505767822,0.0004201548872515559
143,汚い,neutral-positive,friend,マジで,内見から戻った大輔は、その部屋を借りようか迷っている友人に、どれくらい汚いか聞かれ、答えます。「部屋、マジで汚くないよ。」,-11.357861995697021,0.00019281871209386736
143,汚い,neutral-positive,friend,めっちゃ,内見から戻った大輔は、その部屋を借りようか迷っている友人に、どれくらい汚いか聞かれ、答えます。「部屋、めっちゃ汚くないよ。」,-10.2660508826375,0.0005745350499637425
143,汚い,neutral-positive,friend,やや,内見から戻った大輔は、その部屋を借りようか迷っている友人に、どれくらい汚いか聞かれ、答えます。「部屋、やや汚くないよ。」,-14.026458024978638,1.3371882232604548e-05
143,汚い,neutral-positive,friend,結構,内見から戻った大輔は、その部屋を借りようか迷っている友人に、どれくらい汚いか聞かれ、答えます。「部屋、結構汚くないよ。」,-11.196724891662598,0.0002265321818413213
143,汚い,neutral-positive,friend,若干,内見から戻った大輔は、その部屋を借りようか迷っている友人に、どれくらい汚いか聞かれ、答えます。「部屋、若干汚くないよ。」,-13.235932350158691,2.947904431493953e-05
143,汚い,neutral-positive,friend,少し,内見から戻った大輔は、その部屋を借りようか迷っている友人に、どれくらい汚いか聞かれ、答えます。「部屋、少し汚くないよ。」,-10.455639839172363,0.000475312554044649
143,汚い,neutral-positive,friend,少しも,内見から戻った大輔は、その部屋を借りようか迷っている友人に、どれくらい汚いか聞かれ、答えます。「部屋、少しも汚くないよ。」,-10.38449913263321,0.000510358193423599
143,汚い,neutral-positive,friend,全然,内見から戻った大輔は、その部屋を借りようか迷っている友人に、どれくらい汚いか聞かれ、答えます。「部屋、全然汚くないよ。」,-5.797433376312256,0.05012018233537674
143,汚い,neutral-positive,friend,相当,内見から戻った大輔は、その部屋を借りようか迷っている友人に、どれくらい汚いか聞かれ、答えます。「部屋、相当汚くないよ。」,-9.736165523529053,0.0009759842650964856
143,汚い,neutral-positive,friend,超,内見から戻った大輔は、その部屋を借りようか迷っている友人に、どれくらい汚いか聞かれ、答えます。「部屋、超汚くないよ。」,-11.11113452911377,0.0002467752492520958
143,汚い,neutral-positive,friend,非常に,内見から戻った大輔は、その部屋を借りようか迷っている友人に、どれくらい汚いか聞かれ、答えます。「部屋、非常に汚くないよ。」,-10.920315742492676,0.0002986572799272835
143,汚い,neutral-positive,friend,微妙に,内見から戻った大輔は、その部屋を借りようか迷っている友人に、どれくらい汚いか聞かれ、答えます。「部屋、微妙に汚くないよ。」,-11.872248142957687,0.00011528014147188514
143,汚い,neutral-positive,friend,普通に,内見から戻った大輔は、その部屋を借りようか迷っている友人に、どれくらい汚いか聞かれ、答えます。「部屋、普通に汚くないよ。」,-11.607365608215332,0.00015024185995571315
143,汚い,neutral-positive,friend,本当に,内見から戻った大輔は、その部屋を借りようか迷っている友人に、どれくらい汚いか聞かれ、答えます。「部屋、本当に汚くないよ。」,-7.673867702484131,0.0076751625165343285
143,汚い,neutral-positive,friend,全く,内見から戻った大輔は、その部屋を借りようか迷っている友人に、どれくらい汚いか聞かれ、答えます。「部屋、全く汚くないよ。」,-7.883355617523193,0.006224552635103464
144,汚い,neutral-negative,friend,あまり,内見から戻った大輔は、その部屋を借りようか迷っている友人に、どれくらい汚いか聞かれ、答えます。「部屋、あまり汚いよ。」,-7.573832392692566,0.00583491800352931
144,汚い,neutral-negative,friend,いまいち,内見から戻った大輔は、その部屋を借りようか迷っている友人に、どれくらい汚いか聞かれ、答えます。「部屋、いまいち汚いよ。」,-11.61974835395813,0.00010207419109065086
144,汚い,neutral-negative,friend,かなり,内見から戻った大輔は、その部屋を借りようか迷っている友人に、どれくらい汚いか聞かれ、答えます。「部屋、かなり汚いよ。」,-4.1222981214523315,0.1840844303369522
144,汚い,neutral-negative,friend,すごく,内見から戻った大輔は、その部屋を借りようか迷っている友人に、どれくらい汚いか聞かれ、答えます。「部屋、すごく汚いよ。」,-4.658659815788269,0.10766588896512985
144,汚い,neutral-negative,friend,そこまで,内見から戻った大輔は、その部屋を借りようか迷っている友人に、どれくらい汚いか聞かれ、答えます。「部屋、そこまで汚いよ。」,-10.185267329216003,0.0004284527967683971
144,汚い,neutral-negative,friend,それほど,内見から戻った大輔は、その部屋を借りようか迷っている友人に、どれくらい汚いか聞かれ、答えます。「部屋、それほど汚いよ。」,-8.968214869499207,0.0014469786547124386
144,汚い,neutral-negative,friend,そんなに,内見から戻った大輔は、その部屋を借りようか迷っている友人に、どれくらい汚いか聞かれ、答えます。「部屋、そんなに汚いよ。」,-7.121470332145691,0.009172613732516766
144,汚い,neutral-negative,friend,たいして,内見から戻った大輔は、その部屋を借りようか迷っている友人に、どれくらい汚いか聞かれ、答えます。「部屋、たいして汚いよ。」,-11.17079508304596,0.00015991661348380148
144,汚い,neutral-negative,friend,だいぶ,内見から戻った大輔は、その部屋を借りようか迷っている友人に、どれくらい汚いか聞かれ、答えます。「部屋、だいぶ汚いよ。」,-7.5563187398947775,0.005938009358942509
144,汚い,neutral-negative,friend,ちっとも,内見から戻った大輔は、その部屋を借りようか迷っている友人に、どれくらい汚いか聞かれ、答えます。「部屋、ちっとも汚いよ。」,-14.793237209320068,4.272547812433913e-06
144,汚い,neutral-negative,friend,ちょっと,内見から戻った大輔は、その部屋を借りようか迷っている友人に、どれくらい汚いか聞かれ、答えます。「部屋、ちょっと汚いよ。」,-4.476206660270691,0.1292160600423813
144,汚い,neutral-negative,friend,とても,内見から戻った大輔は、その部屋を借りようか迷っている友人に、どれくらい汚いか聞かれ、答えます。「部屋、とても汚いよ。」,-4.442294001579285,0.1336732804775238
144,汚い,neutral-negative,friend,なかなか,内見から戻った大輔は、その部屋を借りようか迷っている友人に、どれくらい汚いか聞かれ、答えます。「部屋、なかなか汚いよ。」,-7.28277862071991,0.0078061665408313274
144,汚い,neutral-negative,friend,（なし）,内見から戻った大輔は、その部屋を借りようか迷っている友人に、どれくらい汚いか聞かれ、答えます。「部屋、（なし）汚いよ。」,-25.506857872009277,9.502126169236291e-11
144,汚い,neutral-negative,friend,ひどく,内見から戻った大輔は、その部屋を借りようか迷っている友人に、どれくらい汚いか聞かれ、答えます。「部屋、ひどく汚いよ。」,-11.351749897003174,0.0001334462285740301
144,汚い,neutral-negative,friend,まあまあ,内見から戻った大輔は、その部屋を借りようか迷っている友人に、どれくらい汚いか聞かれ、答えます。「部屋、まあまあ汚いよ。」,-8.900177717208862,0.00154885312076658
144,汚い,neutral-negative,friend,マジで,内見から戻った大輔は、その部屋を借りようか迷っている友人に、どれくらい汚いか聞かれ、答えます。「部屋、マジで汚いよ。」,-9.841740131378174,0.0006040810258127749
144,汚い,neutral-negative,friend,めっちゃ,内見から戻った大輔は、その部屋を借りようか迷っている友人に、どれくらい汚いか聞かれ、答えます。「部屋、めっちゃ汚いよ。」,-8.658597595989704,0.0019720918498933315
144,汚い,neutral-negative,friend,やや,内見から戻った大輔は、その部屋を借りようか迷っている友人に、どれくらい汚いか聞かれ、答えます。「部屋、やや汚いよ。」,-10.69877541065216,0.00025638306397013366
144,汚い,neutral-negative,friend,結構,内見から戻った大輔は、その部屋を借りようか迷っている友人に、どれくらい汚いか聞かれ、答えます。「部屋、結構汚いよ。」,-5.146021723747253,0.06613319367170334
144,汚い,neutral-negative,friend,若干,内見から戻った大輔は、その部屋を借りようか迷っている友人に、どれくらい汚いか聞かれ、答えます。「部屋、若干汚いよ。」,-10.013697504997253,0.0005086450255475938
144,汚い,neutral-negative,friend,少し,内見から戻った大輔は、その部屋を借りようか迷っている友人に、どれくらい汚いか聞かれ、答えます。「部屋、少し汚いよ。」,-6.345240473747253,0.019934505224227905
144,汚い,neutral-negative,friend,少しも,内見から戻った大輔は、その部屋を借りようか迷っている友人に、どれくらい汚いか聞かれ、答えます。「部屋、少しも汚いよ。」,-11.048991918563843,0.00018063091556541622
144,汚い,neutral-negative,friend,全然,内見から戻った大輔は、その部屋を借りようか迷っている友人に、どれくらい汚いか聞かれ、答えます。「部屋、全然汚いよ。」,-7.388338923454285,0.007024146616458893
144,汚い,neutral-negative,friend,相当,内見から戻った大輔は、その部屋を借りようか迷っている友人に、どれくらい汚いか聞かれ、答えます。「部屋、相当汚いよ。」,-5.206660151481628,0.06224215030670166
144,汚い,neutral-negative,friend,超,内見から戻った大輔は、その部屋を借りようか迷っている友人に、どれくらい汚いか聞かれ、答えます。「部屋、超汚いよ。」,-7.063273310661316,0.00972227193415165
144,汚い,neutral-negative,friend,非常に,内見から戻った大輔は、その部屋を借りようか迷っている友人に、どれくらい汚いか聞かれ、答えます。「部屋、非常に汚いよ。」,-6.683680415153503,0.014210941269993782
144,汚い,neutral-negative,friend,微妙に,内見から戻った大輔は、その部屋を借りようか迷っている友人に、どれくらい汚いか聞かれ、答えます。「部屋、微妙に汚いよ。」,-9.2901555262506,0.001048685284331441
144,汚い,neutral-negative,friend,普通に,内見から戻った大輔は、その部屋を借りようか迷っている友人に、どれくらい汚いか聞かれ、答えます。「部屋、普通に汚いよ。」,-8.073538661003113,0.0035400965716689825
144,汚い,neutral-negative,friend,本当に,内見から戻った大輔は、その部屋を借りようか迷っている友人に、どれくらい汚いか聞かれ、答えます。「部屋、本当に汚いよ。」,-3.9232624769210815,0.22462449967861176
144,汚い,neutral-negative,friend,全く,内見から戻った大輔は、その部屋を借りようか迷っている友人に、どれくらい汚いか聞かれ、答えます。「部屋、全く汚いよ。」,-9.583224177360535,0.0007822885527275503
145,汚い,annoyed,friend,あまり,大輔は友人とルームシェアをしています。友人が共用スペースを掃除する番なのに、何日も手をつけず、物や食器が溜まったままです。何度か声をかけても変わらないので、苛立った大輔は言います。「この部屋あまり汚いんだけど、いつになったら綺麗にしてくれるの？」,-8.149048805236816,0.007708693854510784
145,汚い,annoyed,friend,いまいち,大輔は友人とルームシェアをしています。友人が共用スペースを掃除する番なのに、何日も手をつけず、物や食器が溜まったままです。何度か声をかけても変わらないので、苛立った大輔は言います。「この部屋いまいち汚いんだけど、いつになったら綺麗にしてくれるの？」,-10.996049046516418,0.00044724380131810904
145,汚い,annoyed,friend,かなり,大輔は友人とルームシェアをしています。友人が共用スペースを掃除する番なのに、何日も手をつけず、物や食器が溜まったままです。何度か声をかけても変わらないので、苛立った大輔は言います。「この部屋かなり汚いんだけど、いつになったら綺麗にしてくれるの？」,-6.4438676834106445,0.042416177690029144
145,汚い,annoyed,friend,すごく,大輔は友人とルームシェアをしています。友人が共用スペースを掃除する番なのに、何日も手をつけず、物や食器が溜まったままです。何度か声をかけても変わらないので、苛立った大輔は言います。「この部屋すごく汚いんだけど、いつになったら綺麗にしてくれるの？」,-5.235936164855957,0.14194808900356293
145,汚い,annoyed,friend,そこまで,大輔は友人とルームシェアをしています。友人が共用スペースを掃除する番なのに、何日も手をつけず、物や食器が溜まったままです。何度か声をかけても変わらないので、苛立った大輔は言います。「この部屋そこまで汚いんだけど、いつになったら綺麗にしてくれるの？」,-10.929997444152832,0.00047778242151252925
145,汚い,annoyed,friend,それほど,大輔は友人とルームシェアをしています。友人が共用スペースを掃除する番なのに、何日も手をつけず、物や食器が溜まったままです。何度か声をかけても変わらないので、苛立った大輔は言います。「この部屋それほど汚いんだけど、いつになったら綺麗にしてくれるの？」,-10.8919038772583,0.0004963339306414127
145,汚い,annoyed,friend,そんなに,大輔は友人とルームシェアをしています。友人が共用スペースを掃除する番なのに、何日も手をつけず、物や食器が溜まったままです。何度か声をかけても変わらないので、苛立った大輔は言います。「この部屋そんなに汚いんだけど、いつになったら綺麗にしてくれるの？」,-8.088784217834473,0.00818753894418478
145,汚い,annoyed,friend,たいして,大輔は友人とルームシェアをしています。友人が共用スペースを掃除する番なのに、何日も手をつけず、物や食器が溜まったままです。何度か声をかけても変わらないので、苛立った大輔は言います。「この部屋たいして汚いんだけど、いつになったら綺麗にしてくれるの？」,-12.809425592422485,7.2946582804434e-05
145,汚い,annoyed,friend,だいぶ,大輔は友人とルームシェアをしています。友人が共用スペースを掃除する番なのに、何日も手をつけず、物や食器が溜まったままです。何度か声をかけても変わらないので、苛立った大輔は言います。「この部屋だいぶ汚いんだけど、いつになったら綺麗にしてくれるの？」,-8.843209719285369,0.0038504432886838913
145,汚い,annoyed,friend,ちっとも,大輔は友人とルームシェアをしています。友人が共用スペースを掃除する番なのに、何日も手をつけず、物や食器が溜まったままです。何度か声をかけても変わらないので、苛立った大輔は言います。「この部屋ちっとも汚いんだけど、いつになったら綺麗にしてくれるの？」,-17.313341975212097,8.071963861766562e-07
145,汚い,annoyed,friend,ちょっと,大輔は友人とルームシェアをしています。友人が共用スペースを掃除する番なのに、何日も手をつけず、物や食器が溜まったままです。何度か声をかけても変わらないので、苛立った大輔は言います。「この部屋ちょっと汚いんだけど、いつになったら綺麗にしてくれるの？」,-5.492951393127441,0.10977645963430405
145,汚い,annoyed,friend,とても,大輔は友人とルームシェアをしています。友人が共用スペースを掃除する番なのに、何日も手をつけず、物や食器が溜まったままです。何度か声をかけても変わらないので、苛立った大輔は言います。「この部屋とても汚いんだけど、いつになったら綺麗にしてくれるの？」,-5.646489143371582,0.0941518098115921
145,汚い,annoyed,friend,なかなか,大輔は友人とルームシェアをしています。友人が共用スペースを掃除する番なのに、何日も手をつけず、物や食器が溜まったままです。何度か声をかけても変わらないので、苛立った大輔は言います。「この部屋なかなか汚いんだけど、いつになったら綺麗にしてくれるの？」,-7.835728645324707,0.010545180179178715
145,汚い,annoyed,friend,（なし）,大輔は友人とルームシェアをしています。友人が共用スペースを掃除する番なのに、何日も手をつけず、物や食器が溜まったままです。何度か声をかけても変わらないので、苛立った大輔は言います。「この部屋（なし）汚いんだけど、いつになったら綺麗にしてくれるの？」,-17.02698626369238,1.0748335625976324e-06
145,汚い,annoyed,friend,ひどく,大輔は友人とルームシェアをしています。友人が共用スペースを掃除する番なのに、何日も手をつけず、物や食器が溜まったままです。何度か声をかけても変わらないので、苛立った大輔は言います。「この部屋ひどく汚いんだけど、いつになったら綺麗にしてくれるの？」,-13.194515526294708,4.963208994013257e-05
145,汚い,annoyed,friend,まあまあ,大輔は友人とルームシェアをしています。友人が共用スペースを掃除する番なのに、何日も手をつけず、物や食器が溜まったままです。何度か声をかけても変わらないので、苛立った大輔は言います。「この部屋まあまあ汚いんだけど、いつになったら綺麗にしてくれるの？」,-9.623645409941673,0.0017642960883677006
145,汚い,annoyed,friend,マジで,大輔は友人とルームシェアをしています。友人が共用スペースを掃除する番なのに、何日も手をつけず、物や食器が溜まったままです。何度か声をかけても変わらないので、苛立った大輔は言います。「この部屋マジで汚いんだけど、いつになったら綺麗にしてくれるの？」,-11.241975516080856,0.00034973546280525625
145,汚い,annoyed,friend,めっちゃ,大輔は友人とルームシェアをしています。友人が共用スペースを掃除する番なのに、何日も手をつけず、物や食器が溜まったままです。何度か声をかけても変わらないので、苛立った大輔は言います。「この部屋めっちゃ汚いんだけど、いつになったら綺麗にしてくれるの？」,-9.778609372675419,0.001511025126092136
145,汚い,annoyed,friend,やや,大輔は友人とルームシェアをしています。友人が共用スペースを掃除する番なのに、何日も手をつけず、物や食器が溜まったままです。何度か声をかけても変わらないので、苛立った大輔は言います。「この部屋やや汚いんだけど、いつになったら綺麗にしてくれるの？」,-10.408411502838135,0.0008049191092140973
145,汚い,annoyed,friend,結構,大輔は友人とルームシェアをしています。友人が共用スペースを掃除する番なのに、何日も手をつけず、物や食器が溜まったままです。何度か声をかけても変わらないので、苛立った大輔は言います。「この部屋結構汚いんだけど、いつになったら綺麗にしてくれるの？」,-5.734780311584473,0.0861954316496849
145,汚い,annoyed,friend,若干,大輔は友人とルームシェアをしています。友人が共用スペースを掃除する番なのに、何日も手をつけず、物や食器が溜まったままです。何度か声をかけても変わらないので、苛立った大輔は言います。「この部屋若干汚いんだけど、いつになったら綺麗にしてくれるの？」,-10.718724250793457,0.0005901806289330125
145,汚い,annoyed,friend,少し,大輔は友人とルームシェアをしています。友人が共用スペースを掃除する番なのに、何日も手をつけず、物や食器が溜まったままです。何度か声をかけても変わらないので、苛立った大輔は言います。「この部屋少し汚いんだけど、いつになったら綺麗にしてくれるの？」,-7.808194160461426,0.010839570313692093
145,汚い,annoyed,friend,少しも,大輔は友人とルームシェアをしています。友人が共用スペースを掃除する番なのに、何日も手をつけず、物や食器が溜まったままです。何度か声をかけても変わらないので、苛立った大輔は言います。「この部屋少しも汚いんだけど、いつになったら綺麗にしてくれるの？」,-13.703922271728516,2.9821529096807353e-05
145,汚い,annoyed,friend,全然,大輔は友人とルームシェアをしています。友人が共用スペースを掃除する番なのに、何日も手をつけず、物や食器が溜まったままです。何度か声をかけても変わらないので、苛立った大輔は言います。「この部屋全然汚いんだけど、いつになったら綺麗にしてくれるの？」,-8.134236335754395,0.007823728956282139
145,汚い,annoyed,friend,相当,大輔は友人とルームシェアをしています。友人が共用スペースを掃除する番なのに、何日も手をつけず、物や食器が溜まったままです。何度か声をかけても変わらないので、苛立った大輔は言います。「この部屋相当汚いんだけど、いつになったら綺麗にしてくれるの？」,-6.9408464431762695,0.025804556906223297
145,汚い,annoyed,friend,超,大輔は友人とルームシェアをしています。友人が共用スペースを掃除する番なのに、何日も手をつけず、物や食器が溜まったままです。何度か声をかけても変わらないので、苛立った大輔は言います。「この部屋超汚いんだけど、いつになったら綺麗にしてくれるの？」,-6.901680946350098,0.026835257187485695
145,汚い,annoyed,friend,非常に,大輔は友人とルームシェアをしています。友人が共用スペースを掃除する番なのに、何日も手をつけず、物や食器が溜まったままです。何度か声をかけても変わらないので、苛立った大輔は言います。「この部屋非常に汚いんだけど、いつになったら綺麗にしてくれるの？」,-8.042840003967285,0.008572484366595745
145,汚い,annoyed,friend,微妙に,大輔は友人とルームシェアをしています。友人が共用スペースを掃除する番なのに、何日も手をつけず、物や食器が溜まったままです。何度か声をかけても変わらないので、苛立った大輔は言います。「この部屋微妙に汚いんだけど、いつになったら綺麗にしてくれるの？」,-10.671809807419777,0.0006185281090438366
145,汚い,annoyed,friend,普通に,大輔は友人とルームシェアをしています。友人が共用スペースを掃除する番なのに、何日も手をつけず、物や食器が溜まったままです。何度か声をかけても変わらないので、苛立った大輔は言います。「この部屋普通に汚いんだけど、いつになったら綺麗にしてくれるの？」,-9.071953773498535,0.00306314998306334
145,汚い,annoyed,friend,本当に,大輔は友人とルームシェアをしています。友人が共用スペースを掃除する番なのに、何日も手をつけず、物や食器が溜まったままです。何度か声をかけても変わらないので、苛立った大輔は言います。「この部屋本当に汚いんだけど、いつになったら綺麗にしてくれるの？」,-4.188858985900879,0.40445423126220703
145,汚い,annoyed,friend,全く,大輔は友人とルームシェアをしています。友人が共用スペースを掃除する番なのに、何日も手をつけず、物や食器が溜まったままです。何度か声をかけても変わらないので、苛立った大輔は言います。「この部屋全く汚いんだけど、いつになったら綺麗にしてくれるの？」,-10.680974006652832,0.0006128859240561724
146,汚い,encouraging,friend,あまり,友人が先に選んでくれた席が、汚れていました。それを申し訳ないと言ってきた友人を、大輔が励まします。「席、あまり汚くないよ。拭けば大丈夫。」,-7.323132276535034,0.12649524211883545
146,汚い,encouraging,friend,いまいち,友人が先に選んでくれた席が、汚れていました。それを申し訳ないと言ってきた友人を、大輔が励まします。「席、いまいち汚くないよ。拭けば大丈夫。」,-13.477514624595642,0.0002686953521333635
146,汚い,encouraging,friend,かなり,友人が先に選んでくれた席が、汚れていました。それを申し訳ないと言ってきた友人を、大輔が励まします。「席、かなり汚くないよ。拭けば大丈夫。」,-11.844440937042236,0.0013756093103438616
146,汚い,encouraging,friend,すごく,友人が先に選んでくれた席が、汚れていました。それを申し訳ないと言ってきた友人を、大輔が励まします。「席、すごく汚くないよ。拭けば大丈夫。」,-10.643986225128174,0.004569261334836483
146,汚い,encouraging,friend,そこまで,友人が先に選んでくれた席が、汚れていました。それを申し訳ないと言ってきた友人を、大輔が励まします。「席、そこまで汚くないよ。拭けば大丈夫。」,-9.180504322052002,0.019743679091334343
146,汚い,encouraging,friend,それほど,友人が先に選んでくれた席が、汚れていました。それを申し訳ないと言ってきた友人を、大輔が励まします。「席、それほど汚くないよ。拭けば大丈夫。」,-9.190090656280518,0.019555313512682915
146,汚い,encouraging,friend,そんなに,友人が先に選んでくれた席が、汚れていました。それを申し訳ないと言ってきた友人を、大輔が励まします。「席、そんなに汚くないよ。拭けば大丈夫。」,-5.832218885421753,0.5617843866348267
146,汚い,encouraging,friend,たいして,友人が先に選んでくれた席が、汚れていました。それを申し訳ないと言ってきた友人を、大輔が励まします。「席、たいして汚くないよ。拭けば大丈夫。」,-14.43444299697876,0.00010319805005565286
146,汚い,encouraging,friend,だいぶ,友人が先に選んでくれた席が、汚れていました。それを申し訳ないと言ってきた友人を、大輔が励まします。「席、だいぶ汚くないよ。拭けば大丈夫。」,-12.11761829862371,0.0010467799147590995
146,汚い,encouraging,friend,ちっとも,友人が先に選んでくれた席が、汚れていました。それを申し訳ないと言ってきた友人を、大輔が励まします。「席、ちっとも汚くないよ。拭けば大丈夫。」,-17.375506103038788,5.449844593385933e-06
146,汚い,encouraging,friend,ちょっと,友人が先に選んでくれた席が、汚れていました。それを申し訳ないと言ってきた友人を、大輔が励まします。「席、ちょっと汚くないよ。拭けば大丈夫。」,-9.396042346954346,0.015915529802441597
146,汚い,encouraging,friend,とても,友人が先に選んでくれた席が、汚れていました。それを申し訳ないと言ってきた友人を、大輔が励まします。「席、とても汚くないよ。拭けば大丈夫。」,-9.511929035186768,0.014173991978168488
146,汚い,encouraging,friend,なかなか,友人が先に選んでくれた席が、汚れていました。それを申し訳ないと言ってきた友人を、大輔が励まします。「席、なかなか汚くないよ。拭けば大丈夫。」,-10.102261066436768,0.007854421623051167
146,汚い,encouraging,friend,（なし）,友人が先に選んでくれた席が、汚れていました。それを申し訳ないと言ってきた友人を、大輔が励まします。「席、（なし）汚くないよ。拭けば大丈夫。」,-30.876262664794922,7.465851721566441e-12
146,汚い,encouraging,friend,ひどく,友人が先に選んでくれた席が、汚れていました。それを申し訳ないと言ってきた友人を、大輔が励まします。「席、ひどく汚くないよ。拭けば大丈夫。」,-15.940884530544281,2.2878737581777386e-05
146,汚い,encouraging,friend,まあまあ,友人が先に選んでくれた席が、汚れていました。それを申し訳ないと言ってきた友人を、大輔が励まします。「席、まあまあ汚くないよ。拭けば大丈夫。」,-13.572800874710083,0.00024427432799711823
146,汚い,encouraging,friend,マジで,友人が先に選んでくれた席が、汚れていました。それを申し訳ないと言ってきた友人を、大輔が励まします。「席、マジで汚くないよ。拭けば大丈夫。」,-13.794642508029938,0.00019567400158848614
146,汚い,encouraging,friend,めっちゃ,友人が先に選んでくれた席が、汚れていました。それを申し訳ないと言ってきた友人を、大輔が励まします。「席、めっちゃ汚くないよ。拭けば大丈夫。」,-13.337565198540688,0.00030905744642950594
146,汚い,encouraging,friend,やや,友人が先に選んでくれた席が、汚れていました。それを申し訳ないと言ってきた友人を、大輔が励まします。「席、やや汚くないよ。拭けば大丈夫。」,-17.35075330734253,5.586420229519717e-06
146,汚い,encouraging,friend,結構,友人が先に選んでくれた席が、汚れていました。それを申し訳ないと言ってきた友人を、大輔が励まします。「席、結構汚くないよ。拭けば大丈夫。」,-12.01728868484497,0.001157253049314022
146,汚い,encouraging,friend,若干,友人が先に選んでくれた席が、汚れていました。それを申し訳ないと言ってきた友人を、大輔が励まします。「席、若干汚くないよ。拭けば大丈夫。」,-15.16556978225708,4.96760658279527e-05
146,汚い,encouraging,friend,少し,友人が先に選んでくれた席が、汚れていました。それを申し訳ないと言ってきた友人を、大輔が励まします。「席、少し汚くないよ。拭けば大丈夫。」,-12.135063648223877,0.0010286775650456548
146,汚い,encouraging,friend,少しも,友人が先に選んでくれた席が、汚れていました。それを申し訳ないと言ってきた友人を、大輔が励まします。「席、少しも汚くないよ。拭けば大丈夫。」,-13.931953608989716,0.0001705688628135249
146,汚い,encouraging,friend,全然,友人が先に選んでくれた席が、汚れていました。それを申し訳ないと言ってきた友人を、大輔が励まします。「席、全然汚くないよ。拭けば大丈夫。」,-6.9603431224823,0.1818157583475113
146,汚い,encouraging,friend,相当,友人が先に選んでくれた席が、汚れていました。それを申し訳ないと言ってきた友人を、大輔が励まします。「席、相当汚くないよ。拭けば大丈夫。」,-12.27494478225708,0.0008943956345319748
146,汚い,encouraging,friend,超,友人が先に選んでくれた席が、汚れていました。それを申し訳ないと言ってきた友人を、大輔が励まします。「席、超汚くないよ。拭けば大丈夫。」,-13.025509357452393,0.000422244134824723
146,汚い,encouraging,friend,非常に,友人が先に選んでくれた席が、汚れていました。それを申し訳ないと言ってきた友人を、大輔が励まします。「席、非常に汚くないよ。拭けば大丈夫。」,-13.411980152130127,0.00028689403552562
146,汚い,encouraging,friend,微妙に,友人が先に選んでくれた席が、汚れていました。それを申し訳ないと言ってきた友人を、大輔が励まします。「席、微妙に汚くないよ。拭けば大丈夫。」,-14.98845186829567,5.9301852161297575e-05
146,汚い,encouraging,friend,普通に,友人が先に選んでくれた席が、汚れていました。それを申し訳ないと言ってきた友人を、大輔が励まします。「席、普通に汚くないよ。拭けば大丈夫。」,-12.700733661651611,0.0005842677201144397
146,汚い,encouraging,friend,本当に,友人が先に選んでくれた席が、汚れていました。それを申し訳ないと言ってきた友人を、大輔が励まします。「席、本当に汚くないよ。拭けば大丈夫。」,-8.731167316436768,0.0309437308460474
146,汚い,encouraging,friend,全く,友人が先に選んでくれた席が、汚れていました。それを申し訳ないと言ってきた友人を、大輔が励まします。「席、全く汚くないよ。拭けば大丈夫。」,-9.975243091583252,0.008918204344809055
147,汚い,warning,colleague,あまり,来客の準備を担当している同僚が、応接室の片付けを終えます。大輔は力になりたいと思い、遠慮がちに指摘します。「そのテーブルだけあまり汚いので、拭いておかれてはどうですか？」,-12.830061435699463,0.004673234652727842
147,汚い,warning,colleague,いまいち,来客の準備を担当している同僚が、応接室の片付けを終えます。大輔は力になりたいと思い、遠慮がちに指摘します。「そのテーブルだけいまいち汚いので、拭いておかれてはどうですか？」,-14.6630117893219,0.0007474416051991284
147,汚い,warning,colleague,かなり,来客の準備を担当している同僚が、応接室の片付けを終えます。大輔は力になりたいと思い、遠慮がちに指摘します。「そのテーブルだけかなり汚いので、拭いておかれてはどうですか？」,-10.321970462799072,0.057394154369831085
147,汚い,warning,colleague,すごく,来客の準備を担当している同僚が、応接室の片付けを終えます。大輔は力になりたいと思い、遠慮がちに指摘します。「そのテーブルだけすごく汚いので、拭いておかれてはどうですか？」,-11.036882877349854,0.02807922661304474
147,汚い,warning,colleague,そこまで,来客の準備を担当している同僚が、応接室の片付けを終えます。大輔は力になりたいと思い、遠慮がちに指摘します。「そのテーブルだけそこまで汚いので、拭いておかれてはどうですか？」,-16.393149375915527,0.00013249136100057513
147,汚い,warning,colleague,それほど,来客の準備を担当している同僚が、応接室の片付けを終えます。大輔は力になりたいと思い、遠慮がちに指摘します。「そのテーブルだけそれほど汚いので、拭いておかれてはどうですか？」,-15.237566947937012,0.00042077607940882444
147,汚い,warning,colleague,そんなに,来客の準備を担当している同僚が、応接室の片付けを終えます。大輔は力になりたいと思い、遠慮がちに指摘します。「そのテーブルだけそんなに汚いので、拭いておかれてはどうですか？」,-13.38577938079834,0.0026808478869497776
147,汚い,warning,colleague,たいして,来客の準備を担当している同僚が、応接室の片付けを終えます。大輔は力になりたいと思い、遠慮がちに指摘します。「そのテーブルだけたいして汚いので、拭いておかれてはどうですか？」,-16.740387439727783,9.362344280816615e-05
147,汚い,warning,colleague,だいぶ,来客の準備を担当している同僚が、応接室の片付けを終えます。大輔は力になりたいと思い、遠慮がちに指摘します。「そのテーブルだけだいぶ汚いので、拭いておかれてはどうですか？」,-13.861825168249197,0.0016654367791488767
147,汚い,warning,colleague,ちっとも,来客の準備を担当している同僚が、応接室の片付けを終えます。大輔は力になりたいと思い、遠慮がちに指摘します。「そのテーブルだけちっとも汚いので、拭いておかれてはどうですか？」,-21.781449377536774,6.054504524399817e-07
147,汚い,warning,colleague,ちょっと,来客の準備を担当している同僚が、応接室の片付けを終えます。大輔は力になりたいと思い、遠慮がちに指摘します。「そのテーブルだけちょっと汚いので、拭いておかれてはどうですか？」,-8.064463138580322,0.5486440062522888
147,汚い,warning,colleague,とても,来客の準備を担当している同僚が、応接室の片付けを終えます。大輔は力になりたいと思い、遠慮がちに指摘します。「そのテーブルだけとても汚いので、拭いておかれてはどうですか？」,-9.964983463287354,0.08201724290847778
147,汚い,warning,colleague,なかなか,来客の準備を担当している同僚が、応接室の片付けを終えます。大輔は力になりたいと思い、遠慮がちに指摘します。「そのテーブルだけなかなか汚いので、拭いておかれてはどうですか？」,-13.66041088104248,0.0020370478741824627
147,汚い,warning,colleague,（なし）,来客の準備を担当している同僚が、応接室の片付けを終えます。大輔は力になりたいと思い、遠慮がちに指摘します。「そのテーブルだけ（なし）汚いので、拭いておかれてはどうですか？」,-25.017812252044678,2.3798207848813036e-08
147,汚い,warning,colleague,ひどく,来客の準備を担当している同僚が、応接室の片付けを終えます。大輔は力になりたいと思い、遠慮がちに指摘します。「そのテーブルだけひどく汚いので、拭いておかれてはどうですか？」,-17.39590911567211,4.860660556005314e-05
147,汚い,warning,colleague,まあまあ,来客の準備を担当している同僚が、応接室の片付けを終えます。大輔は力になりたいと思い、遠慮がちに指摘します。「そのテーブルだけまあまあ汚いので、拭いておかれてはどうですか？」,-15.42600393295288,0.0003485087363515049
147,汚い,warning,colleague,マジで,来客の準備を担当している同僚が、応接室の片付けを終えます。大輔は力になりたいと思い、遠慮がちに指摘します。「そのテーブルだけマジで汚いので、拭いておかれてはどうですか？」,-16.821417897939682,8.633619290776551e-05
147,汚い,warning,colleague,めっちゃ,来客の準備を担当している同僚が、応接室の片付けを終えます。大輔は力になりたいと思い、遠慮がちに指摘します。「そのテーブルだけめっちゃ汚いので、拭いておかれてはどうですか？」,-14.368217289447784,0.0010037018219009042
147,汚い,warning,colleague,やや,来客の準備を担当している同僚が、応接室の片付けを終えます。大輔は力になりたいと思い、遠慮がちに指摘します。「そのテーブルだけやや汚いので、拭いておかれてはどうですか？」,-13.805869936943054,0.0017612827941775322
147,汚い,warning,colleague,結構,来客の準備を担当している同僚が、応接室の片付けを終えます。大輔は力になりたいと思い、遠慮がちに指摘します。「そのテーブルだけ結構汚いので、拭いておかれてはどうですか？」,-10.694994449615479,0.03952441364526749
147,汚い,warning,colleague,若干,来客の準備を担当している同僚が、応接室の片付けを終えます。大輔は力になりたいと思い、遠慮がちに指摘します。「そのテーブルだけ若干汚いので、拭いておかれてはどうですか？」,-13.615279197692871,0.002131089335307479
147,汚い,warning,colleague,少し,来客の準備を担当している同僚が、応接室の片付けを終えます。大輔は力になりたいと思い、遠慮がちに指摘します。「そのテーブルだけ少し汚いので、拭いておかれてはどうですか？」,-9.400091648101807,0.14428943395614624
147,汚い,warning,colleague,少しも,来客の準備を担当している同僚が、応接室の片付けを終えます。大輔は力になりたいと思い、遠慮がちに指摘します。「そのテーブルだけ少しも汚いので、拭いておかれてはどうですか？」,-15.243560314178467,0.0004182615375611931
147,汚い,warning,colleague,全然,来客の準備を担当している同僚が、応接室の片付けを終えます。大輔は力になりたいと思い、遠慮がちに指摘します。「そのテーブルだけ全然汚いので、拭いておかれてはどうですか？」,-13.793959617614746,0.001782385865226388
147,汚い,warning,colleague,相当,来客の準備を担当している同僚が、応接室の片付けを終えます。大輔は力になりたいと思い、遠慮がちに指摘します。「そのテーブルだけ相当汚いので、拭いておかれてはどうですか？」,-12.03026819229126,0.010398324579000473
147,汚い,warning,colleague,超,来客の準備を担当している同僚が、応接室の片付けを終えます。大輔は力になりたいと思い、遠慮がちに指摘します。「そのテーブルだけ超汚いので、拭いておかれてはどうですか？」,-13.743945121765137,0.001873797969892621
147,汚い,warning,colleague,非常に,来客の準備を担当している同僚が、応接室の片付けを終えます。大輔は力になりたいと思い、遠慮がちに指摘します。「そのテーブルだけ非常に汚いので、拭いておかれてはどうですか？」,-11.43636178970337,0.018831878900527954
147,汚い,warning,colleague,微妙に,来客の準備を担当している同僚が、応接室の片付けを終えます。大輔は力になりたいと思い、遠慮がちに指摘します。「そのテーブルだけ微妙に汚いので、拭いておかれてはどうですか？」,-14.54957371018827,0.0008372258162125945
147,汚い,warning,colleague,普通に,来客の準備を担当している同僚が、応接室の片付けを終えます。大輔は力になりたいと思い、遠慮がちに指摘します。「そのテーブルだけ普通に汚いので、拭いておかれてはどうですか？」,-15.197863578796387,0.00043781838030554354
147,汚い,warning,colleague,本当に,来客の準備を担当している同僚が、応接室の片付けを終えます。大輔は力になりたいと思い、遠慮がちに指摘します。「そのテーブルだけ本当に汚いので、拭いておかれてはどうですか？」,-10.522890567779541,0.04694714397192001
147,汚い,warning,colleague,全く,来客の準備を担当している同僚が、応接室の片付けを終えます。大輔は力になりたいと思い、遠慮がちに指摘します。「そのテーブルだけ全く汚いので、拭いておかれてはどうですか？」,-14.737639427185059,0.0006936921854503453
148,汚い,non-committal,colleague,あまり,出張先の宿について同僚に意見を求められます。自分の意見を押し付けたくない大輔は、慎重に答えます。「そこ、あまり汚いかもしれないですけど、駅から近くて安いですね。」,-12.02915906906128,0.0014251040993258357
148,汚い,non-committal,colleague,いまいち,出張先の宿について同僚に意見を求められます。自分の意見を押し付けたくない大輔は、慎重に答えます。「そこ、いまいち汚いかもしれないですけど、駅から近くて安いですね。」,-14.083133220672607,0.00018273307068739086
148,汚い,non-committal,colleague,かなり,出張先の宿について同僚に意見を求められます。自分の意見を押し付けたくない大輔は、慎重に答えます。「そこ、かなり汚いかもしれないですけど、駅から近くて安いですね。」,-8.932063579559326,0.031542640179395676
148,汚い,non-committal,colleague,すごく,出張先の宿について同僚に意見を求められます。自分の意見を押し付けたくない大輔は、慎重に答えます。「そこ、すごく汚いかもしれないですけど、駅から近くて安いですね。」,-9.578948497772217,0.01651807874441147
148,汚い,non-committal,colleague,そこまで,出張先の宿について同僚に意見を求められます。自分の意見を押し付けたくない大輔は、慎重に答えます。「そこ、そこまで汚いかもしれないですけど、駅から近くて安いですね。」,-15.514357566833496,4.367612564237788e-05
148,汚い,non-committal,colleague,それほど,出張先の宿について同僚に意見を求められます。自分の意見を押し付けたくない大輔は、慎重に答えます。「そこ、それほど汚いかもしれないですけど、駅から近くて安いですね。」,-15.603678703308105,3.994408325525001e-05
148,汚い,non-committal,colleague,そんなに,出張先の宿について同僚に意見を求められます。自分の意見を押し付けたくない大輔は、慎重に答えます。「そこ、そんなに汚いかもしれないですけど、駅から近くて安いですね。」,-14.066283226013184,0.0001858381147030741
148,汚い,non-committal,colleague,たいして,出張先の宿について同僚に意見を求められます。自分の意見を押し付けたくない大輔は、慎重に答えます。「そこ、たいして汚いかもしれないですけど、駅から近くて安いですね。」,-15.215846538543701,5.8868914493359625e-05
148,汚い,non-committal,colleague,だいぶ,出張先の宿について同僚に意見を求められます。自分の意見を押し付けたくない大輔は、慎重に答えます。「そこ、だいぶ汚いかもしれないですけど、駅から近くて安いですね。」,-12.9071578317089,0.0005922932177782059
148,汚い,non-committal,colleague,ちっとも,出張先の宿について同僚に意見を求められます。自分の意見を押し付けたくない大輔は、慎重に答えます。「そこ、ちっとも汚いかもしれないですけど、駅から近くて安いですね。」,-19.581951379776,7.476719474652782e-07
148,汚い,non-committal,colleague,ちょっと,出張先の宿について同僚に意見を求められます。自分の意見を押し付けたくない大輔は、慎重に答えます。「そこ、ちょっと汚いかもしれないですけど、駅から近くて安いですね。」,-5.747855603694916,0.7616969347000122
148,汚い,non-committal,colleague,とても,出張先の宿について同僚に意見を求められます。自分の意見を押し付けたくない大輔は、慎重に答えます。「そこ、とても汚いかもしれないですけど、駅から近くて安いですね。」,-9.848666667938232,0.012613115832209587
148,汚い,non-committal,colleague,なかなか,出張先の宿について同僚に意見を求められます。自分の意見を押し付けたくない大輔は、慎重に答えます。「そこ、なかなか汚いかもしれないですけど、駅から近くて安いですね。」,-11.466002941131592,0.002502777148038149
148,汚い,non-committal,colleague,（なし）,出張先の宿について同僚に意見を求められます。自分の意見を押し付けたくない大輔は、慎重に答えます。「そこ、（なし）汚いかもしれないですけど、駅から近くて安いですね。」,-29.282557487487793,4.5792130504151984e-11
148,汚い,non-committal,colleague,ひどく,出張先の宿について同僚に意見を求められます。自分の意見を押し付けたくない大輔は、慎重に答えます。「そこ、ひどく汚いかもしれないですけど、駅から近くて安いですね。」,-16.239341020584106,2.1153775378479622e-05
148,汚い,non-committal,colleague,まあまあ,出張先の宿について同僚に意見を求められます。自分の意見を押し付けたくない大輔は、慎重に答えます。「そこ、まあまあ汚いかもしれないですけど、駅から近くて安いですね。」,-13.657216310501099,0.0002797632187139243
148,汚い,non-committal,colleague,マジで,出張先の宿について同僚に意見を求められます。自分の意見を押し付けたくない大輔は、慎重に答えます。「そこ、マジで汚いかもしれないですけど、駅から近くて安いですね。」,-15.875957533717155,3.042311618628446e-05
148,汚い,non-committal,colleague,めっちゃ,出張先の宿について同僚に意見を求められます。自分の意見を押し付けたくない大輔は、慎重に答えます。「そこ、めっちゃ汚いかもしれないですけど、駅から近くて安いですね。」,-12.644451539963484,0.0007702448638156056
148,汚い,non-committal,colleague,やや,出張先の宿について同僚に意見を求められます。自分の意見を押し付けたくない大輔は、慎重に答えます。「そこ、やや汚いかもしれないですけど、駅から近くて安いですね。」,-13.343425810337067,0.00038288472569547594
148,汚い,non-committal,colleague,結構,出張先の宿について同僚に意見を求められます。自分の意見を押し付けたくない大輔は、慎重に答えます。「そこ、結構汚いかもしれないですけど、駅から近くて安いですね。」,-8.258281230926514,0.06187539920210838
148,汚い,non-committal,colleague,若干,出張先の宿について同僚に意見を求められます。自分の意見を押し付けたくない大輔は、慎重に答えます。「そこ、若干汚いかもしれないですけど、駅から近くて安いですね。」,-10.615676403045654,0.005857527256011963
148,汚い,non-committal,colleague,少し,出張先の宿について同僚に意見を求められます。自分の意見を押し付けたくない大輔は、慎重に答えます。「そこ、少し汚いかもしれないですけど、駅から近くて安いですね。」,-7.867476940155029,0.09146235883235931
148,汚い,non-committal,colleague,少しも,出張先の宿について同僚に意見を求められます。自分の意見を押し付けたくない大輔は、慎重に答えます。「そこ、少しも汚いかもしれないですけど、駅から近くて安いですね。」,-15.57274580001831,4.119899676879868e-05
148,汚い,non-committal,colleague,全然,出張先の宿について同僚に意見を求められます。自分の意見を押し付けたくない大輔は、慎重に答えます。「そこ、全然汚いかもしれないですけど、駅から近くて安いですね。」,-12.878982067108154,0.0006092186085879803
148,汚い,non-committal,colleague,相当,出張先の宿について同僚に意見を求められます。自分の意見を押し付けたくない大輔は、慎重に答えます。「そこ、相当汚いかもしれないですけど、駅から近くて安いですね。」,-10.854697704315186,0.004612206015735865
148,汚い,non-committal,colleague,超,出張先の宿について同僚に意見を求められます。自分の意見を押し付けたくない大輔は、慎重に答えます。「そこ、超汚いかもしれないですけど、駅から近くて安いですね。」,-13.301787376403809,0.0003991639823652804
148,汚い,non-committal,colleague,非常に,出張先の宿について同僚に意見を求められます。自分の意見を押し付けたくない大輔は、慎重に答えます。「そこ、非常に汚いかもしれないですけど、駅から近くて安いですね。」,-12.622607707977295,0.0007872544229030609
148,汚い,non-committal,colleague,微妙に,出張先の宿について同僚に意見を求められます。自分の意見を押し付けたくない大輔は、慎重に答えます。「そこ、微妙に汚いかもしれないですけど、駅から近くて安いですね。」,-11.33923377096653,0.0028410423547029495
148,汚い,non-committal,colleague,普通に,出張先の宿について同僚に意見を求められます。自分の意見を押し付けたくない大輔は、慎重に答えます。「そこ、普通に汚いかもしれないですけど、駅から近くて安いですね。」,-12.994327068328857,0.0005428494769148529
148,汚い,non-committal,colleague,本当に,出張先の宿について同僚に意見を求められます。自分の意見を押し付けたくない大輔は、慎重に答えます。「そこ、本当に汚いかもしれないですけど、駅から近くて安いですね。」,-11.658732891082764,0.002064052037894726
148,汚い,non-committal,colleague,全く,出張先の宿について同僚に意見を求められます。自分の意見を押し付けたくない大輔は、慎重に答えます。「そこ、全く汚いかもしれないですけど、駅から近くて安いですね。」,-16.26759624481201,2.0564431906677783e-05
149,汚い,acknowledge,colleague,あまり,古いからと大輔が敬遠していた食堂を、同僚がちゃんと手入れされていると勧めます。大輔は半信半疑で入りました。しかし、同僚の言った通りに清潔です。教えてもらったことについて感謝します。「確かにあまり汚くないですね。教えてくれてありがとうございます。」,-7.669785499572754,0.3296809196472168
149,汚い,acknowledge,colleague,いまいち,古いからと大輔が敬遠していた食堂を、同僚がちゃんと手入れされていると勧めます。大輔は半信半疑で入りました。しかし、同僚の言った通りに清潔です。教えてもらったことについて感謝します。「確かにいまいち汚くないですね。教えてくれてありがとうございます。」,-15.942723989486694,8.417868230026215e-05
149,汚い,acknowledge,colleague,かなり,古いからと大輔が敬遠していた食堂を、同僚がちゃんと手入れされていると勧めます。大輔は半信半疑で入りました。しかし、同僚の言った通りに清潔です。教えてもらったことについて感謝します。「確かにかなり汚くないですね。教えてくれてありがとうございます。」,-12.206223487854004,0.003531374968588352
149,汚い,acknowledge,colleague,すごく,古いからと大輔が敬遠していた食堂を、同僚がちゃんと手入れされていると勧めます。大輔は半信半疑で入りました。しかし、同僚の言った通りに清潔です。教えてもらったことについて感謝します。「確かにすごく汚くないですね。教えてくれてありがとうございます。」,-11.700928688049316,0.00585316214710474
149,汚い,acknowledge,colleague,そこまで,古いからと大輔が敬遠していた食堂を、同僚がちゃんと手入れされていると勧めます。大輔は半信半疑で入りました。しかし、同僚の言った通りに清潔です。教えてもらったことについて感謝します。「確かにそこまで汚くないですね。教えてくれてありがとうございます。」,-9.961895942687988,0.03331523388624191
149,汚い,acknowledge,colleague,それほど,古いからと大輔が敬遠していた食堂を、同僚がちゃんと手入れされていると勧めます。大輔は半信半疑で入りました。しかし、同僚の言った通りに清潔です。教えてもらったことについて感謝します。「確かにそれほど汚くないですね。教えてくれてありがとうございます。」,-9.461968421936035,0.05492355674505234
149,汚い,acknowledge,colleague,そんなに,古いからと大輔が敬遠していた食堂を、同僚がちゃんと手入れされていると勧めます。大輔は半信半疑で入りました。しかし、同僚の言った通りに清潔です。教えてもらったことについて感謝します。「確かにそんなに汚くないですね。教えてくれてありがとうございます。」,-7.543572425842285,0.37403085827827454
149,汚い,acknowledge,colleague,たいして,古いからと大輔が敬遠していた食堂を、同僚がちゃんと手入れされていると勧めます。大輔は半信半疑で入りました。しかし、同僚の言った通りに清潔です。教えてもらったことについて感謝します。「確かにたいして汚くないですね。教えてくれてありがとうございます。」,-16.894148290157318,3.250903682783246e-05
149,汚い,acknowledge,colleague,だいぶ,古いからと大輔が敬遠していた食堂を、同僚がちゃんと手入れされていると勧めます。大輔は半信半疑で入りました。しかし、同僚の言った通りに清潔です。教えてもらったことについて感謝します。「確かにだいぶ汚くないですね。教えてくれてありがとうございます。」,-13.02324561914429,0.0015599674079567194
149,汚い,acknowledge,colleague,ちっとも,古いからと大輔が敬遠していた食堂を、同僚がちゃんと手入れされていると勧めます。大輔は半信半疑で入りました。しかし、同僚の言った通りに清潔です。教えてもらったことについて感謝します。「確かにちっとも汚くないですね。教えてくれてありがとうございます。」,-19.610005795955658,2.1504124561033677e-06
149,汚い,acknowledge,colleague,ちょっと,古いからと大輔が敬遠していた食堂を、同僚がちゃんと手入れされていると勧めます。大輔は半信半疑で入りました。しかし、同僚の言った通りに清潔です。教えてもらったことについて感謝します。「確かにちょっと汚くないですね。教えてくれてありがとうございます。」,-11.116501808166504,0.010500353761017323
149,汚い,acknowledge,colleague,とても,古いからと大輔が敬遠していた食堂を、同僚がちゃんと手入れされていると勧めます。大輔は半信半疑で入りました。しかし、同僚の言った通りに清潔です。教えてもらったことについて感謝します。「確かにとても汚くないですね。教えてくれてありがとうございます。」,-8.99706745147705,0.08743041753768921
149,汚い,acknowledge,colleague,なかなか,古いからと大輔が敬遠していた食堂を、同僚がちゃんと手入れされていると勧めます。大輔は半信半疑で入りました。しかし、同僚の言った通りに清潔です。教えてもらったことについて感謝します。「確かになかなか汚くないですね。教えてくれてありがとうございます。」,-10.997735023498535,0.011824524030089378
149,汚い,acknowledge,colleague,（なし）,古いからと大輔が敬遠していた食堂を、同僚がちゃんと手入れされていると勧めます。大輔は半信半疑で入りました。しかし、同僚の言った通りに清潔です。教えてもらったことについて感謝します。「確かに（なし）汚くないですね。教えてくれてありがとうございます。」,-21.906770527362823,2.162965984098264e-07
149,汚い,acknowledge,colleague,ひどく,古いからと大輔が敬遠していた食堂を、同僚がちゃんと手入れされていると勧めます。大輔は半信半疑で入りました。しかし、同僚の言った通りに清潔です。教えてもらったことについて感謝します。「確かにひどく汚くないですね。教えてくれてありがとうございます。」,-16.74435856938362,3.7762176361866295e-05
149,汚い,acknowledge,colleague,まあまあ,古いからと大輔が敬遠していた食堂を、同僚がちゃんと手入れされていると勧めます。大輔は半信半疑で入りました。しかし、同僚の言った通りに清潔です。教えてもらったことについて感謝します。「確かにまあまあ汚くないですね。教えてくれてありがとうございます。」,-13.056135535240173,0.0015094955451786518
149,汚い,acknowledge,colleague,マジで,古いからと大輔が敬遠していた食堂を、同僚がちゃんと手入れされていると勧めます。大輔は半信半疑で入りました。しかし、同僚の言った通りに清潔です。教えてもらったことについて感謝します。「確かにマジで汚くないですね。教えてくれてありがとうございます。」,-15.691572040319443,0.00010821216710610315
149,汚い,acknowledge,colleague,めっちゃ,古いからと大輔が敬遠していた食堂を、同僚がちゃんと手入れされていると勧めます。大輔は半信半疑で入りました。しかし、同僚の言った通りに清潔です。教えてもらったことについて感謝します。「確かにめっちゃ汚くないですね。教えてくれてありがとうございます。」,-14.671560630202293,0.00030009698821231723
149,汚い,acknowledge,colleague,やや,古いからと大輔が敬遠していた食堂を、同僚がちゃんと手入れされていると勧めます。大輔は半信半疑で入りました。しかし、同僚の言った通りに清潔です。教えてもらったことについて感謝します。「確かにやや汚くないですね。教えてくれてありがとうございます。」,-14.882741212844849,0.0002429668529657647
149,汚い,acknowledge,colleague,結構,古いからと大輔が敬遠していた食堂を、同僚がちゃんと手入れされていると勧めます。大輔は半信半疑で入りました。しかし、同僚の言った通りに清潔です。教えてもらったことについて感謝します。「確かに結構汚くないですね。教えてくれてありがとうございます。」,-13.19878101348877,0.0013088249834254384
149,汚い,acknowledge,colleague,若干,古いからと大輔が敬遠していた食堂を、同僚がちゃんと手入れされていると勧めます。大輔は半信半疑で入りました。しかし、同僚の言った通りに清潔です。教えてもらったことについて感謝します。「確かに若干汚くないですね。教えてくれてありがとうございます。」,-15.364045143127441,0.00015014791279099882
149,汚い,acknowledge,colleague,少し,古いからと大輔が敬遠していた食堂を、同僚がちゃんと手入れされていると勧めます。大輔は半信半疑で入りました。しかし、同僚の言った通りに清潔です。教えてもらったことについて感謝します。「確かに少し汚くないですね。教えてくれてありがとうございます。」,-12.065495491027832,0.004065006505697966
149,汚い,acknowledge,colleague,少しも,古いからと大輔が敬遠していた食堂を、同僚がちゃんと手入れされていると勧めます。大輔は半信半疑で入りました。しかし、同僚の言った通りに清潔です。教えてもらったことについて感謝します。「確かに少しも汚くないですね。教えてくれてありがとうございます。」,-14.917880058288574,0.00023457748466171324
149,汚い,acknowledge,colleague,全然,古いからと大輔が敬遠していた食堂を、同僚がちゃんと手入れされていると勧めます。大輔は半信半疑で入りました。しかし、同僚の言った通りに清潔です。教えてもらったことについて感謝します。「確かに全然汚くないですね。教えてくれてありがとうございます。」,-9.508591651916504,0.05242162197828293
149,汚い,acknowledge,colleague,相当,古いからと大輔が敬遠していた食堂を、同僚がちゃんと手入れされていると勧めます。大輔は半信半疑で入りました。しかし、同僚の言った通りに清潔です。教えてもらったことについて感謝します。「確かに相当汚くないですね。教えてくれてありがとうございます。」,-13.06115436553955,0.0015019380953162909
149,汚い,acknowledge,colleague,超,古いからと大輔が敬遠していた食堂を、同僚がちゃんと手入れされていると勧めます。大輔は半信半疑で入りました。しかし、同僚の言った通りに清潔です。教えてもらったことについて感謝します。「確かに超汚くないですね。教えてくれてありがとうございます。」,-14.978955268859863,0.00022067934332881123
149,汚い,acknowledge,colleague,非常に,古いからと大輔が敬遠していた食堂を、同僚がちゃんと手入れされていると勧めます。大輔は半信半疑で入りました。しかし、同僚の言った通りに清潔です。教えてもらったことについて感謝します。「確かに非常に汚くないですね。教えてくれてありがとうございます。」,-12.944581031799316,0.0016876376466825604
149,汚い,acknowledge,colleague,微妙に,古いからと大輔が敬遠していた食堂を、同僚がちゃんと手入れされていると勧めます。大輔は半信半疑で入りました。しかし、同僚の言った通りに清潔です。教えてもらったことについて感謝します。「確かに微妙に汚くないですね。教えてくれてありがとうございます。」,-15.37700092792511,0.00014821518561802804
149,汚い,acknowledge,colleague,普通に,古いからと大輔が敬遠していた食堂を、同僚がちゃんと手入れされていると勧めます。大輔は半信半疑で入りました。しかし、同僚の言った通りに清潔です。教えてもらったことについて感謝します。「確かに普通に汚くないですね。教えてくれてありがとうございます。」,-14.80876636505127,0.00026162172434851527
149,汚い,acknowledge,colleague,本当に,古いからと大輔が敬遠していた食堂を、同僚がちゃんと手入れされていると勧めます。大輔は半信半疑で入りました。しかし、同僚の言った通りに清潔です。教えてもらったことについて感謝します。「確かに本当に汚くないですね。教えてくれてありがとうございます。」,-10.854378700256348,0.0136471688747406
149,汚い,acknowledge,colleague,全く,古いからと大輔が敬遠していた食堂を、同僚がちゃんと手入れされていると勧めます。大輔は半信半疑で入りました。しかし、同僚の言った通りに清潔です。教えてもらったことについて感謝します。「確かに全く汚くないですね。教えてくれてありがとうございます。」,-11.228856086730957,0.0093844560906291
150,汚い,neutral-positive,colleague,あまり,下見から戻った大輔は、これから使う同僚に、その部屋がどれくらい汚いか聞かれ、答えます。「部屋、あまり汚くないです。」,-4.0770503282547,0.2552959620952606
150,汚い,neutral-positive,colleague,いまいち,下見から戻った大輔は、これから使う同僚に、その部屋がどれくらい汚いか聞かれ、答えます。「部屋、いまいち汚くないです。」,-9.764584064483643,0.00086492724949494
150,汚い,neutral-positive,colleague,かなり,下見から戻った大輔は、これから使う同僚に、その部屋がどれくらい汚いか聞かれ、答えます。「部屋、かなり汚くないです。」,-9.196721315383911,0.001526156673207879
150,汚い,neutral-positive,colleague,すごく,下見から戻った大輔は、これから使う同僚に、その部屋がどれくらい汚いか聞かれ、答えます。「部屋、すごく汚くないです。」,-8.23013424873352,0.004012199584394693
150,汚い,neutral-positive,colleague,そこまで,下見から戻った大輔は、これから使う同僚に、その部屋がどれくらい汚いか聞かれ、答えます。「部屋、そこまで汚くないです。」,-6.9128735065460205,0.014978268183767796
150,汚い,neutral-positive,colleague,それほど,下見から戻った大輔は、これから使う同僚に、その部屋がどれくらい汚いか聞かれ、答えます。「部屋、それほど汚くないです。」,-5.562413454055786,0.05780414119362831
150,汚い,neutral-positive,colleague,そんなに,下見から戻った大輔は、これから使う同僚に、その部屋がどれくらい汚いか聞かれ、答えます。「部屋、そんなに汚くないです。」,-3.308510899543762,0.5505748391151428
150,汚い,neutral-positive,colleague,たいして,下見から戻った大輔は、これから使う同僚に、その部屋がどれくらい汚いか聞かれ、答えます。「部屋、たいして汚くないです。」,-10.078225672245026,0.0006320716929621994
150,汚い,neutral-positive,colleague,だいぶ,下見から戻った大輔は、これから使う同僚に、その部屋がどれくらい汚いか聞かれ、答えます。「部屋、だいぶ汚くないです。」,-9.910510303452611,0.0007474884623661637
150,汚い,neutral-positive,colleague,ちっとも,下見から戻った大輔は、これから使う同僚に、その部屋がどれくらい汚いか聞かれ、答えます。「部屋、ちっとも汚くないです。」,-13.975398600101471,1.2830561900045723e-05
150,汚い,neutral-positive,colleague,ちょっと,下見から戻った大輔は、これから使う同僚に、その部屋がどれくらい汚いか聞かれ、答えます。「部屋、ちょっと汚くないです。」,-8.549756288528442,0.002914556534960866
150,汚い,neutral-positive,colleague,とても,下見から戻った大輔は、これから使う同僚に、その部屋がどれくらい汚いか聞かれ、答えます。「部屋、とても汚くないです。」,-6.114293336868286,0.03328745439648628
150,汚い,neutral-positive,colleague,なかなか,下見から戻った大輔は、これから使う同僚に、その部屋がどれくらい汚いか聞かれ、答えます。「部屋、なかなか汚くないです。」,-8.467114686965942,0.0031656527426093817
150,汚い,neutral-positive,colleague,（なし）,下見から戻った大輔は、これから使う同僚に、その部屋がどれくらい汚いか聞かれ、答えます。「部屋、（なし）汚くないです。」,-26.49493408203125,4.689000576707514e-11
150,汚い,neutral-positive,colleague,ひどく,下見から戻った大輔は、これから使う同僚に、その部屋がどれくらい汚いか聞かれ、答えます。「部屋、ひどく汚くないです。」,-14.592030331492424,6.9254183472367e-06
150,汚い,neutral-positive,colleague,まあまあ,下見から戻った大輔は、これから使う同僚に、その部屋がどれくらい汚いか聞かれ、答えます。「部屋、まあまあ汚くないです。」,-11.102640390396118,0.00022691802587360144
150,汚い,neutral-positive,colleague,マジで,下見から戻った大輔は、これから使う同僚に、その部屋がどれくらい汚いか聞かれ、答えます。「部屋、マジで汚くないです。」,-11.362344667315483,0.00017501717957202345
150,汚い,neutral-positive,colleague,めっちゃ,下見から戻った大輔は、これから使う同僚に、その部屋がどれくらい汚いか聞かれ、答えます。「部屋、めっちゃ汚くないです。」,-10.345253013074398,0.00048394728219136596
150,汚い,neutral-positive,colleague,やや,下見から戻った大輔は、これから使う同僚に、その部屋がどれくらい汚いか聞かれ、答えます。「部屋、やや汚くないです。」,-13.534482717514038,1.994036210817285e-05
150,汚い,neutral-positive,colleague,結構,下見から戻った大輔は、これから使う同僚に、その部屋がどれくらい汚いか聞かれ、答えます。「部屋、結構汚くないです。」,-11.063278913497925,0.0002360278449486941
150,汚い,neutral-positive,colleague,若干,下見から戻った大輔は、これから使う同僚に、その部屋がどれくらい汚いか聞かれ、答えます。「部屋、若干汚くないです。」,-12.521187543869019,5.49289834452793e-05
150,汚い,neutral-positive,colleague,少し,下見から戻った大輔は、これから使う同僚に、その部屋がどれくらい汚いか聞かれ、答えます。「部屋、少し汚くないです。」,-10.052499055862427,0.0006485441699624062
150,汚い,neutral-positive,colleague,少しも,下見から戻った大輔は、これから使う同僚に、その部屋がどれくらい汚いか聞かれ、答えます。「部屋、少しも汚くないです。」,-10.197332262992859,0.0005610985681414604
150,汚い,neutral-positive,colleague,全然,下見から戻った大輔は、これから使う同僚に、その部屋がどれくらい汚いか聞かれ、答えます。「部屋、全然汚くないです。」,-5.828404664993286,0.04430374503135681
150,汚い,neutral-positive,colleague,相当,下見から戻った大輔は、これから使う同僚に、その部屋がどれくらい汚いか聞かれ、答えます。「部屋、相当汚くないです。」,-9.612870454788208,0.001006625359877944
150,汚い,neutral-positive,colleague,超,下見から戻った大輔は、これから使う同僚に、その部屋がどれくらい汚いか聞かれ、答えます。「部屋、超汚くないです。」,-11.625378370285034,0.00013453849533107132
150,汚い,neutral-positive,colleague,非常に,下見から戻った大輔は、これから使う同僚に、その部屋がどれくらい汚いか聞かれ、答えます。「部屋、非常に汚くないです。」,-9.631119966506958,0.0009884214960038662
150,汚い,neutral-positive,colleague,微妙に,下見から戻った大輔は、これから使う同僚に、その部屋がどれくらい汚いか聞かれ、答えます。「部屋、微妙に汚くないです。」,-11.83370416983962,0.0001092375532607548
150,汚い,neutral-positive,colleague,普通に,下見から戻った大輔は、これから使う同僚に、その部屋がどれくらい汚いか聞かれ、答えます。「部屋、普通に汚くないです。」,-11.964241743087769,9.586941450834274e-05
150,汚い,neutral-positive,colleague,本当に,下見から戻った大輔は、これから使う同僚に、その部屋がどれくらい汚いか聞かれ、答えます。「部屋、本当に汚くないです。」,-7.176865816116333,0.011503002606332302
150,汚い,neutral-positive,colleague,全く,下見から戻った大輔は、これから使う同僚に、その部屋がどれくらい汚いか聞かれ、答えます。「部屋、全く汚くないです。」,-7.007298707962036,0.013628663495182991
151,汚い,neutral-negative,colleague,あまり,下見から戻った大輔は、これから使う同僚に、その部屋がどれくらい汚いか聞かれ、答えます。「部屋、あまり汚いです。」,-7.600855588912964,0.004445314407348633
151,汚い,neutral-negative,colleague,いまいち,下見から戻った大輔は、これから使う同僚に、その部屋がどれくらい汚いか聞かれ、答えます。「部屋、いまいち汚いです。」,-11.083277106285095,0.00013661751290783286
151,汚い,neutral-negative,colleague,かなり,下見から戻った大輔は、これから使う同僚に、その部屋がどれくらい汚いか聞かれ、答えます。「部屋、かなり汚いです。」,-3.6036555767059326,0.24202735722064972
151,汚い,neutral-negative,colleague,すごく,下見から戻った大輔は、これから使う同僚に、その部屋がどれくらい汚いか聞かれ、答えます。「部屋、すごく汚いです。」,-4.589056730270386,0.09034623205661774
151,汚い,neutral-negative,colleague,そこまで,下見から戻った大輔は、これから使う同僚に、その部屋がどれくらい汚いか聞かれ、答えます。「部屋、そこまで汚いです。」,-10.625315427780151,0.00021597144950646907
151,汚い,neutral-negative,colleague,それほど,下見から戻った大輔は、これから使う同僚に、その部屋がどれくらい汚いか聞かれ、答えます。「部屋、それほど汚いです。」,-8.957941770553589,0.0011442673858255148
151,汚い,neutral-negative,colleague,そんなに,下見から戻った大輔は、これから使う同僚に、その部屋がどれくらい汚いか聞かれ、答えます。「部屋、そんなに汚いです。」,-7.606482267379761,0.004420373123139143
151,汚い,neutral-negative,colleague,たいして,下見から戻った大輔は、これから使う同僚に、その部屋がどれくらい汚いか聞かれ、答えます。「部屋、たいして汚いです。」,-10.639515399932861,0.00021292647579684854
151,汚い,neutral-negative,colleague,だいぶ,下見から戻った大輔は、これから使う同僚に、その部屋がどれくらい汚いか聞かれ、答えます。「部屋、だいぶ汚いです。」,-7.7440445544198155,0.003852264955639839
151,汚い,neutral-negative,colleague,ちっとも,下見から戻った大輔は、これから使う同僚に、その部屋がどれくらい汚いか聞かれ、答えます。「部屋、ちっとも汚いです。」,-15.024080753326416,2.6548325422481867e-06
151,汚い,neutral-negative,colleague,ちょっと,下見から戻った大輔は、これから使う同僚に、その部屋がどれくらい汚いか聞かれ、答えます。「部屋、ちょっと汚いです。」,-5.1479480266571045,0.051663838326931
151,汚い,neutral-negative,colleague,とても,下見から戻った大輔は、これから使う同僚に、その部屋がどれくらい汚いか聞かれ、答えます。「部屋、とても汚いです。」,-3.6760928630828857,0.22511546313762665
151,汚い,neutral-negative,colleague,なかなか,下見から戻った大輔は、これから使う同僚に、その部屋がどれくらい汚いか聞かれ、答えます。「部屋、なかなか汚いです。」,-7.644491910934448,0.004255509003996849
151,汚い,neutral-negative,colleague,（なし）,下見から戻った大輔は、これから使う同僚に、その部屋がどれくらい汚いか聞かれ、答えます。「部屋、（なし）汚いです。」,-24.27369260787964,2.552589251081372e-10
151,汚い,neutral-negative,colleague,ひどく,下見から戻った大輔は、これから使う同僚に、その部屋がどれくらい汚いか聞かれ、答えます。「部屋、ひどく汚いです。」,-12.167094677686691,4.621791958925314e-05
151,汚い,neutral-negative,colleague,まあまあ,下見から戻った大輔は、これから使う同僚に、その部屋がどれくらい汚いか聞かれ、答えます。「部屋、まあまあ汚いです。」,-8.656315445899963,0.0015471132937818766
151,汚い,neutral-negative,colleague,マジで,下見から戻った大輔は、これから使う同僚に、その部屋がどれくらい汚いか聞かれ、答えます。「部屋、マジで汚いです。」,-9.411486864089966,0.0007270354544743896
151,汚い,neutral-negative,colleague,めっちゃ,下見から戻った大輔は、これから使う同僚に、その部屋がどれくらい汚いか聞かれ、答えます。「部屋、めっちゃ汚いです。」,-8.790548328310251,0.001352775259874761
151,汚い,neutral-negative,colleague,やや,下見から戻った大輔は、これから使う同僚に、その部屋がどれくらい汚いか聞かれ、答えます。「部屋、やや汚いです。」,-10.347053050994873,0.00028526209644041955
151,汚い,neutral-negative,colleague,結構,下見から戻った大輔は、これから使う同僚に、その部屋がどれくらい汚いか聞かれ、答えます。「部屋、結構汚いです。」,-5.075552701950073,0.05554277077317238
151,汚い,neutral-negative,colleague,若干,下見から戻った大輔は、これから使う同僚に、その部屋がどれくらい汚いか聞かれ、答えます。「部屋、若干汚いです。」,-9.496081113815308,0.0006680616643279791
151,汚い,neutral-negative,colleague,少し,下見から戻った大輔は、これから使う同僚に、その部屋がどれくらい汚いか聞かれ、答えます。「部屋、少し汚いです。」,-6.56128191947937,0.012571397237479687
151,汚い,neutral-negative,colleague,少しも,下見から戻った大輔は、これから使う同僚に、その部屋がどれくらい汚いか聞かれ、答えます。「部屋、少しも汚いです。」,-10.85894501209259,0.00017097493400797248
151,汚い,neutral-negative,colleague,全然,下見から戻った大輔は、これから使う同僚に、その部屋がどれくらい汚いか聞かれ、答えます。「部屋、全然汚いです。」,-8.079344511032104,0.0027548468206077814
151,汚い,neutral-negative,colleague,相当,下見から戻った大輔は、これから使う同僚に、その部屋がどれくらい汚いか聞かれ、答えます。「部屋、相当汚いです。」,-5.511332273483276,0.035922858864068985
151,汚い,neutral-negative,colleague,超,下見から戻った大輔は、これから使う同僚に、その部屋がどれくらい汚いか聞かれ、答えます。「部屋、超汚いです。」,-7.806689023971558,0.003618346992880106
151,汚い,neutral-negative,colleague,非常に,下見から戻った大輔は、これから使う同僚に、その部屋がどれくらい汚いか聞かれ、答えます。「部屋、非常に汚いです。」,-5.616724729537964,0.03232954069972038
151,汚い,neutral-negative,colleague,微妙に,下見から戻った大輔は、これから使う同僚に、その部屋がどれくらい汚いか聞かれ、答えます。「部屋、微妙に汚いです。」,-9.114192187786102,0.0009787437738850713
151,汚い,neutral-negative,colleague,普通に,下見から戻った大輔は、これから使う同僚に、その部屋がどれくらい汚いか聞かれ、答えます。「部屋、普通に汚いです。」,-8.57296633720398,0.0016815903363749385
151,汚い,neutral-negative,colleague,本当に,下見から戻った大輔は、これから使う同僚に、その部屋がどれくらい汚いか聞かれ、答えます。「部屋、本当に汚いです。」,-3.6931369304656982,0.22131110727787018
151,汚い,neutral-negative,colleague,全く,下見から戻った大輔は、これから使う同僚に、その部屋がどれくらい汚いか聞かれ、答えます。「部屋、全く汚いです。」,-9.519491910934448,0.0006526034558191895
152,汚い,annoyed,colleague,あまり,共用スペースの掃除当番の同僚が何日も手をつけず、ゴミや食器が溜まったままです。何度か声をかけても変わらないので、苛立った大輔は言います。「この部屋あまり汚いんですけど、いつ片付けてもらえますか？」,-8.226285457611084,0.008918168023228645
152,汚い,annoyed,colleague,いまいち,共用スペースの掃除当番の同僚が何日も手をつけず、ゴミや食器が溜まったままです。何度か声をかけても変わらないので、苛立った大輔は言います。「この部屋いまいち汚いんですけど、いつ片付けてもらえますか？」,-12.016049265861511,0.0002015590580413118
152,汚い,annoyed,colleague,かなり,共用スペースの掃除当番の同僚が何日も手をつけず、ゴミや食器が溜まったままです。何度か声をかけても変わらないので、苛立った大輔は言います。「この部屋かなり汚いんですけど、いつ片付けてもらえますか？」,-6.56952428817749,0.04675177484750748
152,汚い,annoyed,colleague,すごく,共用スペースの掃除当番の同僚が何日も手をつけず、ゴミや食器が溜まったままです。何度か声をかけても変わらないので、苛立った大輔は言います。「この部屋すごく汚いんですけど、いつ片付けてもらえますか？」,-5.46273946762085,0.14140625298023224
152,汚い,annoyed,colleague,そこまで,共用スペースの掃除当番の同僚が何日も手をつけず、ゴミや食器が溜まったままです。何度か声をかけても変わらないので、苛立った大輔は言います。「この部屋そこまで汚いんですけど、いつ片付けてもらえますか？」,-12.149347305297852,0.00017640534497331828
152,汚い,annoyed,colleague,それほど,共用スペースの掃除当番の同僚が何日も手をつけず、ゴミや食器が溜まったままです。何度か声をかけても変わらないので、苛立った大輔は言います。「この部屋それほど汚いんですけど、いつ片付けてもらえますか？」,-11.839590072631836,0.00024045711325015873
152,汚い,annoyed,colleague,そんなに,共用スペースの掃除当番の同僚が何日も手をつけず、ゴミや食器が溜まったままです。何度か声をかけても変わらないので、苛立った大輔は言います。「この部屋そんなに汚いんですけど、いつ片付けてもらえますか？」,-9.397820949554443,0.002763657830655575
152,汚い,annoyed,colleague,たいして,共用スペースの掃除当番の同僚が何日も手をつけず、ゴミや食器が溜まったままです。何度か声をかけても変わらないので、苛立った大輔は言います。「この部屋たいして汚いんですけど、いつ片付けてもらえますか？」,-12.948870420455933,7.930178253445774e-05
152,汚い,annoyed,colleague,だいぶ,共用スペースの掃除当番の同僚が何日も手をつけず、ゴミや食器が溜まったままです。何度か声をかけても変わらないので、苛立った大輔は言います。「この部屋だいぶ汚いんですけど、いつ片付けてもらえますか？」,-10.243932250887156,0.0011858310317620635
152,汚い,annoyed,colleague,ちっとも,共用スペースの掃除当番の同僚が何日も手をつけず、ゴミや食器が溜まったままです。何度か声をかけても変わらないので、苛立った大輔は言います。「この部屋ちっとも汚いんですけど、いつ片付けてもらえますか？」,-18.68552017211914,2.557927132329496e-07
152,汚い,annoyed,colleague,ちょっと,共用スペースの掃除当番の同僚が何日も手をつけず、ゴミや食器が溜まったままです。何度か声をかけても変わらないので、苛立った大輔は言います。「この部屋ちょっと汚いんですけど、いつ片付けてもらえますか？」,-5.766477108001709,0.1043655201792717
152,汚い,annoyed,colleague,とても,共用スペースの掃除当番の同僚が何日も手をつけず、ゴミや食器が溜まったままです。何度か声をかけても変わらないので、苛立った大輔は言います。「この部屋とても汚いんですけど、いつ片付けてもらえますか？」,-5.653623104095459,0.11683391779661179
152,汚い,annoyed,colleague,なかなか,共用スペースの掃除当番の同僚が何日も手をつけず、ゴミや食器が溜まったままです。何度か声をかけても変わらないので、苛立った大輔は言います。「この部屋なかなか汚いんですけど、いつ片付けてもらえますか？」,-7.89206075668335,0.012457411736249924
152,汚い,annoyed,colleague,（なし）,共用スペースの掃除当番の同僚が何日も手をつけず、ゴミや食器が溜まったままです。何度か声をかけても変わらないので、苛立った大輔は言います。「この部屋（なし）汚いんですけど、いつ片付けてもらえますか？」,-22.223651885986328,7.4352755063955556e-09
152,汚い,annoyed,colleague,ひどく,共用スペースの掃除当番の同僚が何日も手をつけず、ゴミや食器が溜まったままです。何度か声をかけても変わらないので、苛立った大輔は言います。「この部屋ひどく汚いんですけど、いつ片付けてもらえますか？」,-14.08027559518814,2.5581151930964552e-05
152,汚い,annoyed,colleague,まあまあ,共用スペースの掃除当番の同僚が何日も手をつけず、ゴミや食器が溜まったままです。何度か声をかけても変わらないので、苛立った大輔は言います。「この部屋まあまあ汚いんですけど、いつ片付けてもらえますか？」,-10.313970059156418,0.0011056206421926618
152,汚い,annoyed,colleague,マジで,共用スペースの掃除当番の同僚が何日も手をつけず、ゴミや食器が溜まったままです。何度か声をかけても変わらないので、苛立った大輔は言います。「この部屋マジで汚いんですけど、いつ片付けてもらえますか？」,-12.654049336910248,0.00010649343312252313
152,汚い,annoyed,colleague,めっちゃ,共用スペースの掃除当番の同僚が何日も手をつけず、ゴミや食器が溜まったままです。何度か声をかけても変わらないので、苛立った大輔は言います。「この部屋めっちゃ汚いんですけど、いつ片付けてもらえますか？」,-10.081750899553299,0.0013946251710876822
152,汚い,annoyed,colleague,やや,共用スペースの掃除当番の同僚が何日も手をつけず、ゴミや食器が溜まったままです。何度か声をかけても変わらないので、苛立った大輔は言います。「この部屋やや汚いんですけど、いつ片付けてもらえますか？」,-9.669447541236877,0.0021062910091131926
152,汚い,annoyed,colleague,結構,共用スペースの掃除当番の同僚が何日も手をつけず、ゴミや食器が溜まったままです。何度か声をかけても変わらないので、苛立った大輔は言います。「この部屋結構汚いんですけど、いつ片付けてもらえますか？」,-5.664910793304443,0.11552254855632782
152,汚い,annoyed,colleague,若干,共用スペースの掃除当番の同僚が何日も手をつけず、ゴミや食器が溜まったままです。何度か声をかけても変わらないので、苛立った大輔は言います。「この部屋若干汚いんですけど、いつ片付けてもらえますか？」,-10.635480880737305,0.0008016329957172275
152,汚い,annoyed,colleague,少し,共用スペースの掃除当番の同僚が何日も手をつけず、ゴミや食器が溜まったままです。何度か声をかけても変わらないので、苛立った大輔は言います。「この部屋少し汚いんですけど、いつ片付けてもらえますか？」,-8.175137996673584,0.00938617717474699
152,汚い,annoyed,colleague,少しも,共用スペースの掃除当番の同僚が何日も手をつけず、ゴミや食器が溜まったままです。何度か声をかけても変わらないので、苛立った大輔は言います。「この部屋少しも汚いんですけど、いつ片付けてもらえますか？」,-14.008496046066284,2.748485167103354e-05
152,汚い,annoyed,colleague,全然,共用スペースの掃除当番の同僚が何日も手をつけず、ゴミや食器が溜まったままです。何度か声をかけても変わらないので、苛立った大輔は言います。「この部屋全然汚いんですけど、いつ片付けてもらえますか？」,-8.920308589935303,0.004455180373042822
152,汚い,annoyed,colleague,相当,共用スペースの掃除当番の同僚が何日も手をつけず、ゴミや食器が溜まったままです。何度か声をかけても変わらないので、苛立った大輔は言います。「この部屋相当汚いんですけど、いつ片付けてもらえますか？」,-7.428948879241943,0.019794965162873268
152,汚い,annoyed,colleague,超,共用スペースの掃除当番の同僚が何日も手をつけず、ゴミや食器が溜まったままです。何度か声をかけても変わらないので、苛立った大輔は言います。「この部屋超汚いんですけど、いつ片付けてもらえますか？」,-7.721421718597412,0.014775269664824009
152,汚い,annoyed,colleague,非常に,共用スペースの掃除当番の同僚が何日も手をつけず、ゴミや食器が溜まったままです。何度か声をかけても変わらないので、苛立った大輔は言います。「この部屋非常に汚いんですけど、いつ片付けてもらえますか？」,-8.110764980316162,0.010010264813899994
152,汚い,annoyed,colleague,微妙に,共用スペースの掃除当番の同僚が何日も手をつけず、ゴミや食器が溜まったままです。何度か声をかけても変わらないので、苛立った大輔は言います。「この部屋微妙に汚いんですけど、いつ片付けてもらえますか？」,-11.460935145616531,0.0003511439426802099
152,汚い,annoyed,colleague,普通に,共用スペースの掃除当番の同僚が何日も手をつけず、ゴミや食器が溜まったままです。何度か声をかけても変わらないので、苛立った大輔は言います。「この部屋普通に汚いんですけど、いつ片付けてもらえますか？」,-10.15781545639038,0.0012924770126119256
152,汚い,annoyed,colleague,本当に,共用スペースの掃除当番の同僚が何日も手をつけず、ゴミや食器が溜まったままです。何度か声をかけても変わらないので、苛立った大輔は言います。「この部屋本当に汚いんですけど、いつ片付けてもらえますか？」,-4.465928554534912,0.38315820693969727
152,汚い,annoyed,colleague,全く,共用スペースの掃除当番の同僚が何日も手をつけず、ゴミや食器が溜まったままです。何度か声をかけても変わらないので、苛立った大輔は言います。「この部屋全く汚いんですけど、いつ片付けてもらえますか？」,-11.599908828735352,0.0003055834968108684
153,汚い,encouraging,colleague,あまり,同僚が先に押さえてくれた会議室が、汚れていました。それを申し訳ないと言ってきた同僚を、大輔が励まします。「部屋、あまり汚くないですよ。軽く拭けば問題ありません。」,-5.7191184759140015,0.26949822902679443
153,汚い,encouraging,colleague,いまいち,同僚が先に押さえてくれた会議室が、汚れていました。それを申し訳ないと言ってきた同僚を、大輔が励まします。「部屋、いまいち汚くないですよ。軽く拭けば問題ありません。」,-12.590205907821655,0.00027956353733316064
153,汚い,encouraging,colleague,かなり,同僚が先に押さえてくれた会議室が、汚れていました。それを申し訳ないと言ってきた同僚を、大輔が励まします。「部屋、かなり汚くないですよ。軽く拭けば問題ありません。」,-10.685045719146729,0.0018788035959005356
153,汚い,encouraging,colleague,すごく,同僚が先に押さえてくれた会議室が、汚れていました。それを申し訳ないと言ってきた同僚を、大輔が励まします。「部屋、すごく汚くないですよ。軽く拭けば問題ありません。」,-9.535643100738525,0.005930081009864807
153,汚い,encouraging,colleague,そこまで,同僚が先に押さえてくれた会議室が、汚れていました。それを申し訳ないと言ってきた同僚を、大輔が励まします。「部屋、そこまで汚くないですよ。軽く拭けば問題ありません。」,-8.621981143951416,0.014786280691623688
153,汚い,encouraging,colleague,それほど,同僚が先に押さえてくれた会議室が、汚れていました。それを申し訳ないと言ってきた同僚を、大輔が励まします。「部屋、それほど汚くないですよ。軽く拭けば問題ありません。」,-7.852949619293213,0.031903982162475586
153,汚い,encouraging,colleague,そんなに,同僚が先に押さえてくれた会議室が、汚れていました。それを申し訳ないと言ってきた同僚を、大輔が励まします。「部屋、そんなに汚くないですよ。軽く拭けば問題ありません。」,-5.000101447105408,0.5531221628189087
153,汚い,encouraging,colleague,たいして,同僚が先に押さえてくれた会議室が、汚れていました。それを申し訳ないと言ってきた同僚を、大輔が励まします。「部屋、たいして汚くないですよ。軽く拭けば問題ありません。」,-13.235417127609253,0.00014664560148958117
153,汚い,encouraging,colleague,だいぶ,同僚が先に押さえてくれた会議室が、汚れていました。それを申し訳ないと言ってきた同僚を、大輔が励まします。「部屋、だいぶ汚くないですよ。軽く拭けば問題ありません。」,-11.949858106672764,0.0005303716752678156
153,汚い,encouraging,colleague,ちっとも,同僚が先に押さえてくれた会議室が、汚れていました。それを申し訳ないと言ってきた同僚を、大輔が励まします。「部屋、ちっとも汚くないですよ。軽く拭けば問題ありません。」,-17.09762967377901,3.0826995498500764e-06
153,汚い,encouraging,colleague,ちょっと,同僚が先に押さえてくれた会議室が、汚れていました。それを申し訳ないと言ってきた同僚を、大輔が励まします。「部屋、ちょっと汚くないですよ。軽く拭けば問題ありません。」,-9.003450870513916,0.010096915997564793
153,汚い,encouraging,colleague,とても,同僚が先に押さえてくれた会議室が、汚れていました。それを申し訳ないと言ってきた同僚を、大輔が励まします。「部屋、とても汚くないですよ。軽く拭けば問題ありません。」,-7.8589043617248535,0.03171456605195999
153,汚い,encouraging,colleague,なかなか,同僚が先に押さえてくれた会議室が、汚れていました。それを申し訳ないと言ってきた同僚を、大輔が励まします。「部屋、なかなか汚くないですよ。軽く拭けば問題ありません。」,-9.534769535064697,0.005935263819992542
153,汚い,encouraging,colleague,（なし）,同僚が先に押さえてくれた会議室が、汚れていました。それを申し訳ないと言ってきた同僚を、大輔が励まします。「部屋、（なし）汚くないですよ。軽く拭けば問題ありません。」,-29.234196662902832,1.652294620568817e-11
153,汚い,encouraging,colleague,ひどく,同僚が先に押さえてくれた会議室が、汚れていました。それを申し訳ないと言ってきた同僚を、大輔が励まします。「部屋、ひどく汚くないですよ。軽く拭けば問題ありません。」,-15.572391927242279,1.4168819689075463e-05
153,汚い,encouraging,colleague,まあまあ,同僚が先に押さえてくれた会議室が、汚れていました。それを申し訳ないと言ってきた同僚を、大輔が励まします。「部屋、まあまあ汚くないですよ。軽く拭けば問題ありません。」,-12.668948411941528,0.0002583945170044899
153,汚い,encouraging,colleague,マジで,同僚が先に押さえてくれた会議室が、汚れていました。それを申し訳ないと言ってきた同僚を、大輔が励まします。「部屋、マジで汚くないですよ。軽く拭けば問題ありません。」,-14.13267396390438,5.978543049423024e-05
153,汚い,encouraging,colleague,めっちゃ,同僚が先に押さえてくれた会議室が、汚れていました。それを申し訳ないと言ってきた同僚を、大輔が励まします。「部屋、めっちゃ汚くないですよ。軽く拭けば問題ありません。」,-12.913058441132307,0.00020242661412339658
153,汚い,encouraging,colleague,やや,同僚が先に押さえてくれた会議室が、汚れていました。それを申し訳ないと言ってきた同僚を、大輔が励まします。「部屋、やや汚くないですよ。軽く拭けば問題ありません。」,-14.676138877868652,3.471935633569956e-05
153,汚い,encouraging,colleague,結構,同僚が先に押さえてくれた会議室が、汚れていました。それを申し訳ないと言ってきた同僚を、大輔が励まします。「部屋、結構汚くないですよ。軽く拭けば問題ありません。」,-10.965540409088135,0.0014192669186741114
153,汚い,encouraging,colleague,若干,同僚が先に押さえてくれた会議室が、汚れていました。それを申し訳ないと言ってきた同僚を、大輔が励まします。「部屋、若干汚くないですよ。軽く拭けば問題ありません。」,-14.643781661987305,3.586111779441126e-05
153,汚い,encouraging,colleague,少し,同僚が先に押さえてくれた会議室が、汚れていました。それを申し訳ないと言ってきた同僚を、大輔が励まします。「部屋、少し汚くないですよ。軽く拭けば問題ありません。」,-11.061987400054932,0.0012887767516076565
153,汚い,encouraging,colleague,少しも,同僚が先に押さえてくれた会議室が、汚れていました。それを申し訳ないと言ってきた同僚を、大輔が励まします。「部屋、少しも汚くないですよ。軽く拭けば問題ありません。」,-11.797934114933014,0.0006173902074806392
153,汚い,encouraging,colleague,全然,同僚が先に押さえてくれた会議室が、汚れていました。それを申し訳ないと言ってきた同僚を、大輔が励まします。「部屋、全然汚くないですよ。軽く拭けば問題ありません。」,-7.633802890777588,0.03972090035676956
153,汚い,encouraging,colleague,相当,同僚が先に押さえてくれた会議室が、汚れていました。それを申し訳ないと言ってきた同僚を、大輔が励まします。「部屋、相当汚くないですよ。軽く拭けば問題ありません。」,-11.691965579986572,0.0006864069146104157
153,汚い,encouraging,colleague,超,同僚が先に押さえてくれた会議室が、汚れていました。それを申し訳ないと言ってきた同僚を、大輔が励まします。「部屋、超汚くないですよ。軽く拭けば問題ありません。」,-12.90528678894043,0.00020400590437930077
153,汚い,encouraging,colleague,非常に,同僚が先に押さえてくれた会議室が、汚れていました。それを申し訳ないと言ってきた同僚を、大輔が励まします。「部屋、非常に汚くないですよ。軽く拭けば問題ありません。」,-11.474073886871338,0.0008535142987966537
153,汚い,encouraging,colleague,微妙に,同僚が先に押さえてくれた会議室が、汚れていました。それを申し訳ないと言ってきた同僚を、大輔が励まします。「部屋、微妙に汚くないですよ。軽く拭けば問題ありません。」,-15.05918300896883,2.3671034796279855e-05
153,汚い,encouraging,colleague,普通に,同僚が先に押さえてくれた会議室が、汚れていました。それを申し訳ないと言ってきた同僚を、大輔が励まします。「部屋、普通に汚くないですよ。軽く拭けば問題ありません。」,-12.967782974243164,0.00019164654077030718
153,汚い,encouraging,colleague,本当に,同僚が先に押さえてくれた会議室が、汚れていました。それを申し訳ないと言ってきた同僚を、大輔が励まします。「部屋、本当に汚くないですよ。軽く拭けば問題ありません。」,-8.166300296783447,0.023321615532040596
153,汚い,encouraging,colleague,全く,同僚が先に押さえてくれた会議室が、汚れていました。それを申し訳ないと言ってきた同僚を、大輔が励まします。「部屋、全く汚くないですよ。軽く拭けば問題ありません。」,-9.659063816070557,0.0052415491081774235
154,汚い,warning,boss,あまり,来客との打ち合わせに上司が指定した部屋は、壁と床に落ちない汚れが残っています。力になりたいと思い、遠慮がちに指摘します。「あまり汚く見えるかもしれないので、別室に変えた方がいいのではないでしょうか？」,-9.243929862976074,0.028460793197155
154,汚い,warning,boss,いまいち,来客との打ち合わせに上司が指定した部屋は、壁と床に落ちない汚れが残っています。力になりたいと思い、遠慮がちに指摘します。「いまいち汚く見えるかもしれないので、別室に変えた方がいいのではないでしょうか？」,-15.094025611877441,8.195635746233165e-05
154,汚い,warning,boss,かなり,来客との打ち合わせに上司が指定した部屋は、壁と床に落ちない汚れが残っています。力になりたいと思い、遠慮がちに指摘します。「かなり汚く見えるかもしれないので、別室に変えた方がいいのではないでしょうか？」,-8.96656322479248,0.037558287382125854
154,汚い,warning,boss,すごく,来客との打ち合わせに上司が指定した部屋は、壁と床に落ちない汚れが残っています。力になりたいと思い、遠慮がちに指摘します。「すごく汚く見えるかもしれないので、別室に変えた方がいいのではないでしょうか？」,-9.255579948425293,0.028131144121289253
154,汚い,warning,boss,そこまで,来客との打ち合わせに上司が指定した部屋は、壁と床に落ちない汚れが残っています。力になりたいと思い、遠慮がちに指摘します。「そこまで汚く見えるかもしれないので、別室に変えた方がいいのではないでしょうか？」,-13.280501365661621,0.0005025580758228898
154,汚い,warning,boss,それほど,来客との打ち合わせに上司が指定した部屋は、壁と床に落ちない汚れが残っています。力になりたいと思い、遠慮がちに指摘します。「それほど汚く見えるかもしれないので、別室に変えた方がいいのではないでしょうか？」,-12.386378288269043,0.0012288502184674144
154,汚い,warning,boss,そんなに,来客との打ち合わせに上司が指定した部屋は、壁と床に落ちない汚れが残っています。力になりたいと思い、遠慮がちに指摘します。「そんなに汚く見えるかもしれないので、別室に変えた方がいいのではないでしょうか？」,-11.724139213562012,0.002382899634540081
154,汚い,warning,boss,たいして,来客との打ち合わせに上司が指定した部屋は、壁と床に落ちない汚れが残っています。力になりたいと思い、遠慮がちに指摘します。「たいして汚く見えるかもしれないので、別室に変えた方がいいのではないでしょうか？」,-15.6891587972641,4.5198055886430666e-05
154,汚い,warning,boss,だいぶ,来客との打ち合わせに上司が指定した部屋は、壁と床に落ちない汚れが残っています。力になりたいと思い、遠慮がちに指摘します。「だいぶ汚く見えるかもしれないので、別室に変えた方がいいのではないでしょうか？」,-13.203518682159483,0.0005427743890322745
154,汚い,warning,boss,ちっとも,来客との打ち合わせに上司が指定した部屋は、壁と床に落ちない汚れが残っています。力になりたいと思い、遠慮がちに指摘します。「ちっとも汚く見えるかもしれないので、別室に変えた方がいいのではないでしょうか？」,-21.8719801902771,9.331559169822867e-08
154,汚い,warning,boss,ちょっと,来客との打ち合わせに上司が指定した部屋は、壁と床に落ちない汚れが残っています。力になりたいと思い、遠慮がちに指摘します。「ちょっと汚く見えるかもしれないので、別室に変えた方がいいのではないでしょうか？」,-6.464526176452637,0.4584866166114807
154,汚い,warning,boss,とても,来客との打ち合わせに上司が指定した部屋は、壁と床に落ちない汚れが残っています。力になりたいと思い、遠慮がちに指摘します。「とても汚く見えるかもしれないので、別室に変えた方がいいのではないでしょうか？」,-8.396040916442871,0.06644777953624725
154,汚い,warning,boss,なかなか,来客との打ち合わせに上司が指定した部屋は、壁と床に落ちない汚れが残っています。力になりたいと思い、遠慮がちに指摘します。「なかなか汚く見えるかもしれないので、別室に変えた方がいいのではないでしょうか？」,-10.601008415222168,0.007326140534132719
154,汚い,warning,boss,（なし）,来客との打ち合わせに上司が指定した部屋は、壁と床に落ちない汚れが残っています。力になりたいと思い、遠慮がちに指摘します。「（なし）汚く見えるかもしれないので、別室に変えた方がいいのではないでしょうか？」,-25.168220043182373,3.4547436023046885e-09
154,汚い,warning,boss,ひどく,来客との打ち合わせに上司が指定した部屋は、壁と床に落ちない汚れが残っています。力になりたいと思い、遠慮がちに指摘します。「ひどく汚く見えるかもしれないので、別室に変えた方がいいのではないでしょうか？」,-15.800184100866318,4.0448448999086395e-05
154,汚い,warning,boss,まあまあ,来客との打ち合わせに上司が指定した部屋は、壁と床に落ちない汚れが残っています。力になりたいと思い、遠慮がちに指摘します。「まあまあ汚く見えるかもしれないので、別室に変えた方がいいのではないでしょうか？」,-14.998591899871826,9.01630919543095e-05
154,汚い,warning,boss,マジで,来客との打ち合わせに上司が指定した部屋は、壁と床に落ちない汚れが残っています。力になりたいと思い、遠慮がちに指摘します。「マジで汚く見えるかもしれないので、別室に変えた方がいいのではないでしょうか？」,-16.111857891082764,2.961716745630838e-05
154,汚い,warning,boss,めっちゃ,来客との打ち合わせに上司が指定した部屋は、壁と床に落ちない汚れが残っています。力になりたいと思い、遠慮がちに指摘します。「めっちゃ汚く見えるかもしれないので、別室に変えた方がいいのではないでしょうか？」,-12.616214096546173,0.0009765233844518661
154,汚い,warning,boss,やや,来客との打ち合わせに上司が指定した部屋は、壁と床に落ちない汚れが残っています。力になりたいと思い、遠慮がちに指摘します。「やや汚く見えるかもしれないので、別室に変えた方がいいのではないでしょうか？」,-11.972746014595032,0.0018583915662020445
154,汚い,warning,boss,結構,来客との打ち合わせに上司が指定した部屋は、壁と床に落ちない汚れが残っています。力になりたいと思い、遠慮がちに指摘します。「結構汚く見えるかもしれないので、別室に変えた方がいいのではないでしょうか？」,-9.501551628112793,0.021996989846229553
154,汚い,warning,boss,若干,来客との打ち合わせに上司が指定した部屋は、壁と床に落ちない汚れが残っています。力になりたいと思い、遠慮がちに指摘します。「若干汚く見えるかもしれないので、別室に変えた方がいいのではないでしょうか？」,-10.83304500579834,0.005809022579342127
154,汚い,warning,boss,少し,来客との打ち合わせに上司が指定した部屋は、壁と床に落ちない汚れが残っています。力になりたいと思い、遠慮がちに指摘します。「少し汚く見えるかもしれないので、別室に変えた方がいいのではないでしょうか？」,-6.9534101486206055,0.28119462728500366
154,汚い,warning,boss,少しも,来客との打ち合わせに上司が指定した部屋は、壁と床に落ちない汚れが残っています。力になりたいと思い、遠慮がちに指摘します。「少しも汚く見えるかもしれないので、別室に変えた方がいいのではないでしょうか？」,-13.391936302185059,0.0004495631146710366
154,汚い,warning,boss,全然,来客との打ち合わせに上司が指定した部屋は、壁と床に落ちない汚れが残っています。力になりたいと思い、遠慮がちに指摘します。「全然汚く見えるかもしれないので、別室に変えた方がいいのではないでしょうか？」,-12.065207481384277,0.0016942663351073861
154,汚い,warning,boss,相当,来客との打ち合わせに上司が指定した部屋は、壁と床に落ちない汚れが残っています。力になりたいと思い、遠慮がちに指摘します。「相当汚く見えるかもしれないので、別室に変えた方がいいのではないでしょうか？」,-10.534743309020996,0.007828054949641228
154,汚い,warning,boss,超,来客との打ち合わせに上司が指定した部屋は、壁と床に落ちない汚れが残っています。力になりたいと思い、遠慮がちに指摘します。「超汚く見えるかもしれないので、別室に変えた方がいいのではないでしょうか？」,-11.456805229187012,0.0031132029835134745
154,汚い,warning,boss,非常に,来客との打ち合わせに上司が指定した部屋は、壁と床に落ちない汚れが残っています。力になりたいと思い、遠慮がちに指摘します。「非常に汚く見えるかもしれないので、別室に変えた方がいいのではないでしょうか？」,-9.614859580993652,0.01964057795703411
154,汚い,warning,boss,微妙に,来客との打ち合わせに上司が指定した部屋は、壁と床に落ちない汚れが残っています。力になりたいと思い、遠慮がちに指摘します。「微妙に汚く見えるかもしれないので、別室に変えた方がいいのではないでしょうか？」,-12.415909707546234,0.0011930910404771566
154,汚い,warning,boss,普通に,来客との打ち合わせに上司が指定した部屋は、壁と床に落ちない汚れが残っています。力になりたいと思い、遠慮がちに指摘します。「普通に汚く見えるかもしれないので、別室に変えた方がいいのではないでしょうか？」,-13.488303184509277,0.00040826210170052946
154,汚い,warning,boss,本当に,来客との打ち合わせに上司が指定した部屋は、壁と床に落ちない汚れが残っています。力になりたいと思い、遠慮がちに指摘します。「本当に汚く見えるかもしれないので、別室に変えた方がいいのではないでしょうか？」,-9.500727653503418,0.022015122696757317
154,汚い,warning,boss,全く,来客との打ち合わせに上司が指定した部屋は、壁と床に落ちない汚れが残っています。力になりたいと思い、遠慮がちに指摘します。「全く汚く見えるかもしれないので、別室に変えた方がいいのではないでしょうか？」,-13.354033470153809,0.0004669298359658569
155,汚い,non-committal,boss,あまり,出張先の宿について上司に意見を求められます。自分の意見を押し付けたくない大輔は、慎重に答えます。「そちらは、あまり汚いかもしれませんが、駅から近くて安いです。」,-10.923821926116943,0.0028308583423495293
155,汚い,non-committal,boss,いまいち,出張先の宿について上司に意見を求められます。自分の意見を押し付けたくない大輔は、慎重に答えます。「そちらは、いまいち汚いかもしれませんが、駅から近くて安いです。」,-14.653149366378784,6.796600064262748e-05
155,汚い,non-committal,boss,かなり,出張先の宿について上司に意見を求められます。自分の意見を押し付けたくない大輔は、慎重に答えます。「そちらは、かなり汚いかもしれませんが、駅から近くて安いです。」,-7.7462592124938965,0.06790727376937866
155,汚い,non-committal,boss,すごく,出張先の宿について上司に意見を求められます。自分の意見を押し付けたくない大輔は、慎重に答えます。「そちらは、すごく汚いかもしれませんが、駅から近くて安いです。」,-9.03336477279663,0.018747063353657722
155,汚い,non-committal,boss,そこまで,出張先の宿について上司に意見を求められます。自分の意見を押し付けたくない大輔は、慎重に答えます。「そちらは、そこまで汚いかもしれませんが、駅から近くて安いです。」,-14.769635200500488,6.049265721230768e-05
155,汚い,non-committal,boss,それほど,出張先の宿について上司に意見を求められます。自分の意見を押し付けたくない大輔は、慎重に答えます。「そちらは、それほど汚いかもしれませんが、駅から近くて安いです。」,-13.426037788391113,0.00023185678583104163
155,汚い,non-committal,boss,そんなに,出張先の宿について上司に意見を求められます。自分の意見を押し付けたくない大輔は、慎重に答えます。「そちらは、そんなに汚いかもしれませんが、駅から近くて安いです。」,-13.418351173400879,0.00023364585649687797
155,汚い,non-committal,boss,たいして,出張先の宿について上司に意見を求められます。自分の意見を押し付けたくない大輔は、慎重に答えます。「そちらは、たいして汚いかもしれませんが、駅から近くて安いです。」,-14.941209733486176,5.0955277401953936e-05
155,汚い,non-committal,boss,だいぶ,出張先の宿について上司に意見を求められます。自分の意見を押し付けたくない大輔は、慎重に答えます。「そちらは、だいぶ汚いかもしれませんが、駅から近くて安いです。」,-13.503396934946068,0.00021459674462676048
155,汚い,non-committal,boss,ちっとも,出張先の宿について上司に意見を求められます。自分の意見を押し付けたくない大輔は、慎重に答えます。「そちらは、ちっとも汚いかもしれませんが、駅から近くて安いです。」,-20.307403564453125,2.3805692705991532e-07
155,汚い,non-committal,boss,ちょっと,出張先の宿について上司に意見を求められます。自分の意見を押し付けたくない大輔は、慎重に答えます。「そちらは、ちょっと汚いかもしれませんが、駅から近くて安いです。」,-5.873990535736084,0.44160324335098267
155,汚い,non-committal,boss,とても,出張先の宿について上司に意見を求められます。自分の意見を押し付けたくない大輔は、慎重に答えます。「そちらは、とても汚いかもしれませんが、駅から近くて安いです。」,-8.068772792816162,0.04918698966503143
155,汚い,non-committal,boss,なかなか,出張先の宿について上司に意見を求められます。自分の意見を押し付けたくない大輔は、慎重に答えます。「そちらは、なかなか汚いかもしれませんが、駅から近くて安いです。」,-10.675477504730225,0.003628880949690938
155,汚い,non-committal,boss,（なし）,出張先の宿について上司に意見を求められます。自分の意見を押し付けたくない大輔は、慎重に答えます。「そちらは、（なし）汚いかもしれませんが、駅から近くて安いです。」,-28.006545543670654,1.0789113352727142e-10
155,汚い,non-committal,boss,ひどく,出張先の宿について上司に意見を求められます。自分の意見を押し付けたくない大輔は、慎重に答えます。「そちらは、ひどく汚いかもしれませんが、駅から近くて安いです。」,-15.686459600925446,2.4184153517126106e-05
155,汚い,non-committal,boss,まあまあ,出張先の宿について上司に意見を求められます。自分の意見を押し付けたくない大輔は、慎重に答えます。「そちらは、まあまあ汚いかもしれませんが、駅から近くて安いです。」,-13.662954092025757,0.00018294824985787272
155,汚い,non-committal,boss,マジで,出張先の宿について上司に意見を求められます。自分の意見を押し付けたくない大輔は、慎重に答えます。「そちらは、マジで汚いかもしれませんが、駅から近くて安いです。」,-15.673399925231934,2.450206011417322e-05
155,汚い,non-committal,boss,めっちゃ,出張先の宿について上司に意見を求められます。自分の意見を押し付けたくない大輔は、慎重に答えます。「そちらは、めっちゃ汚いかもしれませんが、駅から近くて安いです。」,-12.617828838527203,0.0005202603060752153
155,汚い,non-committal,boss,やや,出張先の宿について上司に意見を求められます。自分の意見を押し付けたくない大輔は、慎重に答えます。「そちらは、やや汚いかもしれませんが、駅から近くて安いです。」,-12.998829290270805,0.0003554301511030644
155,汚い,non-committal,boss,結構,出張先の宿について上司に意見を求められます。自分の意見を押し付けたくない大輔は、慎重に答えます。「そちらは、結構汚いかもしれませんが、駅から近くて安いです。」,-7.882436275482178,0.05926186963915825
155,汚い,non-committal,boss,若干,出張先の宿について上司に意見を求められます。自分の意見を押し付けたくない大輔は、慎重に答えます。「そちらは、若干汚いかもしれませんが、駅から近くて安いです。」,-8.69104528427124,0.026399804279208183
155,汚い,non-committal,boss,少し,出張先の宿について上司に意見を求められます。自分の意見を押し付けたくない大輔は、慎重に答えます。「そちらは、少し汚いかもしれませんが、駅から近くて安いです。」,-6.231690883636475,0.3088054656982422
155,汚い,non-committal,boss,少しも,出張先の宿について上司に意見を求められます。自分の意見を押し付けたくない大輔は、慎重に答えます。「そちらは、少しも汚いかもしれませんが、駅から近くて安いです。」,-14.887558460235596,5.3763789765071124e-05
155,汚い,non-committal,boss,全然,出張先の宿について上司に意見を求められます。自分の意見を押し付けたくない大輔は、慎重に答えます。「そちらは、全然汚いかもしれませんが、駅から近くて安いです。」,-12.622079372406006,0.0005180531297810376
155,汚い,non-committal,boss,相当,出張先の宿について上司に意見を求められます。自分の意見を押し付けたくない大輔は、慎重に答えます。「そちらは、相当汚いかもしれませんが、駅から近くて安いです。」,-9.702161312103271,0.00960458442568779
155,汚い,non-committal,boss,超,出張先の宿について上司に意見を求められます。自分の意見を押し付けたくない大輔は、慎重に答えます。「そちらは、超汚いかもしれませんが、駅から近くて安いです。」,-13.74609088897705,0.00016835363931022584
155,汚い,non-committal,boss,非常に,出張先の宿について上司に意見を求められます。自分の意見を押し付けたくない大輔は、慎重に答えます。「そちらは、非常に汚いかもしれませんが、駅から近くて安いです。」,-10.486505031585693,0.004383716266602278
155,汚い,non-committal,boss,微妙に,出張先の宿について上司に意見を求められます。自分の意見を押し付けたくない大輔は、慎重に答えます。「そちらは、微妙に汚いかもしれませんが、駅から近くて安いです。」,-11.425130523741245,0.001714757177978754
155,汚い,non-committal,boss,普通に,出張先の宿について上司に意見を求められます。自分の意見を押し付けたくない大輔は、慎重に答えます。「そちらは、普通に汚いかもしれませんが、駅から近くて安いです。」,-12.345983028411865,0.0006827809847891331
155,汚い,non-committal,boss,本当に,出張先の宿について上司に意見を求められます。自分の意見を押し付けたくない大輔は、慎重に答えます。「そちらは、本当に汚いかもしれませんが、駅から近くて安いです。」,-11.056146144866943,0.002479993272572756
155,汚い,non-committal,boss,全く,出張先の宿について上司に意見を求められます。自分の意見を押し付けたくない大輔は、慎重に答えます。「そちらは、全く汚いかもしれませんが、駅から近くて安いです。」,-14.85518741607666,5.553257142310031e-05
156,汚い,acknowledge,boss,あまり,古いからと大輔が敬遠していた店を、上司がちゃんと手入れされていると勧めます。大輔は半信半疑で入りました。しかし、上司の言った通りに清潔でした。翌日、教えてもらったことについて感謝します。「確かにあまり汚くありませんでした。教えていただいてありがとうございます。」,-6.8982625007629395,0.45557162165641785
156,汚い,acknowledge,boss,いまいち,古いからと大輔が敬遠していた店を、上司がちゃんと手入れされていると勧めます。大輔は半信半疑で入りました。しかし、上司の言った通りに清潔でした。翌日、教えてもらったことについて感謝します。「確かにいまいち汚くありませんでした。教えていただいてありがとうございます。」,-17.457642078399658,1.1821603038697504e-05
156,汚い,acknowledge,boss,かなり,古いからと大輔が敬遠していた店を、上司がちゃんと手入れされていると勧めます。大輔は半信半疑で入りました。しかし、上司の言った通りに清潔でした。翌日、教えてもらったことについて感謝します。「確かにかなり汚くありませんでした。教えていただいてありがとうございます。」,-11.450851917266846,0.0048016710206866264
156,汚い,acknowledge,boss,すごく,古いからと大輔が敬遠していた店を、上司がちゃんと手入れされていると勧めます。大輔は半信半疑で入りました。しかし、上司の言った通りに清潔でした。翌日、教えてもらったことについて感謝します。「確かにすごく汚くありませんでした。教えていただいてありがとうございます。」,-11.294643878936768,0.005613486748188734
156,汚い,acknowledge,boss,そこまで,古いからと大輔が敬遠していた店を、上司がちゃんと手入れされていると勧めます。大輔は半信半疑で入りました。しかし、上司の言った通りに清潔でした。翌日、教えてもらったことについて感謝します。「確かにそこまで汚くありませんでした。教えていただいてありがとうございます。」,-9.905033588409424,0.022528525441884995
156,汚い,acknowledge,boss,それほど,古いからと大輔が敬遠していた店を、上司がちゃんと手入れされていると勧めます。大輔は半信半疑で入りました。しかし、上司の言った通りに清潔でした。翌日、教えてもらったことについて感謝します。「確かにそれほど汚くありませんでした。教えていただいてありがとうございます。」,-8.616615772247314,0.08171194046735764
156,汚い,acknowledge,boss,そんなに,古いからと大輔が敬遠していた店を、上司がちゃんと手入れされていると勧めます。大輔は半信半疑で入りました。しかし、上司の言った通りに清潔でした。翌日、教えてもらったことについて感謝します。「確かにそんなに汚くありませんでした。教えていただいてありがとうございます。」,-7.821098804473877,0.1810397505760193
156,汚い,acknowledge,boss,たいして,古いからと大輔が敬遠していた店を、上司がちゃんと手入れされていると勧めます。大輔は半信半疑で入りました。しかし、上司の言った通りに清潔でした。翌日、教えてもらったことについて感謝します。「確かにたいして汚くありませんでした。教えていただいてありがとうございます。」,-16.164887845516205,4.306376285967417e-05
156,汚い,acknowledge,boss,だいぶ,古いからと大輔が敬遠していた店を、上司がちゃんと手入れされていると勧めます。大輔は半信半疑で入りました。しかし、上司の言った通りに清潔でした。翌日、教えてもらったことについて感謝します。「確かにだいぶ汚くありませんでした。教えていただいてありがとうございます。」,-13.40931072528474,0.0006773989298380911
156,汚い,acknowledge,boss,ちっとも,古いからと大輔が敬遠していた店を、上司がちゃんと手入れされていると勧めます。大輔は半信半疑で入りました。しかし、上司の言った通りに清潔でした。翌日、教えてもらったことについて感謝します。「確かにちっとも汚くありませんでした。教えていただいてありがとうございます。」,-19.06509207934141,2.369024286963395e-06
156,汚い,acknowledge,boss,ちょっと,古いからと大輔が敬遠していた店を、上司がちゃんと手入れされていると勧めます。大輔は半信半疑で入りました。しかし、上司の言った通りに清潔でした。翌日、教えてもらったことについて感謝します。「確かにちょっと汚くありませんでした。教えていただいてありがとうございます。」,-11.073872089385986,0.007000235840678215
156,汚い,acknowledge,boss,とても,古いからと大輔が敬遠していた店を、上司がちゃんと手入れされていると勧めます。大輔は半信半疑で入りました。しかし、上司の言った通りに清潔でした。翌日、教えてもらったことについて感謝します。「確かにとても汚くありませんでした。教えていただいてありがとうございます。」,-7.946400165557861,0.15971887111663818
156,汚い,acknowledge,boss,なかなか,古いからと大輔が敬遠していた店を、上司がちゃんと手入れされていると勧めます。大輔は半信半疑で入りました。しかし、上司の言った通りに清潔でした。翌日、教えてもらったことについて感謝します。「確かになかなか汚くありませんでした。教えていただいてありがとうございます。」,-12.262073993682861,0.0021334532648324966
156,汚い,acknowledge,boss,（なし）,古いからと大輔が敬遠していた店を、上司がちゃんと手入れされていると勧めます。大輔は半信半疑で入りました。しかし、上司の言った通りに清潔でした。翌日、教えてもらったことについて感謝します。「確かに（なし）汚くありませんでした。教えていただいてありがとうございます。」,-22.446051597595215,8.058181322212477e-08
156,汚い,acknowledge,boss,ひどく,古いからと大輔が敬遠していた店を、上司がちゃんと手入れされていると勧めます。大輔は半信半疑で入りました。しかし、上司の言った通りに清潔でした。翌日、教えてもらったことについて感謝します。「確かにひどく汚くありませんでした。教えていただいてありがとうございます。」,-16.097968213260174,4.604416972142644e-05
156,汚い,acknowledge,boss,まあまあ,古いからと大輔が敬遠していた店を、上司がちゃんと手入れされていると勧めます。大輔は半信半疑で入りました。しかし、上司の言った通りに清潔でした。翌日、教えてもらったことについて感謝します。「確かにまあまあ汚くありませんでした。教えていただいてありがとうございます。」,-14.059083640575409,0.0003537133161444217
156,汚い,acknowledge,boss,マジで,古いからと大輔が敬遠していた店を、上司がちゃんと手入れされていると勧めます。大輔は半信半疑で入りました。しかし、上司の言った通りに清潔でした。翌日、教えてもらったことについて感謝します。「確かにマジで汚くありませんでした。教えていただいてありがとうございます。」,-15.478695958852768,8.55306934681721e-05
156,汚い,acknowledge,boss,めっちゃ,古いからと大輔が敬遠していた店を、上司がちゃんと手入れされていると勧めます。大輔は半信半疑で入りました。しかし、上司の言った通りに清潔でした。翌日、教えてもらったことについて感謝します。「確かにめっちゃ汚くありませんでした。教えていただいてありがとうございます。」,-15.225524961948395,0.00011017228098353371
156,汚い,acknowledge,boss,やや,古いからと大輔が敬遠していた店を、上司がちゃんと手入れされていると勧めます。大輔は半信半疑で入りました。しかし、上司の言った通りに清潔でした。翌日、教えてもらったことについて感謝します。「確かにやや汚くありませんでした。教えていただいてありがとうございます。」,-14.058491587638855,0.0003539228637237102
156,汚い,acknowledge,boss,結構,古いからと大輔が敬遠していた店を、上司がちゃんと手入れされていると勧めます。大輔は半信半疑で入りました。しかし、上司の言った通りに清潔でした。翌日、教えてもらったことについて感謝します。「確かに結構汚くありませんでした。教えていただいてありがとうございます。」,-13.77561616897583,0.00046963465865701437
156,汚い,acknowledge,boss,若干,古いからと大輔が敬遠していた店を、上司がちゃんと手入れされていると勧めます。大輔は半信半疑で入りました。しかし、上司の言った通りに清潔でした。翌日、教えてもらったことについて感謝します。「確かに若干汚くありませんでした。教えていただいてありがとうございます。」,-14.629364490509033,0.0001999778614845127
156,汚い,acknowledge,boss,少し,古いからと大輔が敬遠していた店を、上司がちゃんと手入れされていると勧めます。大輔は半信半疑で入りました。しかし、上司の言った通りに清潔でした。翌日、教えてもらったことについて感謝します。「確かに少し汚くありませんでした。教えていただいてありがとうございます。」,-10.654476642608643,0.010647651739418507
156,汚い,acknowledge,boss,少しも,古いからと大輔が敬遠していた店を、上司がちゃんと手入れされていると勧めます。大輔は半信半疑で入りました。しかし、上司の言った通りに清潔でした。翌日、教えてもらったことについて感謝します。「確かに少しも汚くありませんでした。教えていただいてありがとうございます。」,-14.761134386062622,0.00017528909665998071
156,汚い,acknowledge,boss,全然,古いからと大輔が敬遠していた店を、上司がちゃんと手入れされていると勧めます。大輔は半信半疑で入りました。しかし、上司の言った通りに清潔でした。翌日、教えてもらったことについて感謝します。「確かに全然汚くありませんでした。教えていただいてありがとうございます。」,-10.017609119415283,0.020129911601543427
156,汚い,acknowledge,boss,相当,古いからと大輔が敬遠していた店を、上司がちゃんと手入れされていると勧めます。大輔は半信半疑で入りました。しかし、上司の言った通りに清潔でした。翌日、教えてもらったことについて感謝します。「確かに相当汚くありませんでした。教えていただいてありがとうございます。」,-11.854130268096924,0.0032081217505037785
156,汚い,acknowledge,boss,超,古いからと大輔が敬遠していた店を、上司がちゃんと手入れされていると勧めます。大輔は半信半疑で入りました。しかし、上司の言った通りに清潔でした。翌日、教えてもらったことについて感謝します。「確かに超汚くありませんでした。教えていただいてありがとうございます。」,-14.712181568145752,0.000184083532076329
156,汚い,acknowledge,boss,非常に,古いからと大輔が敬遠していた店を、上司がちゃんと手入れされていると勧めます。大輔は半信半疑で入りました。しかし、上司の言った通りに清潔でした。翌日、教えてもらったことについて感謝します。「確かに非常に汚くありませんでした。教えていただいてありがとうございます。」,-11.068603992462158,0.007037211209535599
156,汚い,acknowledge,boss,微妙に,古いからと大輔が敬遠していた店を、上司がちゃんと手入れされていると勧めます。大輔は半信半疑で入りました。しかし、上司の言った通りに清潔でした。翌日、教えてもらったことについて感謝します。「確かに微妙に汚くありませんでした。教えていただいてありがとうございます。」,-15.188539177179337,0.00011432333121774718
156,汚い,acknowledge,boss,普通に,古いからと大輔が敬遠していた店を、上司がちゃんと手入れされていると勧めます。大輔は半信半疑で入りました。しかし、上司の言った通りに清潔でした。翌日、教えてもらったことについて感謝します。「確かに普通に汚くありませんでした。教えていただいてありがとうございます。」,-14.605686664581299,0.00020476941426750273
156,汚い,acknowledge,boss,本当に,古いからと大輔が敬遠していた店を、上司がちゃんと手入れされていると勧めます。大輔は半信半疑で入りました。しかし、上司の言った通りに清潔でした。翌日、教えてもらったことについて感謝します。「確かに本当に汚くありませんでした。教えていただいてありがとうございます。」,-10.079216480255127,0.018927190452814102
156,汚い,acknowledge,boss,全く,古いからと大輔が敬遠していた店を、上司がちゃんと手入れされていると勧めます。大輔は半信半疑で入りました。しかし、上司の言った通りに清潔でした。翌日、教えてもらったことについて感謝します。「確かに全く汚くありませんでした。教えていただいてありがとうございます。」,-10.192604541778564,0.016898270696401596
157,汚い,neutral-positive,boss,あまり,上司に、下見してきた会場がどれくらい汚かったか聞かれ、大輔は答えます。「会場、あまり汚くなかったです。」,-3.6271145343780518,0.2692100703716278
157,汚い,neutral-positive,boss,いまいち,上司に、下見してきた会場がどれくらい汚かったか聞かれ、大輔は答えます。「会場、いまいち汚くなかったです。」,-11.479158878326416,0.00010471088899066672
157,汚い,neutral-positive,boss,かなり,上司に、下見してきた会場がどれくらい汚かったか聞かれ、大輔は答えます。「会場、かなり汚くなかったです。」,-8.411263704299927,0.002250928431749344
157,汚い,neutral-positive,boss,すごく,上司に、下見してきた会場がどれくらい汚かったか聞かれ、大輔は答えます。「会場、すごく汚くなかったです。」,-7.235612154006958,0.007293578702956438
157,汚い,neutral-positive,boss,そこまで,上司に、下見してきた会場がどれくらい汚かったか聞かれ、大輔は答えます。「会場、そこまで汚くなかったです。」,-5.99279522895813,0.025274893268942833
157,汚い,neutral-positive,boss,それほど,上司に、下見してきた会場がどれくらい汚かったか聞かれ、大輔は答えます。「会場、それほど汚くなかったです。」,-4.62457013130188,0.0992891788482666
157,汚い,neutral-positive,boss,そんなに,上司に、下見してきた会場がどれくらい汚かったか聞かれ、大輔は答えます。「会場、そんなに汚くなかったです。」,-3.1283810138702393,0.4432905912399292
157,汚い,neutral-positive,boss,たいして,上司に、下見してきた会場がどれくらい汚かったか聞かれ、大輔は答えます。「会場、たいして汚くなかったです。」,-10.624737322330475,0.0002460719260852784
157,汚い,neutral-positive,boss,だいぶ,上司に、下見してきた会場がどれくらい汚かったか聞かれ、大輔は答えます。「会場、だいぶ汚くなかったです。」,-10.495432881405577,0.00028003897750750184
157,汚い,neutral-positive,boss,ちっとも,上司に、下見してきた会場がどれくらい汚かったか聞かれ、大輔は答えます。「会場、ちっとも汚くなかったです。」,-14.97144989669323,3.1864635730016744e-06
157,汚い,neutral-positive,boss,ちょっと,上司に、下見してきた会場がどれくらい汚かったか聞かれ、大輔は答えます。「会場、ちょっと汚くなかったです。」,-7.977338075637817,0.003473867429420352
157,汚い,neutral-positive,boss,とても,上司に、下見してきた会場がどれくらい汚かったか聞かれ、大輔は答えます。「会場、とても汚くなかったです。」,-5.933495759963989,0.026819011196494102
157,汚い,neutral-positive,boss,なかなか,上司に、下見してきた会場がどれくらい汚かったか聞かれ、大輔は答えます。「会場、なかなか汚くなかったです。」,-8.506791353225708,0.0020458537619560957
157,汚い,neutral-positive,boss,（なし）,上司に、下見してきた会場がどれくらい汚かったか聞かれ、大輔は答えます。「会場、（なし）汚くなかったです。」,-27.61918020248413,1.0244002694725918e-11
157,汚い,neutral-positive,boss,ひどく,上司に、下見してきた会場がどれくらい汚かったか聞かれ、大輔は答えます。「会場、ひどく汚くなかったです。」,-15.564199224114418,1.7614936496102018e-06
157,汚い,neutral-positive,boss,まあまあ,上司に、下見してきた会場がどれくらい汚かったか聞かれ、大輔は答えます。「会場、まあまあ汚くなかったです。」,-10.894808292388916,0.00018783309496939182
157,汚い,neutral-positive,boss,マジで,上司に、下見してきた会場がどれくらい汚かったか聞かれ、大輔は答えます。「会場、マジで汚くなかったです。」,-11.692755207419395,8.457230433123186e-05
157,汚い,neutral-positive,boss,めっちゃ,上司に、下見してきた会場がどれくらい汚かったか聞かれ、大輔は答えます。「会場、めっちゃ汚くなかったです。」,-10.98535706102848,0.0001715722173685208
157,汚い,neutral-positive,boss,やや,上司に、下見してきた会場がどれくらい汚かったか聞かれ、大輔は答えます。「会場、やや汚くなかったです。」,-12.369654655456543,4.2978797864634544e-05
157,汚い,neutral-positive,boss,結構,上司に、下見してきた会場がどれくらい汚かったか聞かれ、大輔は答えます。「会場、結構汚くなかったです。」,-10.255563020706177,0.0003559530305210501
157,汚い,neutral-positive,boss,若干,上司に、下見してきた会場がどれくらい汚かったか聞かれ、大輔は答えます。「会場、若干汚くなかったです。」,-11.50469708442688,0.00010207059676758945
157,汚い,neutral-positive,boss,少し,上司に、下見してきた会場がどれくらい汚かったか聞かれ、大輔は答えます。「会場、少し汚くなかったです。」,-9.483407258987427,0.0007704344461672008
157,汚い,neutral-positive,boss,少しも,上司に、下見してきた会場がどれくらい汚かったか聞かれ、大輔は答えます。「会場、少しも汚くなかったです。」,-10.667933583259583,0.0002356689510634169
157,汚い,neutral-positive,boss,全然,上司に、下見してきた会場がどれくらい汚かったか聞かれ、大輔は答えます。「会場、全然汚くなかったです。」,-4.921349763870239,0.07379249483346939
157,汚い,neutral-positive,boss,相当,上司に、下見してきた会場がどれくらい汚かったか聞かれ、大輔は答えます。「会場、相当汚くなかったです。」,-8.51937222480774,0.0020202763844281435
157,汚い,neutral-positive,boss,超,上司に、下見してきた会場がどれくらい汚かったか聞かれ、大輔は答えます。「会場、超汚くなかったです。」,-11.339883089065552,0.00012035897088935599
157,汚い,neutral-positive,boss,非常に,上司に、下見してきた会場がどれくらい汚かったか聞かれ、大輔は答えます。「会場、非常に汚くなかったです。」,-8.740723848342896,0.0016191197792068124
157,汚い,neutral-positive,boss,微妙に,上司に、下見してきた会場がどれくらい汚かったか聞かれ、大輔は答えます。「会場、微妙に汚くなかったです。」,-11.532922230660915,9.92299392237328e-05
157,汚い,neutral-positive,boss,普通に,上司に、下見してきた会場がどれくらい汚かったか聞かれ、大輔は答えます。「会場、普通に汚くなかったです。」,-10.552354097366333,0.0002645440399646759
157,汚い,neutral-positive,boss,本当に,上司に、下見してきた会場がどれくらい汚かったか聞かれ、大輔は答えます。「会場、本当に汚くなかったです。」,-6.112645387649536,0.022420179098844528
157,汚い,neutral-positive,boss,全く,上司に、下見してきた会場がどれくらい汚かったか聞かれ、大輔は答えます。「会場、全く汚くなかったです。」,-6.325097322463989,0.01812893897294998
158,汚い,neutral-negative,boss,あまり,上司に、下見してきた会場がどれくらい汚かったか聞かれ、大輔は答えます。「会場、あまり汚かったです。」,-7.1847792863845825,0.003854659851640463
158,汚い,neutral-negative,boss,いまいち,上司に、下見してきた会場がどれくらい汚かったか聞かれ、大輔は答えます。「会場、いまいち汚かったです。」,-11.560377836227417,4.849393735639751e-05
158,汚い,neutral-negative,boss,かなり,上司に、下見してきた会場がどれくらい汚かったか聞かれ、大輔は答えます。「会場、かなり汚かったです。」,-3.1768335103988647,0.2121361643075943
158,汚い,neutral-negative,boss,すごく,上司に、下見してきた会場がどれくらい汚かったか聞かれ、大輔は答えます。「会場、すごく汚かったです。」,-3.4547914266586304,0.16065680980682373
158,汚い,neutral-negative,boss,そこまで,上司に、下見してきた会場がどれくらい汚かったか聞かれ、大輔は答えます。「会場、そこまで汚かったです。」,-10.07798683643341,0.00021354136697482318
158,汚い,neutral-negative,boss,それほど,上司に、下見してきた会場がどれくらい汚かったか聞かれ、大輔は答えます。「会場、それほど汚かったです。」,-8.306292653083801,0.0012557957088574767
158,汚い,neutral-negative,boss,そんなに,上司に、下見してきた会場がどれくらい汚かったか聞かれ、大輔は答えます。「会場、そんなに汚かったです。」,-7.5461989641189575,0.002685489831492305
158,汚い,neutral-negative,boss,たいして,上司に、下見してきた会場がどれくらい汚かったか聞かれ、大輔は答えます。「会場、たいして汚かったです。」,-10.11866295337677,0.00020502961706370115
158,汚い,neutral-negative,boss,だいぶ,上司に、下見してきた会場がどれくらい汚かったか聞かれ、大輔は答えます。「会場、だいぶ汚かったです。」,-7.534932268317789,0.0027159175369888544
158,汚い,neutral-negative,boss,ちっとも,上司に、下見してきた会場がどれくらい汚かったか聞かれ、大輔は答えます。「会場、ちっとも汚かったです。」,-14.783017992973328,1.932471377585898e-06
158,汚い,neutral-negative,boss,ちょっと,上司に、下見してきた会場がどれくらい汚かったか聞かれ、大輔は答えます。「会場、ちょっと汚かったです。」,-4.844363570213318,0.0400327667593956
158,汚い,neutral-negative,boss,とても,上司に、下見してきた会場がどれくらい汚かったか聞かれ、大輔は答えます。「会場、とても汚かったです。」,-3.453025221824646,0.16094081103801727
158,汚い,neutral-negative,boss,なかなか,上司に、下見してきた会場がどれくらい汚かったか聞かれ、大輔は答えます。「会場、なかなか汚かったです。」,-7.380835652351379,0.0031683992128819227
158,汚い,neutral-negative,boss,（なし）,上司に、下見してきた会場がどれくらい汚かったか聞かれ、大輔は答えます。「会場、（なし）汚かったです。」,-26.578529834747314,1.4567586720248826e-11
158,汚い,neutral-negative,boss,ひどく,上司に、下見してきた会場がどれくらい汚かったか聞かれ、大輔は答えます。「会場、ひどく汚かったです。」,-12.04085685312748,2.99928924505366e-05
158,汚い,neutral-negative,boss,まあまあ,上司に、下見してきた会場がどれくらい汚かったか聞かれ、大輔は答えます。「会場、まあまあ汚かったです。」,-8.277100563049316,0.0012929951772093773
158,汚い,neutral-negative,boss,マジで,上司に、下見してきた会場がどれくらい汚かったか聞かれ、大輔は答えます。「会場、マジで汚かったです。」,-9.042584553360939,0.0006013835081830621
158,汚い,neutral-negative,boss,めっちゃ,上司に、下見してきた会場がどれくらい汚かったか聞かれ、大輔は答えます。「会場、めっちゃ汚かったです。」,-8.867434412240982,0.0007165032438933849
158,汚い,neutral-negative,boss,やや,上司に、下見してきた会場がどれくらい汚かったか聞かれ、大輔は答えます。「会場、やや汚かったです。」,-9.28941398859024,0.0004698449920397252
158,汚い,neutral-negative,boss,結構,上司に、下見してきた会場がどれくらい汚かったか聞かれ、大輔は答えます。「会場、結構汚かったです。」,-4.720645308494568,0.04530496522784233
158,汚い,neutral-negative,boss,若干,上司に、下見してきた会場がどれくらい汚かったか聞かれ、大輔は答えます。「会場、若干汚かったです。」,-8.890616536140442,0.0007000843179412186
158,汚い,neutral-negative,boss,少し,上司に、下見してきた会場がどれくらい汚かったか聞かれ、大輔は答えます。「会場、少し汚かったです。」,-6.36445152759552,0.008754873648285866
158,汚い,neutral-negative,boss,少しも,上司に、下見してきた会場がどれくらい汚かったか聞かれ、大輔は答えます。「会場、少しも汚かったです。」,-11.068504095077515,7.930597348604351e-05
158,汚い,neutral-negative,boss,全然,上司に、下見してきた会場がどれくらい汚かったか聞かれ、大輔は答えます。「会場、全然汚かったです。」,-7.041968464851379,0.004446395207196474
158,汚い,neutral-negative,boss,相当,上司に、下見してきた会場がどれくらい汚かったか聞かれ、大輔は答えます。「会場、相当汚かったです。」,-4.902156233787537,0.03778475150465965
158,汚い,neutral-negative,boss,超,上司に、下見してきた会場がどれくらい汚かったか聞かれ、大輔は答えます。「会場、超汚かったです。」,-7.185912251472473,0.003850295441225171
158,汚い,neutral-negative,boss,非常に,上司に、下見してきた会場がどれくらい汚かったか聞かれ、大輔は答えます。「会場、非常に汚かったです。」,-4.904147505760193,0.037709590047597885
158,汚い,neutral-negative,boss,微妙に,上司に、下見してきた会場がどれくらい汚かったか聞かれ、大輔は答えます。「会場、微妙に汚かったです。」,-8.726143654435873,0.0008252393454313278
158,汚い,neutral-negative,boss,普通に,上司に、下見してきた会場がどれくらい汚かったか聞かれ、大輔は答えます。「会場、普通に汚かったです。」,-7.141207814216614,0.004026325885206461
158,汚い,neutral-negative,boss,本当に,上司に、下見してきた会場がどれくらい汚かったか聞かれ、大輔は答えます。「会場、本当に汚かったです。」,-2.955874800682068,0.2645914852619171
158,汚い,neutral-negative,boss,全く,上司に、下見してきた会場がどれくらい汚かったか聞かれ、大輔は答えます。「会場、全く汚かったです。」,-8.639224171638489,0.0009001786238513887
159,汚い,annoyed,boss,あまり,来客の一時間前、大輔は応接室が片付いていないことに気づきます。準備は上司が自分でやると引き受けたはずなのに、何度確認しても手をつけられていませんでした。またこの人のせいで自分が尻拭いをするのかと思いながらも上司に言います。「この部屋、お客様にあまり汚い印象を与えてしまいそうなので、片付けておきますね。」,-8.733719110488892,0.008313286118209362
159,汚い,annoyed,boss,いまいち,来客の一時間前、大輔は応接室が片付いていないことに気づきます。準備は上司が自分でやると引き受けたはずなのに、何度確認しても手をつけられていませんでした。またこの人のせいで自分が尻拭いをするのかと思いながらも上司に言います。「この部屋、お客様にいまいち汚い印象を与えてしまいそうなので、片付けておきますね。」,-13.900136709213257,4.7426998207811266e-05
159,汚い,annoyed,boss,かなり,来客の一時間前、大輔は応接室が片付いていないことに気づきます。準備は上司が自分でやると引き受けたはずなのに、何度確認しても手をつけられていませんでした。またこの人のせいで自分が尻拭いをするのかと思いながらも上司に言います。「この部屋、お客様にかなり汚い印象を与えてしまいそうなので、片付けておきますね。」,-6.089081048965454,0.117037333548069
159,汚い,annoyed,boss,すごく,来客の一時間前、大輔は応接室が片付いていないことに気づきます。準備は上司が自分でやると引き受けたはずなのに、何度確認しても手をつけられていませんでした。またこの人のせいで自分が尻拭いをするのかと思いながらも上司に言います。「この部屋、お客様にすごく汚い印象を与えてしまいそうなので、片付けておきますね。」,-7.1591761112213135,0.04014098271727562
159,汚い,annoyed,boss,そこまで,来客の一時間前、大輔は応接室が片付いていないことに気づきます。準備は上司が自分でやると引き受けたはずなのに、何度確認しても手をつけられていませんでした。またこの人のせいで自分が尻拭いをするのかと思いながらも上司に言います。「この部屋、お客様にそこまで汚い印象を与えてしまいそうなので、片付けておきますね。」,-12.930591821670532,0.00012505291670095176
159,汚い,annoyed,boss,それほど,来客の一時間前、大輔は応接室が片付いていないことに気づきます。準備は上司が自分でやると引き受けたはずなのに、何度確認しても手をつけられていませんでした。またこの人のせいで自分が尻拭いをするのかと思いながらも上司に言います。「この部屋、お客様にそれほど汚い印象を与えてしまいそうなので、片付けておきますね。」,-12.670795679092407,0.00016215190407820046
159,汚い,annoyed,boss,そんなに,来客の一時間前、大輔は応接室が片付いていないことに気づきます。準備は上司が自分でやると引き受けたはずなのに、何度確認しても手をつけられていませんでした。またこの人のせいで自分が尻拭いをするのかと思いながらも上司に言います。「この部屋、お客様にそんなに汚い印象を与えてしまいそうなので、片付けておきますね。」,-12.645900964736938,0.00016623930423520505
159,汚い,annoyed,boss,たいして,来客の一時間前、大輔は応接室が片付いていないことに気づきます。準備は上司が自分でやると引き受けたはずなのに、何度確認しても手をつけられていませんでした。またこの人のせいで自分が尻拭いをするのかと思いながらも上司に言います。「この部屋、お客様にたいして汚い印象を与えてしまいそうなので、片付けておきますね。」,-12.0992933511734,0.0002871587930712849
159,汚い,annoyed,boss,だいぶ,来客の一時間前、大輔は応接室が片付いていないことに気づきます。準備は上司が自分でやると引き受けたはずなのに、何度確認しても手をつけられていませんでした。またこの人のせいで自分が尻拭いをするのかと思いながらも上司に言います。「この部屋、お客様にだいぶ汚い印象を与えてしまいそうなので、片付けておきますね。」,-12.756243980955333,0.00014887176803313196
159,汚い,annoyed,boss,ちっとも,来客の一時間前、大輔は応接室が片付いていないことに気づきます。準備は上司が自分でやると引き受けたはずなのに、何度確認しても手をつけられていませんでした。またこの人のせいで自分が尻拭いをするのかと思いながらも上司に言います。「この部屋、お客様にちっとも汚い印象を与えてしまいそうなので、片付けておきますね。」,-18.17987769842148,6.566857564394013e-07
159,汚い,annoyed,boss,ちょっと,来客の一時間前、大輔は応接室が片付いていないことに気づきます。準備は上司が自分でやると引き受けたはずなのに、何度確認しても手をつけられていませんでした。またこの人のせいで自分が尻拭いをするのかと思いながらも上司に言います。「この部屋、お客様にちょっと汚い印象を与えてしまいそうなので、片付けておきますね。」,-6.347023248672485,0.0904277041554451
159,汚い,annoyed,boss,とても,来客の一時間前、大輔は応接室が片付いていないことに気づきます。準備は上司が自分でやると引き受けたはずなのに、何度確認しても手をつけられていませんでした。またこの人のせいで自分が尻拭いをするのかと思いながらも上司に言います。「この部屋、お客様にとても汚い印象を与えてしまいそうなので、片付けておきますね。」,-4.860020041465759,0.4000356197357178
159,汚い,annoyed,boss,なかなか,来客の一時間前、大輔は応接室が片付いていないことに気づきます。準備は上司が自分でやると引き受けたはずなのに、何度確認しても手をつけられていませんでした。またこの人のせいで自分が尻拭いをするのかと思いながらも上司に言います。「この部屋、お客様になかなか汚い印象を与えてしまいそうなので、片付けておきますね。」,-10.34387993812561,0.0016614554915577173
159,汚い,annoyed,boss,（なし）,来客の一時間前、大輔は応接室が片付いていないことに気づきます。準備は上司が自分でやると引き受けたはずなのに、何度確認しても手をつけられていませんでした。またこの人のせいで自分が尻拭いをするのかと思いながらも上司に言います。「この部屋、お客様に（なし）汚い印象を与えてしまいそうなので、片付けておきますね。」,-27.08176326751709,8.939590734335923e-11
159,汚い,annoyed,boss,ひどく,来客の一時間前、大輔は応接室が片付いていないことに気づきます。準備は上司が自分でやると引き受けたはずなのに、何度確認しても手をつけられていませんでした。またこの人のせいで自分が尻拭いをするのかと思いながらも上司に言います。「この部屋、お客様にひどく汚い印象を与えてしまいそうなので、片付けておきますね。」,-14.765057504177094,1.997081380977761e-05
159,汚い,annoyed,boss,まあまあ,来客の一時間前、大輔は応接室が片付いていないことに気づきます。準備は上司が自分でやると引き受けたはずなのに、何度確認しても手をつけられていませんでした。またこの人のせいで自分が尻拭いをするのかと思いながらも上司に言います。「この部屋、お客様にまあまあ汚い印象を与えてしまいそうなので、片付けておきますね。」,-14.988749250769615,1.5967892977641895e-05
159,汚い,annoyed,boss,マジで,来客の一時間前、大輔は応接室が片付いていないことに気づきます。準備は上司が自分でやると引き受けたはずなのに、何度確認しても手をつけられていませんでした。またこの人のせいで自分が尻拭いをするのかと思いながらも上司に言います。「この部屋、お客様にマジで汚い印象を与えてしまいそうなので、片付けておきますね。」,-13.982294350862503,4.368629743112251e-05
159,汚い,annoyed,boss,めっちゃ,来客の一時間前、大輔は応接室が片付いていないことに気づきます。準備は上司が自分でやると引き受けたはずなのに、何度確認しても手をつけられていませんでした。またこの人のせいで自分が尻拭いをするのかと思いながらも上司に言います。「この部屋、お客様にめっちゃ汚い印象を与えてしまいそうなので、片付けておきますね。」,-11.229150950908661,0.0006855204119347036
159,汚い,annoyed,boss,やや,来客の一時間前、大輔は応接室が片付いていないことに気づきます。準備は上司が自分でやると引き受けたはずなのに、何度確認しても手をつけられていませんでした。またこの人のせいで自分が尻拭いをするのかと思いながらも上司に言います。「この部屋、お客様にやや汚い印象を与えてしまいそうなので、片付けておきますね。」,-10.889904856681824,0.000962394115049392
159,汚い,annoyed,boss,結構,来客の一時間前、大輔は応接室が片付いていないことに気づきます。準備は上司が自分でやると引き受けたはずなのに、何度確認しても手をつけられていませんでした。またこの人のせいで自分が尻拭いをするのかと思いながらも上司に言います。「この部屋、お客様に結構汚い印象を与えてしまいそうなので、片付けておきますね。」,-9.589061975479126,0.0035342886112630367
159,汚い,annoyed,boss,若干,来客の一時間前、大輔は応接室が片付いていないことに気づきます。準備は上司が自分でやると引き受けたはずなのに、何度確認しても手をつけられていませんでした。またこの人のせいで自分が尻拭いをするのかと思いながらも上司に言います。「この部屋、お客様に若干汚い印象を与えてしまいそうなので、片付けておきますね。」,-9.369606256484985,0.0044015985913574696
159,汚い,annoyed,boss,少し,来客の一時間前、大輔は応接室が片付いていないことに気づきます。準備は上司が自分でやると引き受けたはずなのに、何度確認しても手をつけられていませんでした。またこの人のせいで自分が尻拭いをするのかと思いながらも上司に言います。「この部屋、お客様に少し汚い印象を与えてしまいそうなので、片付けておきますね。」,-6.431469202041626,0.08310499787330627
159,汚い,annoyed,boss,少しも,来客の一時間前、大輔は応接室が片付いていないことに気づきます。準備は上司が自分でやると引き受けたはずなのに、何度確認しても手をつけられていませんでした。またこの人のせいで自分が尻拭いをするのかと思いながらも上司に言います。「この部屋、お客様に少しも汚い印象を与えてしまいそうなので、片付けておきますね。」,-14.263542175292969,3.297620787634514e-05
159,汚い,annoyed,boss,全然,来客の一時間前、大輔は応接室が片付いていないことに気づきます。準備は上司が自分でやると引き受けたはずなのに、何度確認しても手をつけられていませんでした。またこの人のせいで自分が尻拭いをするのかと思いながらも上司に言います。「この部屋、お客様に全然汚い印象を与えてしまいそうなので、片付けておきますね。」,-12.260402917861938,0.00024442936410196126
159,汚い,annoyed,boss,相当,来客の一時間前、大輔は応接室が片付いていないことに気づきます。準備は上司が自分でやると引き受けたはずなのに、何度確認しても手をつけられていませんでした。またこの人のせいで自分が尻拭いをするのかと思いながらも上司に言います。「この部屋、お客様に相当汚い印象を与えてしまいそうなので、片付けておきますね。」,-7.6031153202056885,0.025750620290637016
159,汚い,annoyed,boss,超,来客の一時間前、大輔は応接室が片付いていないことに気づきます。準備は上司が自分でやると引き受けたはずなのに、何度確認しても手をつけられていませんでした。またこの人のせいで自分が尻拭いをするのかと思いながらも上司に言います。「この部屋、お客様に超汚い印象を与えてしまいそうなので、片付けておきますね。」,-9.696209192276001,0.00317518156953156
159,汚い,annoyed,boss,非常に,来客の一時間前、大輔は応接室が片付いていないことに気づきます。準備は上司が自分でやると引き受けたはずなのに、何度確認しても手をつけられていませんでした。またこの人のせいで自分が尻拭いをするのかと思いながらも上司に言います。「この部屋、お客様に非常に汚い印象を与えてしまいそうなので、片付けておきますね。」,-5.863670587539673,0.14662867784500122
159,汚い,annoyed,boss,微妙に,来客の一時間前、大輔は応接室が片付いていないことに気づきます。準備は上司が自分でやると引き受けたはずなのに、何度確認しても手をつけられていませんでした。またこの人のせいで自分が尻拭いをするのかと思いながらも上司に言います。「この部屋、お客様に微妙に汚い印象を与えてしまいそうなので、片付けておきますね。」,-13.016255795955658,0.00011478653323138133
159,汚い,annoyed,boss,普通に,来客の一時間前、大輔は応接室が片付いていないことに気づきます。準備は上司が自分でやると引き受けたはずなのに、何度確認しても手をつけられていませんでした。またこの人のせいで自分が尻拭いをするのかと思いながらも上司に言います。「この部屋、お客様に普通に汚い印象を与えてしまいそうなので、片付けておきますね。」,-10.771560907363892,0.0010833012638613582
159,汚い,annoyed,boss,本当に,来客の一時間前、大輔は応接室が片付いていないことに気づきます。準備は上司が自分でやると引き受けたはずなのに、何度確認しても手をつけられていませんでした。またこの人のせいで自分が尻拭いをするのかと思いながらも上司に言います。「この部屋、お客様に本当に汚い印象を与えてしまいそうなので、片付けておきますね。」,-6.6105616092681885,0.06947815418243408
159,汚い,annoyed,boss,全く,来客の一時間前、大輔は応接室が片付いていないことに気づきます。準備は上司が自分でやると引き受けたはずなのに、何度確認しても手をつけられていませんでした。またこの人のせいで自分が尻拭いをするのかと思いながらも上司に言います。「この部屋、お客様に全く汚い印象を与えてしまいそうなので、片付けておきますね。」,-10.077106714248657,0.002169436076655984
160,汚い,encouraging,boss,あまり,上司が先に押さえた会議室が、汚れていました。気にしている様子の上司を、大輔が励まします。「部屋、あまり汚くないですよ。軽く拭けば問題ありません。」,-5.232163906097412,0.25796130299568176
160,汚い,encouraging,boss,いまいち,上司が先に押さえた会議室が、汚れていました。気にしている様子の上司を、大輔が励まします。「部屋、いまいち汚くないですよ。軽く拭けば問題ありません。」,-12.009908199310303,0.000293776742182672
160,汚い,encouraging,boss,かなり,上司が先に押さえた会議室が、汚れていました。気にしている様子の上司を、大輔が励まします。「部屋、かなり汚くないですよ。軽く拭けば問題ありません。」,-10.644070863723755,0.0011513129575178027
160,汚い,encouraging,boss,すごく,上司が先に押さえた会議室が、汚れていました。気にしている様子の上司を、大輔が励まします。「部屋、すごく汚くないですよ。軽く拭けば問題ありません。」,-9.29079556465149,0.004455673508346081
160,汚い,encouraging,boss,そこまで,上司が先に押さえた会議室が、汚れていました。気にしている様子の上司を、大輔が励まします。「部屋、そこまで汚くないですよ。軽く拭けば問題ありません。」,-7.918706178665161,0.017571313306689262
160,汚い,encouraging,boss,それほど,上司が先に押さえた会議室が、汚れていました。気にしている様子の上司を、大輔が励まします。「部屋、それほど汚くないですよ。軽く拭けば問題ありません。」,-7.0640692710876465,0.04130172356963158
160,汚い,encouraging,boss,そんなに,上司が先に押さえた会議室が、汚れていました。気にしている様子の上司を、大輔が励まします。「部屋、そんなに汚くないですよ。軽く拭けば問題ありません。」,-4.417809903621674,0.5824035406112671
160,汚い,encouraging,boss,たいして,上司が先に押さえた会議室が、汚れていました。気にしている様子の上司を、大輔が励まします。「部屋、たいして汚くないですよ。軽く拭けば問題ありません。」,-12.883951127529144,0.00012258173956070095
160,汚い,encouraging,boss,だいぶ,上司が先に押さえた会議室が、汚れていました。気にしている様子の上司を、大輔が励まします。「部屋、だいぶ汚くないですよ。軽く拭けば問題ありません。」,-11.501910111866891,0.00048824562691152096
160,汚い,encouraging,boss,ちっとも,上司が先に押さえた会議室が、汚れていました。気にしている様子の上司を、大輔が励まします。「部屋、ちっとも汚くないですよ。軽く拭けば問題ありません。」,-16.993737637996674,2.011722017414286e-06
160,汚い,encouraging,boss,ちょっと,上司が先に押さえた会議室が、汚れていました。気にしている様子の上司を、大輔が励まします。「部屋、ちょっと汚くないですよ。軽く拭けば問題ありません。」,-9.142262697219849,0.005169164855033159
160,汚い,encouraging,boss,とても,上司が先に押さえた会議室が、汚れていました。気にしている様子の上司を、大輔が励まします。「部屋、とても汚くないですよ。軽く拭けば問題ありません。」,-7.454564571380615,0.027949770912528038
160,汚い,encouraging,boss,なかなか,上司が先に押さえた会議室が、汚れていました。気にしている様子の上司を、大輔が励まします。「部屋、なかなか汚くないですよ。軽く拭けば問題ありません。」,-9.126885652542114,0.0052492655813694
160,汚い,encouraging,boss,（なし）,上司が先に押さえた会議室が、汚れていました。気にしている様子の上司を、大輔が励まします。「部屋、（なし）汚くないですよ。軽く拭けば問題ありません。」,-28.582339763641357,1.8650997413161008e-11
160,汚い,encouraging,boss,ひどく,上司が先に押さえた会議室が、汚れていました。気にしている様子の上司を、大輔が励まします。「部屋、ひどく汚くないですよ。軽く拭けば問題ありません。」,-15.272559642791748,1.1247762813582085e-05
160,汚い,encouraging,boss,まあまあ,上司が先に押さえた会議室が、汚れていました。気にしている様子の上司を、大輔が励まします。「部屋、まあまあ汚くないですよ。軽く拭けば問題ありません。」,-13.205443382263184,8.88798022060655e-05
160,汚い,encouraging,boss,マジで,上司が先に押さえた会議室が、汚れていました。気にしている様子の上司を、大輔が励まします。「部屋、マジで汚くないですよ。軽く拭けば問題ありません。」,-14.171580865979195,3.3823238482000306e-05
160,汚い,encouraging,boss,めっちゃ,上司が先に押さえた会議室が、汚れていました。気にしている様子の上司を、大輔が励まします。「部屋、めっちゃ汚くないですよ。軽く拭けば問題ありません。」,-12.577124789357185,0.00016660132678225636
160,汚い,encouraging,boss,やや,上司が先に押さえた会議室が、汚れていました。気にしている様子の上司を、大輔が励まします。「部屋、やや汚くないですよ。軽く拭けば問題ありません。」,-14.362532615661621,2.7943811801378615e-05
160,汚い,encouraging,boss,結構,上司が先に押さえた会議室が、汚れていました。気にしている様子の上司を、大輔が励まします。「部屋、結構汚くないですよ。軽く拭けば問題ありません。」,-11.258610963821411,0.0006227330886758864
160,汚い,encouraging,boss,若干,上司が先に押さえた会議室が、汚れていました。気にしている様子の上司を、大輔が励まします。「部屋、若干汚くないですよ。軽く拭けば問題ありません。」,-14.711030721664429,1.9721281205420382e-05
160,汚い,encouraging,boss,少し,上司が先に押さえた会議室が、汚れていました。気にしている様子の上司を、大輔が励まします。「部屋、少し汚くないですよ。軽く拭けば問題ありません。」,-11.151231050491333,0.000693324429448694
160,汚い,encouraging,boss,少しも,上司が先に押さえた会議室が、汚れていました。気にしている様子の上司を、大輔が励まします。「部屋、少しも汚くないですよ。軽く拭けば問題ありません。」,-11.98655891418457,0.0003007170744240284
160,汚い,encouraging,boss,全然,上司が先に押さえた会議室が、汚れていました。気にしている様子の上司を、大輔が励まします。「部屋、全然汚くないですよ。軽く拭けば問題ありません。」,-7.218656063079834,0.035386040806770325
160,汚い,encouraging,boss,相当,上司が先に押さえた会議室が、汚れていました。気にしている様子の上司を、大輔が励まします。「部屋、相当汚くないですよ。軽く拭けば問題ありません。」,-11.82773756980896,0.00035247899359092116
160,汚い,encouraging,boss,超,上司が先に押さえた会議室が、汚れていました。気にしている様子の上司を、大輔が励まします。「部屋、超汚くないですよ。軽く拭けば問題ありません。」,-12.665147542953491,0.00015256360347848386
160,汚い,encouraging,boss,非常に,上司が先に押さえた会議室が、汚れていました。気にしている様子の上司を、大輔が励まします。「部屋、非常に汚くないですよ。軽く拭けば問題ありません。」,-11.429295778274536,0.0005250183749012649
160,汚い,encouraging,boss,微妙に,上司が先に押さえた会議室が、汚れていました。気にしている様子の上司を、大輔が励まします。「部屋、微妙に汚くないですよ。軽く拭けば問題ありません。」,-14.931117929518223,1.582532058819197e-05
160,汚い,encouraging,boss,普通に,上司が先に押さえた会議室が、汚れていました。気にしている様子の上司を、大輔が励まします。「部屋、普通に汚くないですよ。軽く拭けば問題ありません。」,-13.024781942367554,0.00010647892486304045
160,汚い,encouraging,boss,本当に,上司が先に押さえた会議室が、汚れていました。気にしている様子の上司を、大輔が励まします。「部屋、本当に汚くないですよ。軽く拭けば問題ありません。」,-8.276307344436646,0.012288532219827175
160,汚い,encouraging,boss,全く,上司が先に押さえた会議室が、汚れていました。気にしている様子の上司を、大輔が励まします。「部屋、全く汚くないですよ。軽く拭けば問題ありません。」,-9.158021211624146,0.005088344682008028
161,汚い,warning,stranger,あまり,飲食店の店員が、大輔の席の準備を終えて次の席に移ろうとしています。大輔は力になりたいと思い、遠慮がちに指摘します。「そのテーブルの端だけあまり汚れているようです。拭いておかれてはいかがでしょうか？」,-13.281163454055786,0.0006977316807024181
161,汚い,warning,stranger,いまいち,飲食店の店員が、大輔の席の準備を終えて次の席に移ろうとしています。大輔は力になりたいと思い、遠慮がちに指摘します。「そのテーブルの端だけいまいち汚れているようです。拭いておかれてはいかがでしょうか？」,-13.668408513069153,0.0004737072449643165
161,汚い,warning,stranger,かなり,飲食店の店員が、大輔の席の準備を終えて次の席に移ろうとしています。大輔は力になりたいと思い、遠慮がちに指摘します。「そのテーブルの端だけかなり汚れているようです。拭いておかれてはいかがでしょうか？」,-8.063618898391724,0.12871798872947693
161,汚い,warning,stranger,すごく,飲食店の店員が、大輔の席の準備を終えて次の席に移ろうとしています。大輔は力になりたいと思い、遠慮がちに指摘します。「そのテーブルの端だけすごく汚れているようです。拭いておかれてはいかがでしょうか？」,-10.311696290969849,0.013592885807156563
161,汚い,warning,stranger,そこまで,飲食店の店員が、大輔の席の準備を終えて次の席に移ろうとしています。大輔は力になりたいと思い、遠慮がちに指摘します。「そのテーブルの端だけそこまで汚れているようです。拭いておかれてはいかがでしょうか？」,-16.049817323684692,4.378012090455741e-05
161,汚い,warning,stranger,それほど,飲食店の店員が、大輔の席の準備を終えて次の席に移ろうとしています。大輔は力になりたいと思い、遠慮がちに指摘します。「そのテーブルの端だけそれほど汚れているようです。拭いておかれてはいかがでしょうか？」,-15.15169644355774,0.00010747966007329524
161,汚い,warning,stranger,そんなに,飲食店の店員が、大輔の席の準備を終えて次の席に移ろうとしています。大輔は力になりたいと思い、遠慮がちに指摘します。「そのテーブルの端だけそんなに汚れているようです。拭いておかれてはいかがでしょうか？」,-14.466668367385864,0.00021322110842447728
161,汚い,warning,stranger,たいして,飲食店の店員が、大輔の席の準備を終えて次の席に移ろうとしています。大輔は力になりたいと思い、遠慮がちに指摘します。「そのテーブルの端だけたいして汚れているようです。拭いておかれてはいかがでしょうか？」,-14.736612558364868,0.00016277770919259638
161,汚い,warning,stranger,だいぶ,飲食店の店員が、大輔の席の準備を終えて次の席に移ろうとしています。大輔は力になりたいと思い、遠慮がちに指摘します。「そのテーブルの端だけだいぶ汚れているようです。拭いておかれてはいかがでしょうか？」,-12.100130221340805,0.0022730270866304636
161,汚い,warning,stranger,ちっとも,飲食店の店員が、大輔の席の準備を終えて次の席に移ろうとしています。大輔は力になりたいと思い、遠慮がちに指摘します。「そのテーブルの端だけちっとも汚れているようです。拭いておかれてはいかがでしょうか？」,-18.13500553369522,5.4411580094893e-06
161,汚い,warning,stranger,ちょっと,飲食店の店員が、大輔の席の準備を終えて次の席に移ろうとしています。大輔は力になりたいと思い、遠慮がちに指摘します。「そのテーブルの端だけちょっと汚れているようです。拭いておかれてはいかがでしょうか？」,-7.368683815002441,0.2578966021537781
161,汚い,warning,stranger,とても,飲食店の店員が、大輔の席の準備を終えて次の席に移ろうとしています。大輔は力になりたいと思い、遠慮がちに指摘します。「そのテーブルの端だけとても汚れているようです。拭いておかれてはいかがでしょうか？」,-9.398671388626099,0.03387141600251198
161,汚い,warning,stranger,なかなか,飲食店の店員が、大輔の席の準備を終えて次の席に移ろうとしています。大輔は力になりたいと思い、遠慮がちに指摘します。「そのテーブルの端だけなかなか汚れているようです。拭いておかれてはいかがでしょうか？」,-13.967469453811646,0.00035126067814417183
161,汚い,warning,stranger,（なし）,飲食店の店員が、大輔の席の準備を終えて次の席に移ろうとしています。大輔は力になりたいと思い、遠慮がちに指摘します。「そのテーブルの端だけ（なし）汚れているようです。拭いておかれてはいかがでしょうか？」,-25.418883800506592,3.735448395048024e-09
161,汚い,warning,stranger,ひどく,飲食店の店員が、大輔の席の準備を終えて次の席に移ろうとしています。大輔は力になりたいと思い、遠慮がちに指摘します。「そのテーブルの端だけひどく汚れているようです。拭いておかれてはいかがでしょうか？」,-13.996639668941498,0.00034116237657144666
161,汚い,warning,stranger,まあまあ,飲食店の店員が、大輔の席の準備を終えて次の席に移ろうとしています。大輔は力になりたいと思い、遠慮がちに指摘します。「そのテーブルの端だけまあまあ汚れているようです。拭いておかれてはいかがでしょうか？」,-15.601840734481812,6.852213846286759e-05
161,汚い,warning,stranger,マジで,飲食店の店員が、大輔の席の準備を終えて次の席に移ろうとしています。大輔は力になりたいと思い、遠慮がちに指摘します。「そのテーブルの端だけマジで汚れているようです。拭いておかれてはいかがでしょうか？」,-14.121533527970314,0.0003011066291946918
161,汚い,warning,stranger,めっちゃ,飲食店の店員が、大輔の席の準備を終えて次の席に移ろうとしています。大輔は力になりたいと思い、遠慮がちに指摘します。「そのテーブルの端だけめっちゃ汚れているようです。拭いておかれてはいかがでしょうか？」,-12.279874235391617,0.0018990784883499146
161,汚い,warning,stranger,やや,飲食店の店員が、大輔の席の準備を終えて次の席に移ろうとしています。大輔は力になりたいと思い、遠慮がちに指摘します。「そのテーブルの端だけやや汚れているようです。拭いておかれてはいかがでしょうか？」,-11.63474340736866,0.003620089963078499
161,汚い,warning,stranger,結構,飲食店の店員が、大輔の席の準備を終えて次の席に移ろうとしています。大輔は力になりたいと思い、遠慮がちに指摘します。「そのテーブルの端だけ結構汚れているようです。拭いておかれてはいかがでしょうか？」,-9.871590852737427,0.021107997745275497
161,汚い,warning,stranger,若干,飲食店の店員が、大輔の席の準備を終えて次の席に移ろうとしています。大輔は力になりたいと思い、遠慮がちに指摘します。「そのテーブルの端だけ若干汚れているようです。拭いておかれてはいかがでしょうか？」,-11.480935335159302,0.004221993964165449
161,汚い,warning,stranger,少し,飲食店の店員が、大輔の席の準備を終えて次の席に移ろうとしています。大輔は力になりたいと思い、遠慮がちに指摘します。「そのテーブルの端だけ少し汚れているようです。拭いておかれてはいかがでしょうか？」,-6.709996223449707,0.4983219504356384
161,汚い,warning,stranger,少しも,飲食店の店員が、大輔の席の準備を終えて次の席に移ろうとしています。大輔は力になりたいと思い、遠慮がちに指摘します。「そのテーブルの端だけ少しも汚れているようです。拭いておかれてはいかがでしょうか？」,-12.74021601676941,0.0011984467273578048
161,汚い,warning,stranger,全然,飲食店の店員が、大輔の席の準備を終えて次の席に移ろうとしています。大輔は力になりたいと思い、遠慮がちに指摘します。「そのテーブルの端だけ全然汚れているようです。拭いておかれてはいかがでしょうか？」,-13.974026918411255,0.00034896485158242285
161,汚い,warning,stranger,相当,飲食店の店員が、大輔の席の準備を終えて次の席に移ろうとしています。大輔は力になりたいと思い、遠慮がちに指摘します。「そのテーブルの端だけ相当汚れているようです。拭いておかれてはいかがでしょうか？」,-11.044888734817505,0.0065296548418700695
161,汚い,warning,stranger,超,飲食店の店員が、大輔の席の準備を終えて次の席に移ろうとしています。大輔は力になりたいと思い、遠慮がちに指摘します。「そのテーブルの端だけ超汚れているようです。拭いておかれてはいかがでしょうか？」,-14.823060274124146,0.00014929703320376575
161,汚い,warning,stranger,非常に,飲食店の店員が、大輔の席の準備を終えて次の席に移ろうとしています。大輔は力になりたいと思い、遠慮がちに指摘します。「そのテーブルの端だけ非常に汚れているようです。拭いておかれてはいかがでしょうか？」,-10.492974519729614,0.01133922953158617
161,汚い,warning,stranger,微妙に,飲食店の店員が、大輔の席の準備を終えて次の席に移ろうとしています。大輔は力になりたいと思い、遠慮がちに指摘します。「そのテーブルの端だけ微妙に汚れているようです。拭いておかれてはいかがでしょうか？」,-11.110292743891478,0.00611625611782074
161,汚い,warning,stranger,普通に,飲食店の店員が、大輔の席の準備を終えて次の席に移ろうとしています。大輔は力になりたいと思い、遠慮がちに指摘します。「そのテーブルの端だけ普通に汚れているようです。拭いておかれてはいかがでしょうか？」,-14.08010983467102,0.0003138415631838143
161,汚い,warning,stranger,本当に,飲食店の店員が、大輔の席の準備を終えて次の席に移ろうとしています。大輔は力になりたいと思い、遠慮がちに指摘します。「そのテーブルの端だけ本当に汚れているようです。拭いておかれてはいかがでしょうか？」,-11.39361310005188,0.004607243463397026
161,汚い,warning,stranger,全く,飲食店の店員が、大輔の席の準備を終えて次の席に移ろうとしています。大輔は力になりたいと思い、遠慮がちに指摘します。「そのテーブルの端だけ全く汚れているようです。拭いておかれてはいかがでしょうか？」,-12.818902254104614,0.0011077605886384845
162,汚い,non-committal,stranger,あまり,宿の入口で、隣にいた客にどちらの部屋がいいか聞かれます。自分の意見を押し付けたくない大輔は、慎重に答えます。「そちらは、あまり汚いみたいですけど、安くて広いですよ。」,-11.251756191253662,0.00172246596775949
162,汚い,non-committal,stranger,いまいち,宿の入口で、隣にいた客にどちらの部屋がいいか聞かれます。自分の意見を押し付けたくない大輔は、慎重に答えます。「そちらは、いまいち汚いみたいですけど、安くて広いですよ。」,-13.177105784416199,0.0002511782804504037
162,汚い,non-committal,stranger,かなり,宿の入口で、隣にいた客にどちらの部屋がいいか聞かれます。自分の意見を押し付けたくない大輔は、慎重に答えます。「そちらは、かなり汚いみたいですけど、安くて広いですよ。」,-7.369561672210693,0.08359234780073166
162,汚い,non-committal,stranger,すごく,宿の入口で、隣にいた客にどちらの部屋がいいか聞かれます。自分の意見を押し付けたくない大輔は、慎重に答えます。「そちらは、すごく汚いみたいですけど、安くて広いですよ。」,-8.175450801849365,0.03733989596366882
162,汚い,non-committal,stranger,そこまで,宿の入口で、隣にいた客にどちらの部屋がいいか聞かれます。自分の意見を押し付けたくない大輔は、慎重に答えます。「そちらは、そこまで汚いみたいですけど、安くて広いですよ。」,-14.984429836273193,4.121651727473363e-05
162,汚い,non-committal,stranger,それほど,宿の入口で、隣にいた客にどちらの部屋がいいか聞かれます。自分の意見を押し付けたくない大輔は、慎重に答えます。「そちらは、それほど汚いみたいですけど、安くて広いですよ。」,-13.94651174545288,0.00011636795534286648
162,汚い,non-committal,stranger,そんなに,宿の入口で、隣にいた客にどちらの部屋がいいか聞かれます。自分の意見を押し付けたくない大輔は、慎重に答えます。「そちらは、そんなに汚いみたいですけど、安くて広いですよ。」,-12.614671230316162,0.00044080259976908565
162,汚い,non-committal,stranger,たいして,宿の入口で、隣にいた客にどちらの部屋がいいか聞かれます。自分の意見を押し付けたくない大輔は、慎重に答えます。「そちらは、たいして汚いみたいですけど、安くて広いですよ。」,-14.912029206752777,4.4311316742096096e-05
162,汚い,non-committal,stranger,だいぶ,宿の入口で、隣にいた客にどちらの部屋がいいか聞かれます。自分の意見を押し付けたくない大輔は、慎重に答えます。「そちらは、だいぶ汚いみたいですけど、安くて広いですよ。」,-13.384255876066163,0.00020418236090335995
162,汚い,non-committal,stranger,ちっとも,宿の入口で、隣にいた客にどちらの部屋がいいか聞かれます。自分の意見を押し付けたくない大輔は、慎重に答えます。「そちらは、ちっとも汚いみたいですけど、安くて広いですよ。」,-19.31315368413925,5.434134777715371e-07
162,汚い,non-committal,stranger,ちょっと,宿の入口で、隣にいた客にどちらの部屋がいいか聞かれます。自分の意見を押し付けたくない大輔は、慎重に答えます。「そちらは、ちょっと汚いみたいですけど、安くて広いですよ。」,-5.55939245223999,0.5108730792999268
162,汚い,non-committal,stranger,とても,宿の入口で、隣にいた客にどちらの部屋がいいか聞かれます。自分の意見を押し付けたくない大輔は、慎重に答えます。「そちらは、とても汚いみたいですけど、安くて広いですよ。」,-8.171754360198975,0.03747817501425743
162,汚い,non-committal,stranger,なかなか,宿の入口で、隣にいた客にどちらの部屋がいいか聞かれます。自分の意見を押し付けたくない大輔は、慎重に答えます。「そちらは、なかなか汚いみたいですけど、安くて広いですよ。」,-10.165746212005615,0.005102685187011957
162,汚い,non-committal,stranger,（なし）,宿の入口で、隣にいた客にどちらの部屋がいいか聞かれます。自分の意見を押し付けたくない大輔は、慎重に答えます。「そちらは、（なし）汚いみたいですけど、安くて広いですよ。」,-28.761945724487305,4.281267701466973e-11
162,汚い,non-committal,stranger,ひどく,宿の入口で、隣にいた客にどちらの部屋がいいか聞かれます。自分の意見を押し付けたくない大輔は、慎重に答えます。「そちらは、ひどく汚いみたいですけど、安くて広いですよ。」,-15.55439418554306,2.3309839889407158e-05
162,汚い,non-committal,stranger,まあまあ,宿の入口で、隣にいた客にどちらの部屋がいいか聞かれます。自分の意見を押し付けたくない大輔は、慎重に答えます。「そちらは、まあまあ汚いみたいですけど、安くて広いですよ。」,-12.6756010055542,0.0004147466679569334
162,汚い,non-committal,stranger,マジで,宿の入口で、隣にいた客にどちらの部屋がいいか聞かれます。自分の意見を押し付けたくない大輔は、慎重に答えます。「そちらは、マジで汚いみたいですけど、安くて広いですよ。」,-15.177991151809692,3.396319516468793e-05
162,汚い,non-committal,stranger,めっちゃ,宿の入口で、隣にいた客にどちらの部屋がいいか聞かれます。自分の意見を押し付けたくない大輔は、慎重に答えます。「そちらは、めっちゃ汚いみたいですけど、安くて広いですよ。」,-11.521939046680927,0.0013146550627425313
162,汚い,non-committal,stranger,やや,宿の入口で、隣にいた客にどちらの部屋がいいか聞かれます。自分の意見を押し付けたくない大輔は、慎重に答えます。「そちらは、やや汚いみたいですけど、安くて広いですよ。」,-12.515298902988434,0.0004868568212259561
162,汚い,non-committal,stranger,結構,宿の入口で、隣にいた客にどちらの部屋がいいか聞かれます。自分の意見を押し付けたくない大輔は、慎重に答えます。「そちらは、結構汚いみたいですけど、安くて広いですよ。」,-6.787980556488037,0.1495353877544403
162,汚い,non-committal,stranger,若干,宿の入口で、隣にいた客にどちらの部屋がいいか聞かれます。自分の意見を押し付けたくない大輔は、慎重に答えます。「そちらは、若干汚いみたいですけど、安くて広いですよ。」,-9.535104274749756,0.009587008506059647
162,汚い,non-committal,stranger,少し,宿の入口で、隣にいた客にどちらの部屋がいいか聞かれます。自分の意見を押し付けたくない大輔は、慎重に答えます。「そちらは、少し汚いみたいですけど、安くて広いですよ。」,-6.911149501800537,0.13220636546611786
162,汚い,non-committal,stranger,少しも,宿の入口で、隣にいた客にどちらの部屋がいいか聞かれます。自分の意見を押し付けたくない大輔は、慎重に答えます。「そちらは、少しも汚いみたいですけど、安くて広いですよ。」,-14.176341533660889,9.247398702427745e-05
162,汚い,non-committal,stranger,全然,宿の入口で、隣にいた客にどちらの部屋がいいか聞かれます。自分の意見を押し付けたくない大輔は、慎重に答えます。「そちらは、全然汚いみたいですけど、安くて広いですよ。」,-11.47217321395874,0.001381734968163073
162,汚い,non-committal,stranger,相当,宿の入口で、隣にいた客にどちらの部屋がいいか聞かれます。自分の意見を押し付けたくない大輔は、慎重に答えます。「そちらは、相当汚いみたいですけど、安くて広いですよ。」,-8.992684841156006,0.016491223126649857
162,汚い,non-committal,stranger,超,宿の入口で、隣にいた客にどちらの部屋がいいか聞かれます。自分の意見を押し付けたくない大輔は、慎重に答えます。「そちらは、超汚いみたいですけど、安くて広いですよ。」,-12.152295589447021,0.0006999247707426548
162,汚い,non-committal,stranger,非常に,宿の入口で、隣にいた客にどちらの部屋がいいか聞かれます。自分の意見を押し付けたくない大輔は、慎重に答えます。「そちらは、非常に汚いみたいですけど、安くて広いですよ。」,-10.890729427337646,0.0024713973980396986
162,汚い,non-committal,stranger,微妙に,宿の入口で、隣にいた客にどちらの部屋がいいか聞かれます。自分の意見を押し付けたくない大輔は、慎重に答えます。「そちらは、微妙に汚いみたいですけど、安くて広いですよ。」,-11.2890035957098,0.0016594899352639914
162,汚い,non-committal,stranger,普通に,宿の入口で、隣にいた客にどちらの部屋がいいか聞かれます。自分の意見を押し付けたくない大輔は、慎重に答えます。「そちらは、普通に汚いみたいですけど、安くて広いですよ。」,-11.750253200531006,0.0010462998179718852
162,汚い,non-committal,stranger,本当に,宿の入口で、隣にいた客にどちらの部屋がいいか聞かれます。自分の意見を押し付けたくない大輔は、慎重に答えます。「そちらは、本当に汚いみたいですけど、安くて広いですよ。」,-10.129411220550537,0.005291501060128212
162,汚い,non-committal,stranger,全く,宿の入口で、隣にいた客にどちらの部屋がいいか聞かれます。自分の意見を押し付けたくない大輔は、慎重に答えます。「そちらは、全く汚いみたいですけど、安くて広いですよ。」,-14.670377254486084,5.642383257509209e-05
163,汚い,acknowledge,stranger,あまり,古いからと大輔が敬遠していた店を、通りかかった店員がちゃんと手入れされていると勧めます。大輔は半信半疑で入りました。しかし、店員の言った通りに清潔です。勧めてもらったことについて感謝します。「確かにあまり汚くないですね。勧めていただいてありがとうございます。」,-7.753517985343933,0.33286818861961365
163,汚い,acknowledge,stranger,いまいち,古いからと大輔が敬遠していた店を、通りかかった店員がちゃんと手入れされていると勧めます。大輔は半信半疑で入りました。しかし、店員の言った通りに清潔です。勧めてもらったことについて感謝します。「確かにいまいち汚くないですね。勧めていただいてありがとうございます。」,-16.67768883705139,4.4315358536550775e-05
163,汚い,acknowledge,stranger,かなり,古いからと大輔が敬遠していた店を、通りかかった店員がちゃんと手入れされていると勧めます。大輔は半信半疑で入りました。しかし、店員の言った通りに清潔です。勧めてもらったことについて感謝します。「確かにかなり汚くないですね。勧めていただいてありがとうございます。」,-12.277958869934082,0.0036085492465645075
163,汚い,acknowledge,stranger,すごく,古いからと大輔が敬遠していた店を、通りかかった店員がちゃんと手入れされていると勧めます。大輔は半信半疑で入りました。しかし、店員の言った通りに清潔です。勧めてもらったことについて感謝します。「確かにすごく汚くないですね。勧めていただいてありがとうございます。」,-11.735516548156738,0.006207437254488468
163,汚い,acknowledge,stranger,そこまで,古いからと大輔が敬遠していた店を、通りかかった店員がちゃんと手入れされていると勧めます。大輔は半信半疑で入りました。しかし、店員の言った通りに清潔です。勧めてもらったことについて感謝します。「確かにそこまで汚くないですね。勧めていただいてありがとうございます。」,-9.75536060333252,0.04496588185429573
163,汚い,acknowledge,stranger,それほど,古いからと大輔が敬遠していた店を、通りかかった店員がちゃんと手入れされていると勧めます。大輔は半信半疑で入りました。しかし、店員の言った通りに清潔です。勧めてもらったことについて感謝します。「確かにそれほど汚くないですね。勧めていただいてありがとうございます。」,-9.4898042678833,0.058642540127038956
163,汚い,acknowledge,stranger,そんなに,古いからと大輔が敬遠していた店を、通りかかった店員がちゃんと手入れされていると勧めます。大輔は半信半疑で入りました。しかし、店員の言った通りに清潔です。勧めてもらったことについて感謝します。「確かにそんなに汚くないですね。勧めていただいてありがとうございます。」,-7.654354929924011,0.3675684630870819
163,汚い,acknowledge,stranger,たいして,古いからと大輔が敬遠していた店を、通りかかった店員がちゃんと手入れされていると勧めます。大輔は半信半疑で入りました。しかし、店員の言った通りに清潔です。勧めてもらったことについて感謝します。「確かにたいして汚くないですね。勧めていただいてありがとうございます。」,-16.960317730903625,3.3404889109078795e-05
163,汚い,acknowledge,stranger,だいぶ,古いからと大輔が敬遠していた店を、通りかかった店員がちゃんと手入れされていると勧めます。大輔は半信半疑で入りました。しかし、店員の言った通りに清潔です。勧めてもらったことについて感謝します。「確かにだいぶ汚くないですね。勧めていただいてありがとうございます。」,-13.737963956780732,0.000838031992316246
163,汚い,acknowledge,stranger,ちっとも,古いからと大輔が敬遠していた店を、通りかかった店員がちゃんと手入れされていると勧めます。大輔は半信半疑で入りました。しかし、店員の言った通りに清潔です。勧めてもらったことについて感謝します。「確かにちっとも汚くないですね。勧めていただいてありがとうございます。」,-19.502250164747238,2.629435584822204e-06
163,汚い,acknowledge,stranger,ちょっと,古いからと大輔が敬遠していた店を、通りかかった店員がちゃんと手入れされていると勧めます。大輔は半信半疑で入りました。しかし、店員の言った通りに清潔です。勧めてもらったことについて感謝します。「確かにちょっと汚くないですね。勧めていただいてありがとうございます。」,-11.253037452697754,0.010056580416858196
163,汚い,acknowledge,stranger,とても,古いからと大輔が敬遠していた店を、通りかかった店員がちゃんと手入れされていると勧めます。大輔は半信半疑で入りました。しかし、店員の言った通りに清潔です。勧めてもらったことについて感謝します。「確かにとても汚くないですね。勧めていただいてありがとうございます。」,-9.079182624816895,0.08841857314109802
163,汚い,acknowledge,stranger,なかなか,古いからと大輔が敬遠していた店を、通りかかった店員がちゃんと手入れされていると勧めます。大輔は半信半疑で入りました。しかし、店員の言った通りに清潔です。勧めてもらったことについて感謝します。「確かになかなか汚くないですね。勧めていただいてありがとうございます。」,-11.389103889465332,0.008777229115366936
163,汚い,acknowledge,stranger,（なし）,古いからと大輔が敬遠していた店を、通りかかった店員がちゃんと手入れされていると勧めます。大輔は半信半疑で入りました。しかし、店員の言った通りに清潔です。勧めてもらったことについて感謝します。「確かに（なし）汚くないですね。勧めていただいてありがとうございます。」,-24.020694255828857,2.8676545582584367e-08
163,汚い,acknowledge,stranger,ひどく,古いからと大輔が敬遠していた店を、通りかかった店員がちゃんと手入れされていると勧めます。大輔は半信半疑で入りました。しかし、店員の言った通りに清潔です。勧めてもらったことについて感謝します。「確かにひどく汚くないですね。勧めていただいてありがとうございます。」,-17.07717388868332,2.972078618768137e-05
163,汚い,acknowledge,stranger,まあまあ,古いからと大輔が敬遠していた店を、通りかかった店員がちゃんと手入れされていると勧めます。大輔は半信半疑で入りました。しかし、店員の言った通りに清潔です。勧めてもらったことについて感謝します。「確かにまあまあ汚くないですね。勧めていただいてありがとうございます。」,-13.358790040016174,0.0012244285317137837
163,汚い,acknowledge,stranger,マジで,古いからと大輔が敬遠していた店を、通りかかった店員がちゃんと手入れされていると勧めます。大輔は半信半疑で入りました。しかし、店員の言った通りに清潔です。勧めてもらったことについて感謝します。「確かにマジで汚くないですね。勧めていただいてありがとうございます。」,-15.882761120796204,9.81266493909061e-05
163,汚い,acknowledge,stranger,めっちゃ,古いからと大輔が敬遠していた店を、通りかかった店員がちゃんと手入れされていると勧めます。大輔は半信半疑で入りました。しかし、店員の言った通りに清潔です。勧めてもらったことについて感謝します。「確かにめっちゃ汚くないですね。勧めていただいてありがとうございます。」,-15.096505537629128,0.00021540388115681708
163,汚い,acknowledge,stranger,やや,古いからと大輔が敬遠していた店を、通りかかった店員がちゃんと手入れされていると勧めます。大輔は半信半疑で入りました。しかし、店員の言った通りに清潔です。勧めてもらったことについて感謝します。「確かにやや汚くないですね。勧めていただいてありがとうございます。」,-15.170422315597534,0.00020005600526928902
163,汚い,acknowledge,stranger,結構,古いからと大輔が敬遠していた店を、通りかかった店員がちゃんと手入れされていると勧めます。大輔は半信半疑で入りました。しかし、店員の言った通りに清潔です。勧めてもらったことについて感謝します。「確かに結構汚くないですね。勧めていただいてありがとうございます。」,-13.611527442932129,0.0009509795345366001
163,汚い,acknowledge,stranger,若干,古いからと大輔が敬遠していた店を、通りかかった店員がちゃんと手入れされていると勧めます。大輔は半信半疑で入りました。しかし、店員の言った通りに清潔です。勧めてもらったことについて感謝します。「確かに若干汚くないですね。勧めていただいてありがとうございます。」,-15.538899421691895,0.0001383961789542809
163,汚い,acknowledge,stranger,少し,古いからと大輔が敬遠していた店を、通りかかった店員がちゃんと手入れされていると勧めます。大輔は半信半疑で入りました。しかし、店員の言った通りに清潔です。勧めてもらったことについて感謝します。「確かに少し汚くないですね。勧めていただいてありがとうございます。」,-12.071702003479004,0.004435155540704727
163,汚い,acknowledge,stranger,少しも,古いからと大輔が敬遠していた店を、通りかかった店員がちゃんと手入れされていると勧めます。大輔は半信半疑で入りました。しかし、店員の言った通りに清潔です。勧めてもらったことについて感謝します。「確かに少しも汚くないですね。勧めていただいてありがとうございます。」,-15.470155954360962,0.00014824468235019594
163,汚い,acknowledge,stranger,全然,古いからと大輔が敬遠していた店を、通りかかった店員がちゃんと手入れされていると勧めます。大輔は半信半疑で入りました。しかし、店員の言った通りに清潔です。勧めてもらったことについて感謝します。「確かに全然汚くないですね。勧めていただいてありがとうございます。」,-9.815262794494629,0.042351413518190384
163,汚い,acknowledge,stranger,相当,古いからと大輔が敬遠していた店を、通りかかった店員がちゃんと手入れされていると勧めます。大輔は半信半疑で入りました。しかし、店員の言った通りに清潔です。勧めてもらったことについて感謝します。「確かに相当汚くないですね。勧めていただいてありがとうございます。」,-13.242920875549316,0.001374848885461688
163,汚い,acknowledge,stranger,超,古いからと大輔が敬遠していた店を、通りかかった店員がちゃんと手入れされていると勧めます。大輔は半信半疑で入りました。しかし、店員の言った通りに清潔です。勧めてもらったことについて感謝します。「確かに超汚くないですね。勧めていただいてありがとうございます。」,-15.420994758605957,0.00015571466065011919
163,汚い,acknowledge,stranger,非常に,古いからと大輔が敬遠していた店を、通りかかった店員がちゃんと手入れされていると勧めます。大輔は半信半疑で入りました。しかし、店員の言った通りに清潔です。勧めてもらったことについて感謝します。「確かに非常に汚くないですね。勧めていただいてありがとうございます。」,-12.792859077453613,0.0021563253831118345
163,汚い,acknowledge,stranger,微妙に,古いからと大輔が敬遠していた店を、通りかかった店員がちゃんと手入れされていると勧めます。大輔は半信半疑で入りました。しかし、店員の言った通りに清潔です。勧めてもらったことについて感謝します。「確かに微妙に汚くないですね。勧めていただいてありがとうございます。」,-15.715856730937958,0.00011595050455071032
163,汚い,acknowledge,stranger,普通に,古いからと大輔が敬遠していた店を、通りかかった店員がちゃんと手入れされていると勧めます。大輔は半信半疑で入りました。しかし、店員の言った通りに清潔です。勧めてもらったことについて感謝します。「確かに普通に汚くないですね。勧めていただいてありがとうございます。」,-14.720376014709473,0.0003137648745905608
163,汚い,acknowledge,stranger,本当に,古いからと大輔が敬遠していた店を、通りかかった店員がちゃんと手入れされていると勧めます。大輔は半信半疑で入りました。しかし、店員の言った通りに清潔です。勧めてもらったことについて感謝します。「確かに本当に汚くないですね。勧めていただいてありがとうございます。」,-10.81917667388916,0.015519355423748493
163,汚い,acknowledge,stranger,全く,古いからと大輔が敬遠していた店を、通りかかった店員がちゃんと手入れされていると勧めます。大輔は半信半疑で入りました。しかし、店員の言った通りに清潔です。勧めてもらったことについて感謝します。「確かに全く汚くないですね。勧めていただいてありがとうございます。」,-11.416478157043457,0.008540217764675617
164,汚い,neutral-positive,stranger,あまり,宿の入口で、これから泊まる客に、部屋がどれくらい汚いか聞かれ、大輔は答えます。「お部屋、あまり汚くないです。」,-3.526824712753296,0.2626321613788605
164,汚い,neutral-positive,stranger,いまいち,宿の入口で、これから泊まる客に、部屋がどれくらい汚いか聞かれ、大輔は答えます。「お部屋、いまいち汚くないです。」,-9.241226077079773,0.0008661936153657734
164,汚い,neutral-positive,stranger,かなり,宿の入口で、これから泊まる客に、部屋がどれくらい汚いか聞かれ、大輔は答えます。「お部屋、かなり汚くないです。」,-8.625327587127686,0.0016036003362387419
164,汚い,neutral-positive,stranger,すごく,宿の入口で、これから泊まる客に、部屋がどれくらい汚いか聞かれ、大輔は答えます。「お部屋、すごく汚くないです。」,-7.447555065155029,0.005207103677093983
164,汚い,neutral-positive,stranger,そこまで,宿の入口で、これから泊まる客に、部屋がどれくらい汚いか聞かれ、大輔は答えます。「お部屋、そこまで汚くないです。」,-6.352275371551514,0.01556934230029583
164,汚い,neutral-positive,stranger,それほど,宿の入口で、これから泊まる客に、部屋がどれくらい汚いか聞かれ、大輔は答えます。「お部屋、それほど汚くないです。」,-4.89132285118103,0.06710483133792877
164,汚い,neutral-positive,stranger,そんなに,宿の入口で、これから泊まる客に、部屋がどれくらい汚いか聞かれ、大輔は答えます。「お部屋、そんなに汚くないです。」,-2.827037513256073,0.5287636518478394
164,汚い,neutral-positive,stranger,たいして,宿の入口で、これから泊まる客に、部屋がどれくらい汚いか聞かれ、大輔は答えます。「お部屋、たいして汚くないです。」,-10.484422624111176,0.0002498627873137593
164,汚い,neutral-positive,stranger,だいぶ,宿の入口で、これから泊まる客に、部屋がどれくらい汚いか聞かれ、大輔は答えます。「お部屋、だいぶ汚くないです。」,-10.15939431777224,0.00034582760417833924
164,汚い,neutral-positive,stranger,ちっとも,宿の入口で、これから泊まる客に、部屋がどれくらい汚いか聞かれ、大輔は答えます。「お部屋、ちっとも汚くないです。」,-14.792884811758995,3.361710014360142e-06
164,汚い,neutral-positive,stranger,ちょっと,宿の入口で、これから泊まる客に、部屋がどれくらい汚いか聞かれ、大輔は答えます。「お部屋、ちょっと汚くないです。」,-8.28892469406128,0.0022448848467320204
164,汚い,neutral-positive,stranger,とても,宿の入口で、これから泊まる客に、部屋がどれくらい汚いか聞かれ、大輔は答えます。「お部屋、とても汚くないです。」,-5.463546514511108,0.03786519542336464
164,汚い,neutral-positive,stranger,なかなか,宿の入口で、これから泊まる客に、部屋がどれくらい汚いか聞かれ、大輔は答えます。「お部屋、なかなか汚くないです。」,-8.005565166473389,0.002980269491672516
164,汚い,neutral-positive,stranger,（なし）,宿の入口で、これから泊まる客に、部屋がどれくらい汚いか聞かれ、大輔は答えます。「お部屋、（なし）汚くないです。」,-24.70970392227173,1.6585961770676505e-10
164,汚い,neutral-positive,stranger,ひどく,宿の入口で、これから泊まる客に、部屋がどれくらい汚いか聞かれ、大輔は答えます。「お部屋、ひどく汚くないです。」,-14.595888510346413,4.093689312867355e-06
164,汚い,neutral-positive,stranger,まあまあ,宿の入口で、これから泊まる客に、部屋がどれくらい汚いか聞かれ、大輔は答えます。「お部屋、まあまあ汚くないです。」,-10.99068546295166,0.0001506032858742401
164,汚い,neutral-positive,stranger,マジで,宿の入口で、これから泊まる客に、部屋がどれくらい汚いか聞かれ、大輔は答えます。「お部屋、マジで汚くないです。」,-12.138753294944763,4.777878348249942e-05
164,汚い,neutral-positive,stranger,めっちゃ,宿の入口で、これから泊まる客に、部屋がどれくらい汚いか聞かれ、大輔は答えます。「お部屋、めっちゃ汚くないです。」,-10.132930278778076,0.0003551015688572079
164,汚い,neutral-positive,stranger,やや,宿の入口で、これから泊まる客に、部屋がどれくらい汚いか聞かれ、大輔は答えます。「お部屋、やや汚くないです。」,-12.957759618759155,2.1064197426312603e-05
164,汚い,neutral-positive,stranger,結構,宿の入口で、これから泊まる客に、部屋がどれくらい汚いか聞かれ、大輔は答えます。「お部屋、結構汚くないです。」,-10.739700317382812,0.0001935690379468724
164,汚い,neutral-positive,stranger,若干,宿の入口で、これから泊まる客に、部屋がどれくらい汚いか聞かれ、大輔は答えます。「お部屋、若干汚くないです。」,-11.915626525878906,5.972245708107948e-05
164,汚い,neutral-positive,stranger,少し,宿の入口で、これから泊まる客に、部屋がどれくらい汚いか聞かれ、大輔は答えます。「お部屋、少し汚くないです。」,-9.537490367889404,0.0006440934375859797
164,汚い,neutral-positive,stranger,少しも,宿の入口で、これから泊まる客に、部屋がどれくらい汚いか聞かれ、大輔は答えます。「お部屋、少しも汚くないです。」,-9.718678027391434,0.0005373534513637424
164,汚い,neutral-positive,stranger,全然,宿の入口で、これから泊まる客に、部屋がどれくらい汚いか聞かれ、大輔は答えます。「お部屋、全然汚くないです。」,-5.210155248641968,0.04878503456711769
164,汚い,neutral-positive,stranger,相当,宿の入口で、これから泊まる客に、部屋がどれくらい汚いか聞かれ、大輔は答えます。「お部屋、相当汚くないです。」,-9.267249584197998,0.0008439426892437041
164,汚い,neutral-positive,stranger,超,宿の入口で、これから泊まる客に、部屋がどれくらい汚いか聞かれ、大輔は答えます。「お部屋、超汚くないです。」,-11.057720184326172,0.00014083857240621
164,汚い,neutral-positive,stranger,非常に,宿の入口で、これから泊まる客に、部屋がどれくらい汚いか聞かれ、大輔は答えます。「お部屋、非常に汚くないです。」,-9.093608379364014,0.001003978424705565
164,汚い,neutral-positive,stranger,微妙に,宿の入口で、これから泊まる客に、部屋がどれくらい汚いか聞かれ、大輔は答えます。「お部屋、微妙に汚くないです。」,-11.040606252849102,0.00014326960081234574
164,汚い,neutral-positive,stranger,普通に,宿の入口で、これから泊まる客に、部屋がどれくらい汚いか聞かれ、大輔は答えます。「お部屋、普通に汚くないです。」,-11.692115783691406,7.46804871596396e-05
164,汚い,neutral-positive,stranger,本当に,宿の入口で、これから泊まる客に、部屋がどれくらい汚いか聞かれ、大輔は答えます。「お部屋、本当に汚くないです。」,-6.864753246307373,0.009326181374490261
164,汚い,neutral-positive,stranger,全く,宿の入口で、これから泊まる客に、部屋がどれくらい汚いか聞かれ、大輔は答えます。「お部屋、全く汚くないです。」,-6.593486309051514,0.012232457287609577
165,汚い,neutral-negative,stranger,あまり,宿の入口で、これから泊まる客に、部屋がどれくらい汚いか聞かれ、大輔は答えます。「お部屋、あまり汚いです。」,-6.678145170211792,0.006460170727223158
165,汚い,neutral-negative,stranger,いまいち,宿の入口で、これから泊まる客に、部屋がどれくらい汚いか聞かれ、大輔は答えます。「お部屋、いまいち汚いです。」,-10.446038961410522,0.00014923428534530103
165,汚い,neutral-negative,stranger,かなり,宿の入口で、これから泊まる客に、部屋がどれくらい汚いか聞かれ、大輔は答えます。「お部屋、かなり汚いです。」,-3.009485960006714,0.253234326839447
165,汚い,neutral-negative,stranger,すごく,宿の入口で、これから泊まる客に、部屋がどれくらい汚いか聞かれ、大輔は答えます。「お部屋、すごく汚いです。」,-4.080672025680542,0.08675854653120041
165,汚い,neutral-negative,stranger,そこまで,宿の入口で、これから泊まる客に、部屋がどれくらい汚いか聞かれ、大輔は答えます。「お部屋、そこまで汚いです。」,-10.607725381851196,0.0001269548520212993
165,汚い,neutral-negative,stranger,それほど,宿の入口で、これから泊まる客に、部屋がどれくらい汚いか聞かれ、大輔は答えます。「お部屋、それほど汚いです。」,-8.68588900566101,0.0008675450808368623
165,汚い,neutral-negative,stranger,そんなに,宿の入口で、これから泊まる客に、部屋がどれくらい汚いか聞かれ、大輔は答えます。「お部屋、そんなに汚いです。」,-7.4803760051727295,0.002896274207159877
165,汚い,neutral-negative,stranger,たいして,宿の入口で、これから泊まる客に、部屋がどれくらい汚いか聞かれ、大輔は答えます。「お部屋、たいして汚いです。」,-11.002055406570435,8.558427362004295e-05
165,汚い,neutral-negative,stranger,だいぶ,宿の入口で、これから泊まる客に、部屋がどれくらい汚いか聞かれ、大輔は答えます。「お部屋、だいぶ汚いです。」,-8.387477848445997,0.0011692044790834188
165,汚い,neutral-negative,stranger,ちっとも,宿の入口で、これから泊まる客に、部屋がどれくらい汚いか聞かれ、大輔は答えます。「お部屋、ちっとも汚いです。」,-16.1237553358078,5.105851528242056e-07
165,汚い,neutral-negative,stranger,ちょっと,宿の入口で、これから泊まる客に、部屋がどれくらい汚いか聞かれ、大輔は答えます。「お部屋、ちょっと汚いです。」,-4.407156705856323,0.06259242445230484
165,汚い,neutral-negative,stranger,とても,宿の入口で、これから泊まる客に、部屋がどれくらい汚いか聞かれ、大輔は答えます。「お部屋、とても汚いです。」,-2.896773099899292,0.28344783186912537
165,汚い,neutral-negative,stranger,なかなか,宿の入口で、これから泊まる客に、部屋がどれくらい汚いか聞かれ、大輔は答えます。「お部屋、なかなか汚いです。」,-7.02435564994812,0.004569690674543381
165,汚い,neutral-negative,stranger,（なし）,宿の入口で、これから泊まる客に、部屋がどれくらい汚いか聞かれ、大輔は答えます。「お部屋、（なし）汚いです。」,-22.364916801452637,9.944089995883587e-10
165,汚い,neutral-negative,stranger,ひどく,宿の入口で、これから泊まる客に、部屋がどれくらい汚いか聞かれ、大輔は答えます。「お部屋、ひどく汚いです。」,-12.5260648727417,1.8643393559614196e-05
165,汚い,neutral-negative,stranger,まあまあ,宿の入口で、これから泊まる客に、部屋がどれくらい汚いか聞かれ、大輔は答えます。「お部屋、まあまあ汚いです。」,-8.896482944488525,0.0007028013351373374
165,汚い,neutral-negative,stranger,マジで,宿の入口で、これから泊まる客に、部屋がどれくらい汚いか聞かれ、大輔は答えます。「お部屋、マジで汚いです。」,-9.942668735980988,0.00024687638506293297
165,汚い,neutral-negative,stranger,めっちゃ,宿の入口で、これから泊まる客に、部屋がどれくらい汚いか聞かれ、大輔は答えます。「お部屋、めっちゃ汚いです。」,-8.669941820204258,0.0008814909961074591
165,汚い,neutral-negative,stranger,やや,宿の入口で、これから泊まる客に、部屋がどれくらい汚いか聞かれ、大輔は答えます。「お部屋、やや汚いです。」,-10.106436550617218,0.00020958302775397897
165,汚い,neutral-negative,stranger,結構,宿の入口で、これから泊まる客に、部屋がどれくらい汚いか聞かれ、大輔は答えます。「お部屋、結構汚いです。」,-4.923773527145386,0.03733859211206436
165,汚い,neutral-negative,stranger,若干,宿の入口で、これから泊まる客に、部屋がどれくらい汚いか聞かれ、大輔は答えます。「お部屋、若干汚いです。」,-8.55191683769226,0.0009919172152876854
165,汚い,neutral-negative,stranger,少し,宿の入口で、これから泊まる客に、部屋がどれくらい汚いか聞かれ、大輔は答えます。「お部屋、少し汚いです。」,-5.4544665813446045,0.021962452679872513
165,汚い,neutral-negative,stranger,少しも,宿の入口で、これから泊まる客に、部屋がどれくらい汚いか聞かれ、大輔は答えます。「お部屋、少しも汚いです。」,-10.238818645477295,0.00018359597015660256
165,汚い,neutral-negative,stranger,全然,宿の入口で、これから泊まる客に、部屋がどれくらい汚いか聞かれ、大輔は答えます。「お部屋、全然汚いです。」,-7.8890979290008545,0.0019245713483542204
165,汚い,neutral-negative,stranger,相当,宿の入口で、これから泊まる客に、部屋がどれくらい汚いか聞かれ、大輔は答えます。「お部屋、相当汚いです。」,-4.860159635543823,0.03979102149605751
165,汚い,neutral-negative,stranger,超,宿の入口で、これから泊まる客に、部屋がどれくらい汚いか聞かれ、大輔は答えます。「お部屋、超汚いです。」,-7.251517057418823,0.003641093848273158
165,汚い,neutral-negative,stranger,非常に,宿の入口で、これから泊まる客に、部屋がどれくらい汚いか聞かれ、大輔は答えます。「お部屋、非常に汚いです。」,-4.894240140914917,0.03845777362585068
165,汚い,neutral-negative,stranger,微妙に,宿の入口で、これから泊まる客に、部屋がどれくらい汚いか聞かれ、大輔は答えます。「お部屋、微妙に汚いです。」,-8.641135532408953,0.0009072531247511506
165,汚い,neutral-negative,stranger,普通に,宿の入口で、これから泊まる客に、部屋がどれくらい汚いか聞かれ、大輔は答えます。「お部屋、普通に汚いです。」,-8.55295443534851,0.0009908884530887008
165,汚い,neutral-negative,stranger,本当に,宿の入口で、これから泊まる客に、部屋がどれくらい汚いか聞かれ、大輔は答えます。「お部屋、本当に汚いです。」,-3.54040789604187,0.14891763031482697
165,汚い,neutral-negative,stranger,全く,宿の入口で、これから泊まる客に、部屋がどれくらい汚いか聞かれ、大輔は答えます。「お部屋、全く汚いです。」,-9.287264585494995,0.00047546435962431133
166,汚い,annoyed,stranger,あまり,出張で泊まったホテルの部屋は、床に髪が落ち、水回りに汚れが残っていました。長い移動の後で苛立った大輔は、フロントに行って言います。「部屋があまり汚いんですけど、清掃していただけますか？」,-6.376874208450317,0.011636973358690739
166,汚い,annoyed,stranger,いまいち,出張で泊まったホテルの部屋は、床に髪が落ち、水回りに汚れが残っていました。長い移動の後で苛立った大輔は、フロントに行って言います。「部屋がいまいち汚いんですけど、清掃していただけますか？」,-10.232707023620605,0.00024619148462079465
166,汚い,annoyed,stranger,かなり,出張で泊まったホテルの部屋は、床に髪が落ち、水回りに汚れが残っていました。長い移動の後で苛立った大輔は、フロントに行って言います。「部屋がかなり汚いんですけど、清掃していただけますか？」,-4.161336421966553,0.1066683977842331
166,汚い,annoyed,stranger,すごく,出張で泊まったホテルの部屋は、床に髪が落ち、水回りに汚れが残っていました。長い移動の後で苛立った大輔は、フロントに行って言います。「部屋がすごく汚いんですけど、清掃していただけますか？」,-3.4048285484313965,0.22729137539863586
166,汚い,annoyed,stranger,そこまで,出張で泊まったホテルの部屋は、床に髪が落ち、水回りに汚れが残っていました。長い移動の後で苛立った大輔は、フロントに行って言います。「部屋がそこまで汚いんですけど、清掃していただけますか？」,-9.551583528518677,0.0004864982620347291
166,汚い,annoyed,stranger,それほど,出張で泊まったホテルの部屋は、床に髪が落ち、水回りに汚れが残っていました。長い移動の後で苛立った大輔は、フロントに行って言います。「部屋がそれほど汚いんですけど、清掃していただけますか？」,-9.387410402297974,0.0005732984864152968
166,汚い,annoyed,stranger,そんなに,出張で泊まったホテルの部屋は、床に髪が落ち、水回りに汚れが残っていました。長い移動の後で苛立った大輔は、フロントに行って言います。「部屋がそんなに汚いんですけど、清掃していただけますか？」,-7.312047243118286,0.004567720927298069
166,汚い,annoyed,stranger,たいして,出張で泊まったホテルの部屋は、床に髪が落ち、水回りに汚れが残っていました。長い移動の後で苛立った大輔は、フロントに行って言います。「部屋がたいして汚いんですけど、清掃していただけますか？」,-11.194581747055054,9.40883910516277e-05
166,汚い,annoyed,stranger,だいぶ,出張で泊まったホテルの部屋は、床に髪が落ち、水回りに汚れが残っていました。長い移動の後で苛立った大輔は、フロントに行って言います。「部屋がだいぶ汚いんですけど、清掃していただけますか？」,-9.602676612790674,0.00046226585982367396
166,汚い,annoyed,stranger,ちっとも,出張で泊まったホテルの部屋は、床に髪が落ち、水回りに汚れが残っていました。長い移動の後で苛立った大輔は、フロントに行って言います。「部屋がちっとも汚いんですけど、清掃していただけますか？」,-17.63000738620758,1.508921911863581e-07
166,汚い,annoyed,stranger,ちょっと,出張で泊まったホテルの部屋は、床に髪が落ち、水回りに汚れが残っていました。長い移動の後で苛立った大輔は、フロントに行って言います。「部屋がちょっと汚いんですけど、清掃していただけますか？」,-4.111062526702881,0.11216811835765839
166,汚い,annoyed,stranger,とても,出張で泊まったホテルの部屋は、床に髪が落ち、水回りに汚れが残っていました。長い移動の後で苛立った大輔は、フロントに行って言います。「部屋がとても汚いんですけど、清掃していただけますか？」,-3.482247829437256,0.21035856008529663
166,汚い,annoyed,stranger,なかなか,出張で泊まったホテルの部屋は、床に髪が落ち、水回りに汚れが残っていました。長い移動の後で苛立った大輔は、フロントに行って言います。「部屋がなかなか汚いんですけど、清掃していただけますか？」,-7.069352388381958,0.005822380539029837
166,汚い,annoyed,stranger,（なし）,出張で泊まったホテルの部屋は、床に髪が落ち、水回りに汚れが残っていました。長い移動の後で苛立った大輔は、フロントに行って言います。「部屋が（なし）汚いんですけど、清掃していただけますか？」,-26.951468467712402,1.350227568641671e-11
166,汚い,annoyed,stranger,ひどく,出張で泊まったホテルの部屋は、床に髪が落ち、水回りに汚れが残っていました。長い移動の後で苛立った大輔は、フロントに行って言います。「部屋がひどく汚いんですけど、清掃していただけますか？」,-10.889088749885559,0.00012770564353559166
166,汚い,annoyed,stranger,まあまあ,出張で泊まったホテルの部屋は、床に髪が落ち、水回りに汚れが残っていました。長い移動の後で苛立った大輔は、フロントに行って言います。「部屋がまあまあ汚いんですけど、清掃していただけますか？」,-9.952390424907207,0.00032584634027443826
166,汚い,annoyed,stranger,マジで,出張で泊まったホテルの部屋は、床に髪が落ち、水回りに汚れが残っていました。長い移動の後で苛立った大輔は、フロントに行って言います。「部屋がマジで汚いんですけど、清掃していただけますか？」,-11.20848824083805,9.278900688514113e-05
166,汚い,annoyed,stranger,めっちゃ,出張で泊まったホテルの部屋は、床に髪が落ち、水回りに汚れが残っていました。長い移動の後で苛立った大輔は、フロントに行って言います。「部屋がめっちゃ汚いんですけど、清掃していただけますか？」,-9.210500285029411,0.0006842448492534459
166,汚い,annoyed,stranger,やや,出張で泊まったホテルの部屋は、床に髪が落ち、水回りに汚れが残っていました。長い移動の後で苛立った大輔は、フロントに行って言います。「部屋がやや汚いんですけど、清掃していただけますか？」,-9.068522721529007,0.0007886275416240096
166,汚い,annoyed,stranger,結構,出張で泊まったホテルの部屋は、床に髪が落ち、水回りに汚れが残っていました。長い移動の後で苛立った大輔は、フロントに行って言います。「部屋が結構汚いんですけど、清掃していただけますか？」,-4.744954586029053,0.05950775742530823
166,汚い,annoyed,stranger,若干,出張で泊まったホテルの部屋は、床に髪が落ち、水回りに汚れが残っていました。長い移動の後で苛立った大輔は、フロントに行って言います。「部屋が若干汚いんですけど、清掃していただけますか？」,-7.862046480178833,0.002635347656905651
166,汚い,annoyed,stranger,少し,出張で泊まったホテルの部屋は、床に髪が落ち、水回りに汚れが残っていました。長い移動の後で苛立った大輔は、フロントに行って言います。「部屋が少し汚いんですけど、清掃していただけますか？」,-5.084329128265381,0.04238235950469971
166,汚い,annoyed,stranger,少しも,出張で泊まったホテルの部屋は、床に髪が落ち、水回りに汚れが残っていました。長い移動の後で苛立った大輔は、フロントに行って言います。「部屋が少しも汚いんですけど、清掃していただけますか？」,-11.889808654785156,4.6946490328991786e-05
166,汚い,annoyed,stranger,全然,出張で泊まったホテルの部屋は、床に髪が落ち、水回りに汚れが残っていました。長い移動の後で苛立った大輔は、フロントに行って言います。「部屋が全然汚いんですけど、清掃していただけますか？」,-8.013283967971802,0.0022654596250504255
166,汚い,annoyed,stranger,相当,出張で泊まったホテルの部屋は、床に髪が落ち、水回りに汚れが残っていました。長い移動の後で苛立った大輔は、フロントに行って言います。「部屋が相当汚いんですけど、清掃していただけますか？」,-5.706456422805786,0.022750910371541977
166,汚い,annoyed,stranger,超,出張で泊まったホテルの部屋は、床に髪が落ち、水回りに汚れが残っていました。長い移動の後で苛立った大輔は、フロントに行って言います。「部屋が超汚いんですけど、清掃していただけますか？」,-6.462437868118286,0.01068267971277237
166,汚い,annoyed,stranger,非常に,出張で泊まったホテルの部屋は、床に髪が落ち、水回りに汚れが残っていました。長い移動の後で苛立った大輔は、フロントに行って言います。「部屋が非常に汚いんですけど、清掃していただけますか？」,-5.414632081985474,0.030460461974143982
166,汚い,annoyed,stranger,微妙に,出張で泊まったホテルの部屋は、床に髪が落ち、水回りに汚れが残っていました。長い移動の後で苛立った大輔は、フロントに行って言います。「部屋が微妙に汚いんですけど、清掃していただけますか？」,-9.59144513309002,0.0004674870287999511
166,汚い,annoyed,stranger,普通に,出張で泊まったホテルの部屋は、床に髪が落ち、水回りに汚れが残っていました。長い移動の後で苛立った大輔は、フロントに行って言います。「部屋が普通に汚いんですけど、清掃していただけますか？」,-9.020917177200317,0.0008270785328932106
166,汚い,annoyed,stranger,本当に,出張で泊まったホテルの部屋は、床に髪が落ち、水回りに汚れが残っていました。長い移動の後で苛立った大輔は、フロントに行って言います。「部屋が本当に汚いんですけど、清掃していただけますか？」,-3.852151393890381,0.14531590044498444
166,汚い,annoyed,stranger,全く,出張で泊まったホテルの部屋は、床に髪が落ち、水回りに汚れが残っていました。長い移動の後で苛立った大輔は、フロントに行って言います。「部屋が全く汚いんですけど、清掃していただけますか？」,-10.16867184638977,0.00026247213827446103
167,汚い,encouraging,stranger,あまり,泊まっているホテルのフロント係が、清掃が行き届いていなかったことを何度も謝ってくるので、大輔は励まします。「お部屋、あまり汚くないですよ。軽く拭いたら気にならなくなりました。」,-5.574218511581421,0.31605616211891174
167,汚い,encouraging,stranger,いまいち,泊まっているホテルのフロント係が、清掃が行き届いていなかったことを何度も謝ってくるので、大輔は励まします。「お部屋、いまいち汚くないですよ。軽く拭いたら気にならなくなりました。」,-12.818929314613342,0.00022564528626389802
167,汚い,encouraging,stranger,かなり,泊まっているホテルのフロント係が、清掃が行き届いていなかったことを何度も謝ってくるので、大輔は励まします。「お部屋、かなり汚くないですよ。軽く拭いたら気にならなくなりました。」,-10.453662633895874,0.0024024180602282286
167,汚い,encouraging,stranger,すごく,泊まっているホテルのフロント係が、清掃が行き届いていなかったことを何度も謝ってくるので、大輔は励まします。「お部屋、すごく汚くないですよ。軽く拭いたら気にならなくなりました。」,-8.819560766220093,0.012312039732933044
167,汚い,encouraging,stranger,そこまで,泊まっているホテルのフロント係が、清掃が行き届いていなかったことを何度も謝ってくるので、大輔は励まします。「お部屋、そこまで汚くないですよ。軽く拭いたら気にならなくなりました。」,-8.835250616073608,0.012120372615754604
167,汚い,encouraging,stranger,それほど,泊まっているホテルのフロント係が、清掃が行き届いていなかったことを何度も謝ってくるので、大輔は励まします。「お部屋、それほど汚くないですよ。軽く拭いたら気にならなくなりました。」,-7.765472173690796,0.03532765805721283
167,汚い,encouraging,stranger,そんなに,泊まっているホテルのフロント係が、清掃が行き届いていなかったことを何度も謝ってくるので、大輔は励まします。「お部屋、そんなに汚くないですよ。軽く拭いたら気にならなくなりました。」,-5.316863775253296,0.40881985425949097
167,汚い,encouraging,stranger,たいして,泊まっているホテルのフロント係が、清掃が行き届いていなかったことを何度も謝ってくるので、大輔は励まします。「お部屋、たいして汚くないですよ。軽く拭いたら気にならなくなりました。」,-14.155637383460999,5.927906386204995e-05
167,汚い,encouraging,stranger,だいぶ,泊まっているホテルのフロント係が、清掃が行き届いていなかったことを何度も謝ってくるので、大輔は励まします。「お部屋、だいぶ汚くないですよ。軽く拭いたら気にならなくなりました。」,-12.297349067404866,0.0003801420098170638
167,汚い,encouraging,stranger,ちっとも,泊まっているホテルのフロント係が、清掃が行き届いていなかったことを何度も謝ってくるので、大輔は励まします。「お部屋、ちっとも汚くないですよ。軽く拭いたら気にならなくなりました。」,-17.95770236849785,1.3233828894954058e-06
167,汚い,encouraging,stranger,ちょっと,泊まっているホテルのフロント係が、清掃が行き届いていなかったことを何度も謝ってくるので、大輔は励まします。「お部屋、ちょっと汚くないですよ。軽く拭いたら気にならなくなりました。」,-9.471385717391968,0.006415729410946369
167,汚い,encouraging,stranger,とても,泊まっているホテルのフロント係が、清掃が行き届いていなかったことを何度も謝ってくるので、大輔は励まします。「お部屋、とても汚くないですよ。軽く拭いたら気にならなくなりました。」,-7.739238500595093,0.03626669570803642
167,汚い,encouraging,stranger,なかなか,泊まっているホテルのフロント係が、清掃が行き届いていなかったことを何度も謝ってくるので、大輔は励まします。「お部屋、なかなか汚くないですよ。軽く拭いたら気にならなくなりました。」,-8.547282934188843,0.01616511307656765
167,汚い,encouraging,stranger,（なし）,泊まっているホテルのフロント係が、清掃が行き届いていなかったことを何度も謝ってくるので、大輔は励まします。「お部屋、（なし）汚くないですよ。軽く拭いたら気にならなくなりました。」,-28.15412473678589,4.936685435441568e-11
167,汚い,encouraging,stranger,ひどく,泊まっているホテルのフロント係が、清掃が行き届いていなかったことを何度も謝ってくるので、大輔は励まします。「お部屋、ひどく汚くないですよ。軽く拭いたら気にならなくなりました。」,-15.59848028421402,1.4004990589455701e-05
167,汚い,encouraging,stranger,まあまあ,泊まっているホテルのフロント係が、清掃が行き届いていなかったことを何度も謝ってくるので、大輔は励まします。「お部屋、まあまあ汚くないですよ。軽く拭いたら気にならなくなりました。」,-12.551264524459839,0.0002948978799395263
167,汚い,encouraging,stranger,マジで,泊まっているホテルのフロント係が、清掃が行き届いていなかったことを何度も謝ってくるので、大輔は励まします。「お部屋、マジで汚くないですよ。軽く拭いたら気にならなくなりました。」,-14.075099602341652,6.425078754546121e-05
167,汚い,encouraging,stranger,めっちゃ,泊まっているホテルのフロント係が、清掃が行き届いていなかったことを何度も謝ってくるので、大輔は励まします。「お部屋、めっちゃ汚くないですよ。軽く拭いたら気にならなくなりました。」,-12.923605348914862,0.00020321994088590145
167,汚い,encouraging,stranger,やや,泊まっているホテルのフロント係が、清掃が行き届いていなかったことを何度も謝ってくるので、大輔は励まします。「お部屋、やや汚くないですよ。軽く拭いたら気にならなくなりました。」,-15.570389986038208,1.4403975001187064e-05
167,汚い,encouraging,stranger,結構,泊まっているホテルのフロント係が、清掃が行き届いていなかったことを何度も謝ってくるので、大輔は励まします。「お部屋、結構汚くないですよ。軽く拭いたら気にならなくなりました。」,-10.84941840171814,0.0016172383911907673
167,汚い,encouraging,stranger,若干,泊まっているホテルのフロント係が、清掃が行き届いていなかったことを何度も謝ってくるので、大輔は励まします。「お部屋、若干汚くないですよ。軽く拭いたら気にならなくなりました。」,-14.667335271835327,3.553643182385713e-05
167,汚い,encouraging,stranger,少し,泊まっているホテルのフロント係が、清掃が行き届いていなかったことを何度も謝ってくるので、大輔は励まします。「お部屋、少し汚くないですよ。軽く拭いたら気にならなくなりました。」,-11.502780675888062,0.0008414385956712067
167,汚い,encouraging,stranger,少しも,泊まっているホテルのフロント係が、清掃が行き届いていなかったことを何度も謝ってくるので、大輔は励まします。「お部屋、少しも汚くないですよ。軽く拭いたら気にならなくなりました。」,-12.818527936935425,0.00022573591559194028
167,汚い,encouraging,stranger,全然,泊まっているホテルのフロント係が、清掃が行き届いていなかったことを何度も謝ってくるので、大輔は励まします。「お部屋、全然汚くないですよ。軽く拭いたら気にならなくなりました。」,-6.573497533798218,0.11635441333055496
167,汚い,encouraging,stranger,相当,泊まっているホテルのフロント係が、清掃が行き届いていなかったことを何度も謝ってくるので、大輔は励まします。「お部屋、相当汚くないですよ。軽く拭いたら気にならなくなりました。」,-10.844463109970093,0.001625272212550044
167,汚い,encouraging,stranger,超,泊まっているホテルのフロント係が、清掃が行き届いていなかったことを何度も謝ってくるので、大輔は励まします。「お部屋、超汚くないですよ。軽く拭いたら気にならなくなりました。」,-11.776592016220093,0.0006398934056051075
167,汚い,encouraging,stranger,非常に,泊まっているホテルのフロント係が、清掃が行き届いていなかったことを何度も謝ってくるので、大輔は励まします。「お部屋、非常に汚くないですよ。軽く拭いたら気にならなくなりました。」,-11.720996618270874,0.0006764760473743081
167,汚い,encouraging,stranger,微妙に,泊まっているホテルのフロント係が、清掃が行き届いていなかったことを何度も謝ってくるので、大輔は励まします。「お部屋、微妙に汚くないですよ。軽く拭いたら気にならなくなりました。」,-13.553462222218513,0.00010824875789694488
167,汚い,encouraging,stranger,普通に,泊まっているホテルのフロント係が、清掃が行き届いていなかったことを何度も謝ってくるので、大輔は励まします。「お部屋、普通に汚くないですよ。軽く拭いたら気にならなくなりました。」,-12.937881231307983,0.00020033928740303963
167,汚い,encouraging,stranger,本当に,泊まっているホテルのフロント係が、清掃が行き届いていなかったことを何度も謝ってくるので、大輔は励まします。「お部屋、本当に汚くないですよ。軽く拭いたら気にならなくなりました。」,-8.180591344833374,0.023325497284531593
167,汚い,encouraging,stranger,全く,泊まっているホテルのフロント係が、清掃が行き届いていなかったことを何度も謝ってくるので、大輔は励まします。「お部屋、全く汚くないですよ。軽く拭いたら気にならなくなりました。」,-9.35512900352478,0.007206687703728676
